Source,Target,artistName,trackName,msPlayed,endTime
Indie Rock,2. Martes,Arctic Monkeys,Brick By Brick,7603,2025-08-19 19:46:00
Indie Pop,3. Miércoles,MissLupe,Nuestros Besos,63466,2025-08-20 12:09:00
Indie Pop,4. Jueves,Axel Fiks,Mili,180389,2025-08-21 23:03:00
Indie Rock,4. Jueves,Arcade Fire,Everything Now (Todo Ya) - Remix por Bomba Estéreo,3113,2025-08-21 23:24:00
Rock Argentino,4. Jueves,Soda Stereo,Pasos - MTV Unplugged,2182,2025-08-21 23:24:00
Indie Pop,4. Jueves,Ainda,Maremagnum,3453,2025-08-21 23:24:00
Indie Pop,4. Jueves,Los Besos,Mi postura,196162,2025-08-21 23:27:00
Indie Folk,4. Jueves,Feli Colina,Susurrito,2810,2025-08-21 23:31:00
Rock Argentino,4. Jueves,Gustavo Cerati,Sulky,265690,2025-08-21 23:31:00
Indie Pop,4. Jueves,Lara Pedrosa,Melodía de Extrañar.,3827,2025-08-21 23:32:00
Rock Argentino,4. Jueves,Luis Alberto Spinetta,Será Que La Canción Llegó Hasta El Sol,201800,2025-08-21 23:35:00
Indie Rock,4. Jueves,Arcade Fire,Unconditional I (Lookout Kid),273693,2025-08-21 23:40:00
Indie Rock,5. Viernes,Las Ligas Menores,Todo Lo Que Pienso Hoy,2626,2025-08-22 00:01:00
Rock Argentino,6. Sábado,Los Piojos,Sudestada,28062,2025-08-23 00:31:00
Indie Rock,6. Sábado,XENEZE,When i Wake,32533,2025-08-23 00:31:00
Urbano Latino,6. Sábado,Bad Bunny,NUEVAYoL,39426,2025-08-23 12:08:00
Rock Argentino,6. Sábado,Fito Paez,Solo La La La,7315,2025-08-23 14:10:00
Rock Argentino,6. Sábado,Pescado Rabioso,"A Starosta, el Idiota",49044,2025-08-23 14:17:00
Indie Rock,6. Sábado,Usted Señalemelo,"Nena, dime algo.",156738,2025-08-23 14:20:00
Indie Pop,6. Sábado,Los Mundos Posibles,La Guerra del Japón,170326,2025-08-23 14:23:00
Indie Pop,6. Sábado,Los Besos,Chica de los trenes,202250,2025-08-23 14:31:00
Indie Rock,6. Sábado,Suarez,Porvenir,223706,2025-08-23 14:35:00
Indie Folk,6. Sábado,José González,Head On,285386,2025-08-23 14:43:00
Indie Folk,6. Sábado,Kevin Kaarl,Vámonos a Marte,179094,2025-08-23 14:46:00
Rock Argentino,6. Sábado,Babasonicos,Soy Rock,9817,2025-08-23 20:59:00
Indie Rock,6. Sábado,Mora y los Metegoles,Adscriptos,4612,2025-08-23 21:00:00
Indie Rock,6. Sábado,El Mató a un Policía Motorizado,El Magnetismo,2220,2025-08-23 21:00:00
Indie Pop,6. Sábado,Los Besos,La Cascada de Tu Pelo Enredado,2463,2025-08-23 21:03:00
Indie Rock,6. Sábado,Santiago Motorizado,Google Maps,30713,2025-08-23 21:31:00
Indie Rock,6. Sábado,Usted Señalemelo,Nuevo Comienzo,0,2025-08-23 21:31:00
Indie Rock,6. Sábado,Usted Señalemelo,Gandalf,226776,2025-08-23 21:31:00
Indie Rock,6. Sábado,El Mató a un Policía Motorizado,Terrorismo en la Copa del Mundo,6196,2025-08-23 21:35:00
Indie Rock,6. Sábado,Viva Elastico,Rebeldía y Swing,7491,2025-08-23 21:43:00
Indie Folk,6. Sábado,San Pedro Bonfim,Corazón de guagua,191320,2025-08-23 21:43:00
Rock Argentino,6. Sábado,Los Piojos,Murguita,212040,2025-08-23 21:47:00
Rock Argentino,6. Sábado,Fito Paez,Lo que el viento nunca se llevó,51058,2025-08-23 21:48:00
Rock Argentino,6. Sábado,Bersuit Vergarabat,Danza De Los Muertos Pobres - Live In Buenos Aires / 2001,27071,2025-08-23 21:48:00
Indie Pop,6. Sábado,Ainda,Jacinta,19468,2025-08-23 21:52:00
Indie Pop,6. Sábado,Ainda,Chacarera del Mono,135323,2025-08-23 21:54:00
Indie Pop,6. Sábado,Ainda,Para Viajar,169231,2025-08-23 21:57:00
Indie Pop,6. Sábado,Ainda,Pájaro Alma,231197,2025-08-23 22:01:00
Indie Pop,6. Sábado,Ainda,Llorando Fuerte,213287,2025-08-23 22:04:00
Indie Pop,6. Sábado,Ainda,Ser la Luz,212561,2025-08-23 22:08:00
Indie Pop,6. Sábado,Ainda,No Me Quiero Olvidar de Vos,202728,2025-08-23 22:11:00
Indie Pop,6. Sábado,Ainda,Chacarera del Mono,135344,2025-08-23 22:14:00
Indie Pop,6. Sábado,Ainda,Para Viajar,297589,2025-08-23 22:19:00
Indie Pop,6. Sábado,Ainda,La Escalera,12527,2025-08-23 22:28:00
Indie Pop,6. Sábado,Ainda,KILÓMETROS,10053,2025-08-23 22:32:00
Indie Rock,7. Domingo,Arcade Fire,Everything Now (Todo Ya) - Remix por Bomba Estéreo,2914,2025-08-24 12:15:00
Rock Argentino,7. Domingo,Babasonicos,Anubis,1831,2025-08-24 12:19:00
Indie Pop,7. Domingo,The Smiths,Ask - 2011 Remaster,2214,2025-08-24 12:19:00
Rock Argentino,7. Domingo,Marilina Bertoldi,EL GORDO,3114,2025-08-24 12:19:00
Rock Argentino,7. Domingo,Fito Paez,Solo La La La,2414,2025-08-24 12:19:00
Rock Argentino,7. Domingo,Pescado Rabioso,Como el Viento Voy a Ver,2398,2025-08-24 12:19:00
Rock Argentino,7. Domingo,Babasonicos,Trinchera,3740,2025-08-24 12:19:00
Rock Argentino,7. Domingo,Charly García,Filosofía Barata y Zapatos de Goma,1898,2025-08-24 12:19:00
Rock Argentino,7. Domingo,Charly García,Canción De Dos Por Tres,3104,2025-08-24 12:19:00
Rock Argentino,7. Domingo,Pescado Rabioso,Credulidad,1677,2025-08-24 12:19:00
Rock Argentino,7. Domingo,La Renga,Psilosibe Mexicana,11870,2025-08-24 12:22:00
Rock Argentino,7. Domingo,Charly García,Adela en el Carrousell,1974,2025-08-24 12:22:00
Urbano Latino,7. Domingo,Trueno,Sangría - con WOS,2100,2025-08-24 12:23:00
Indie Folk,7. Domingo,José González,El Invento,153413,2025-08-24 12:25:00
Rock Argentino,7. Domingo,Luis Alberto Spinetta,La Bengala Perdida,1976,2025-08-24 14:04:00
Indie Folk,7. Domingo,The Lumineers,Patience,20072,2025-08-24 14:05:00
Indie Rock,7. Domingo,Vampire Weekend,A-Punk,2230,2025-08-24 14:09:00
Rock Argentino,7. Domingo,Las Pelotas,Bombachitas Rosas,210026,2025-08-24 14:09:00
Indie Rock,7. Domingo,XENEZE,When i Wake,8487,2025-08-24 14:09:00
Indie Pop,7. Domingo,Luca Bocci,Paraíso Corazón,174357,2025-08-24 14:32:00
Urbano Latino,1. Lunes,Bad Bunny,BAILE INoLVIDABLE,77120,2025-08-25 12:13:00
Indie Rock,1. Lunes,Usted Señalemelo,Las Flores Sangran,82,2025-08-25 14:10:00
Rock Argentino,1. Lunes,Bersuit Vergarabat,De La Cabeza - Live In Buenos Aires / 2001,19576,2025-08-25 15:48:00
Rock Argentino,1. Lunes,Bersuit Vergarabat,La Bolsa,15480,2025-08-25 15:49:00
Rock Argentino,1. Lunes,Bersuit Vergarabat,Sr. Cobranza,259066,2025-08-25 15:53:00
Rock Argentino,1. Lunes,Bersuit Vergarabat,Vuelos,81786,2025-08-25 15:54:00
Urbano Latino,1. Lunes,Dillom,Ciudad de la Paz,6506,2025-08-25 22:41:00
Rock Argentino,1. Lunes,Charly García,Cuchillos,269066,2025-08-25 22:46:00
Rock Argentino,1. Lunes,Los Piojos,Sudestada,241746,2025-08-25 22:50:00
Indie Rock,2. Martes,Mora y los Metegoles,Adscriptos,123018,2025-08-26 23:19:00
Rock Argentino,2. Martes,Indio Solari,"El Ruiseñor, el Amor y la Muerte",310173,2025-08-26 23:35:00
Rock Argentino,2. Martes,Sui Generis,Botas Locas,294733,2025-08-26 23:40:00
Rock Argentino,3. Miércoles,Marilina Bertoldi,Chicas Malas,11690,2025-08-27 23:07:00
Indie Pop,3. Miércoles,Axel Fiks,Ojitos de Md,0,2025-08-27 23:11:00
Rock Argentino,3. Miércoles,Fito Paez,Ambar Violeta,143106,2025-08-27 23:22:00
Rock Argentino,3. Miércoles,Patricio Rey y sus Redonditos de Ricota,Nuestro Amo Juega al Esclavo,239906,2025-08-27 23:38:00
Indie Rock,3. Miércoles,Marina Fages,Tu Modo Amable,193012,2025-08-27 23:41:00
Rock Argentino,3. Miércoles,Los Piojos,Ando Ganas (Llora Llora),343293,2025-08-27 23:51:00
Indie Rock,4. Jueves,Bestia Bebé,El rock and roll pasó de moda,241297,2025-08-28 00:06:00
Indie Rock,4. Jueves,El Mató a un Policía Motorizado,Diamante Roto,181766,2025-08-28 00:09:00
Rock Argentino,4. Jueves,Marilina Bertoldi,Sexo Con Modelos,169653,2025-08-28 00:12:00
Rock Argentino,4. Jueves,Charly García,No Soy Un Extraño,132243,2025-08-28 00:19:00
Indie Rock,4. Jueves,Arcade Fire,The Lightning I,1297,2025-08-28 12:08:00
Rock Argentino,5. Viernes,Pescado Rabioso,Por,2230,2025-08-29 12:41:00
Urbano Latino,6. Sábado,Bad Bunny,Neverita,52442,2025-08-30 12:09:00
Indie Rock,6. Sábado,El Mató a un Policía Motorizado,La Noche Eterna,327739,2025-08-30 14:05:00
Rock Argentino,6. Sábado,Babasonicos,Tormento,215386,2025-08-30 16:12:00
Indie Pop,6. Sábado,Axel Fiks,Fellinesca,134425,2025-08-30 16:18:00
Rock Argentino,6. Sábado,Charly García,Nuevos Trapos,245040,2025-08-30 16:23:00
Indie Rock,6. Sábado,Usted Señalemelo,"Puedo Morir, Puedo Caer",246600,2025-08-30 16:27:00
Indie Pop,6. Sábado,Los Besos,Matemática sentimental,178995,2025-08-30 16:30:00
Rock Argentino,6. Sábado,Miguel Abuelo,Verili,119186,2025-08-30 16:32:00
Rock Argentino,6. Sábado,Miguel Abuelo,Dónde Está la Ternura - Inédito - En Vivo,117454,2025-08-30 16:34:00
Indie Rock,6. Sábado,Suarez,Río Paraná,188639,2025-08-30 16:50:00
Rock Argentino,6. Sábado,Babasonicos,Soy Rock,160063,2025-08-30 16:55:00
Rock Argentino,6. Sábado,Sui Generis,Estación,90973,2025-08-30 18:49:00
Indie Rock,6. Sábado,Julian Casablancas,11th Dimension,243333,2025-08-30 18:53:00
Rock Argentino,6. Sábado,La Renga,Psilosibe Mexicana,201659,2025-08-30 18:56:00
Rock Argentino,6. Sábado,Charly García,Bancate Ese Defecto,294986,2025-08-30 19:01:00
Indie Rock,6. Sábado,Las Ligas Menores,A 1200 Km,229842,2025-08-30 19:08:00
Rock Argentino,6. Sábado,Marilina Bertoldi,En mi,179306,2025-08-30 19:11:00
Indie Pop,6. Sábado,LOUTA,AYER TE VI (feat. Zoe Gotusso),209133,2025-08-30 19:30:00
Indie Pop,6. Sábado,Ainda,Arriba y abajo,243640,2025-08-30 19:47:00
Indie Rock,6. Sábado,El Mató a un Policía Motorizado,Terrorismo en la Copa del Mundo,242880,2025-08-30 19:52:00
Urbano Latino,6. Sábado,Trueno,TIERRA ZANTA,1757,2025-08-30 19:56:00
Urbano Latino,6. Sábado,Dillom,Ciudad de la Paz,227145,2025-08-30 19:56:00
Rock Argentino,6. Sábado,Gustavo Cerati,A Merced,388480,2025-08-30 20:17:00
Indie Folk,6. Sábado,José González,The Void,5053,2025-08-30 20:21:00
Indie Pop,6. Sábado,Lucas Martí,El murgón,94160,2025-08-30 20:23:00
Rock Argentino,6. Sábado,Patricio Rey y sus Redonditos de Ricota,Nuestro Amo Juega al Esclavo,2810,2025-08-30 20:23:00
Urbano Latino,6. Sábado,Trueno,Sangría - con WOS,2228,2025-08-30 20:24:00
Urbano Latino,6. Sábado,Kiddie Gang,Morfina,191448,2025-08-30 20:27:00
Rock Argentino,6. Sábado,Fito Paez,Instant-Taneas,337200,2025-08-30 20:35:00
Rock Argentino,6. Sábado,Charly García,Kurosawa,350866,2025-08-30 20:41:00
Indie Rock,6. Sábado,Mac DeMarco,Moonlight on the River,44251,2025-08-30 21:00:00
Rock Argentino,6. Sábado,Los Piojos,Amor de Perros,263466,2025-08-30 23:04:00
Indie Folk,7. Domingo,José González,Head On,11970,2025-08-31 12:30:00
Indie Rock,7. Domingo,Arctic Monkeys,Body Paint,30433,2025-08-31 14:19:00
Indie Rock,7. Domingo,Arctic Monkeys,Body Paint,49477,2025-08-31 15:55:00
Rock Argentino,7. Domingo,Charly García,Dos Cero Uno,128493,2025-08-31 15:57:00
Rock Argentino,7. Domingo,Serú Girán,Salir De La Melancolía,125733,2025-08-31 16:04:00
Indie Rock,7. Domingo,boygenius,$20,1396,2025-08-31 16:05:00
Rock Argentino,7. Domingo,Charly García,Superhéroes,3722,2025-08-31 16:05:00
Indie Rock,7. Domingo,Usted Señalemelo,F.T,4193,2025-08-31 16:05:00
Indie Pop,7. Domingo,Ainda,NO TE ALEJES,1507,2025-08-31 16:05:00
Indie Rock,7. Domingo,Arcade Fire,Haiti,1280,2025-08-31 16:05:00
Rock Argentino,7. Domingo,Sui Generis,Juan Represión,4681,2025-08-31 16:08:00
Indie Pop,7. Domingo,Isla de Caras,Idiota,2733,2025-08-31 16:08:00
Rock Argentino,7. Domingo,Divididos,Agua En Buenos Aires,325960,2025-08-31 16:14:00
Urbano Latino,1. Lunes,Bad Bunny,Neverita,173119,2025-09-01 22:36:00
Urbano Latino,1. Lunes,Trueno,LO TENGO,167442,2025-09-01 22:44:00
Urbano Latino,1. Lunes,Trueno,Sangría - con WOS,154956,2025-09-01 22:46:00
Indie Rock,1. Lunes,Arcade Fire,WE,232514,2025-09-01 23:05:00
Indie Rock,1. Lunes,Mac DeMarco,Salad Days,145893,2025-09-01 23:11:00
Urbano Latino,1. Lunes,Bad Bunny,Ojitos Lindos,258298,2025-09-01 23:21:00
Urbano Latino,1. Lunes,Bad Bunny,Otro Atardecer,244444,2025-09-01 23:27:00
Urbano Latino,1. Lunes,CA7RIEL & Paco Amoroso,AGUA,100936,2025-09-01 23:33:00
Urbano Latino,1. Lunes,CA7RIEL & Paco Amoroso,DUMBAI,147440,2025-09-01 23:35:00
Urbano Latino,1. Lunes,CA7RIEL & Paco Amoroso,SHEESH,136407,2025-09-01 23:37:00
Urbano Latino,1. Lunes,CA7RIEL & Paco Amoroso,COSAS RICAS,160093,2025-09-01 23:40:00
Rock Argentino,2. Martes,Luis Alberto Spinetta,Halo Lunar,8071,2025-09-02 00:00:00
Indie Pop,2. Martes,Ainda,Arriba y abajo,6300,2025-09-02 00:00:00
Rock Argentino,2. Martes,Serú Girán,Desarma Y Sangra,14123,2025-09-02 00:01:00
Rock Argentino,2. Martes,Babasonicos,Las Demás,160746,2025-09-02 00:03:00
Urbano Latino,2. Martes,Bad Bunny,Neverita,173119,2025-09-02 22:05:00
Urbano Latino,2. Martes,Trueno,Sangría - con WOS,57,2025-09-02 22:06:00
Urbano Latino,2. Martes,Trueno,LO TENGO,40,2025-09-02 22:06:00
Indie Rock,2. Martes,Mac DeMarco,Salad Days,145893,2025-09-02 22:24:00
Urbano Latino,2. Martes,Bad Bunny,Ojitos Lindos,258298,2025-09-02 22:35:00
Urbano Latino,2. Martes,Bad Bunny,Otro Atardecer,244444,2025-09-02 22:39:00
Urbano Latino,2. Martes,CA7RIEL & Paco Amoroso,AGUA,140957,2025-09-02 22:41:00
Urbano Latino,2. Martes,CA7RIEL & Paco Amoroso,DUMBAI,68192,2025-09-02 22:44:00
Urbano Latino,2. Martes,CA7RIEL & Paco Amoroso,SHEESH,136407,2025-09-02 22:46:00
Urbano Latino,2. Martes,CA7RIEL & Paco Amoroso,COSAS RICAS,160093,2025-09-02 22:49:00
Urbano Latino,2. Martes,Trueno,Ñeri,1440,2025-09-02 23:10:00
Urbano Latino,2. Martes,Trueno,DANCE CRIP,2014,2025-09-02 23:10:00
Urbano Latino,2. Martes,Trueno,THE ROOF IS ON FIRE,1861,2025-09-02 23:10:00
Urbano Latino,2. Martes,Trueno,TRANKY FUNKY,106699,2025-09-02 23:10:00
Rock Argentino,2. Martes,Serú Girán,Lo Que Dice La Lluvia,11058,2025-09-02 23:37:00
Rock Argentino,2. Martes,Luis Alberto Spinetta,Vidami,7235,2025-09-02 23:37:00
Indie Pop,2. Martes,Axel Fiks,Ojitos de Md,137052,2025-09-02 23:47:00
Indie Rock,3. Miércoles,Las Ligas Menores,Todo Lo Que Pienso Hoy,165740,2025-09-03 00:00:00
Indie Rock,3. Miércoles,Mac DeMarco,Moonlight on the River,1283,2025-09-03 14:17:00
Rock Argentino,3. Miércoles,Charly García,Víctima,301200,2025-09-03 22:46:00
Indie Pop,3. Miércoles,Los Besos,¿Cómo estás?,175099,2025-09-03 22:51:00
Urbano Latino,3. Miércoles,Bad Bunny,EoO,204058,2025-09-03 23:02:00
Urbano Latino,3. Miércoles,Bad Bunny,NUEVAYoL,1040,2025-09-03 23:03:00
Urbano Latino,3. Miércoles,Bad Bunny,LA MuDANZA,1416,2025-09-03 23:03:00
Urbano Latino,3. Miércoles,Bad Bunny,DtMF,34364,2025-09-03 23:03:00
Urbano Latino,3. Miércoles,Bad Bunny,VOY A LLeVARTE PA PR,155652,2025-09-03 23:06:00
Urbano Latino,3. Miércoles,Bad Bunny,BAILE INoLVIDABLE,366771,2025-09-03 23:12:00
Urbano Latino,3. Miércoles,Bad Bunny,PERFuMITO NUEVO,199879,2025-09-03 23:15:00
Urbano Latino,3. Miércoles,Bad Bunny,WELTiTA,186557,2025-09-03 23:18:00
Urbano Latino,3. Miércoles,Bad Bunny,VeLDÁ,234533,2025-09-03 23:22:00
Urbano Latino,3. Miércoles,Bad Bunny,EL CLúB,56184,2025-09-03 23:24:00
Urbano Latino,3. Miércoles,Bad Bunny,KETU TeCRÉ,27205,2025-09-03 23:24:00
Urbano Latino,3. Miércoles,Bad Bunny,Moscow Mule,245097,2025-09-03 23:28:00
Urbano Latino,3. Miércoles,Bad Bunny,Después de la Playa,229528,2025-09-03 23:32:00
Urbano Latino,3. Miércoles,Bad Bunny,Me Porto Bonito,88300,2025-09-03 23:35:00
Urbano Latino,3. Miércoles,Bad Bunny,Tití Me Preguntó,53242,2025-09-03 23:36:00
Urbano Latino,3. Miércoles,Bad Bunny,Un Ratito,176082,2025-09-03 23:39:00
Urbano Latino,3. Miércoles,Bad Bunny,Yo No Soy Celoso,229961,2025-09-03 23:43:00
Urbano Latino,3. Miércoles,Bad Bunny,Tarot,237076,2025-09-03 23:47:00
Urbano Latino,3. Miércoles,Bad Bunny,Neverita,113887,2025-09-03 23:59:00
Rock Argentino,5. Viernes,Don Cornelio Y La Zona,Tazas De Té Chino - Remastered,16466,2025-09-05 12:08:00
Rock Argentino,5. Viernes,Babasonicos,Soy Rock,1453,2025-09-05 14:24:00
Urbano Latino,5. Viernes,Bad Bunny,Moscow Mule,245100,2025-09-05 23:06:00
Urbano Latino,5. Viernes,Bad Bunny,Después de la Playa,97104,2025-09-05 23:08:00
Urbano Latino,5. Viernes,Bad Bunny,Me Porto Bonito,177768,2025-09-05 23:11:00
Urbano Latino,5. Viernes,Bad Bunny,Neverita,57,2025-09-05 23:13:00
Urbano Latino,5. Viernes,Bad Bunny,La Corriente,13971,2025-09-05 23:13:00
Urbano Latino,5. Viernes,Bad Bunny,Un Ratito,86,2025-09-05 23:13:00
Urbano Latino,5. Viernes,Bad Bunny,Tití Me Preguntó,95919,2025-09-05 23:13:00
Urbano Latino,5. Viernes,Bad Bunny,Tarot,17914,2025-09-05 23:13:00
Urbano Latino,5. Viernes,Bad Bunny,Yo No Soy Celoso,53,2025-09-05 23:13:00
Urbano Latino,5. Viernes,Bad Bunny,Efecto,194597,2025-09-05 23:16:00
Urbano Latino,5. Viernes,Bad Bunny,Party,226773,2025-09-05 23:20:00
Urbano Latino,5. Viernes,Bad Bunny,Aguacero,210193,2025-09-05 23:24:00
Urbano Latino,5. Viernes,Bad Bunny,Enséñame a Bailar,175073,2025-09-05 23:27:00
Urbano Latino,5. Viernes,Bad Bunny,Dos Mil 16,27320,2025-09-05 23:31:00
Urbano Latino,5. Viernes,Bad Bunny,Ojitos Lindos,257452,2025-09-05 23:31:00
Urbano Latino,5. Viernes,Bad Bunny,El Apagón,200927,2025-09-05 23:35:00
Urbano Latino,5. Viernes,Bad Bunny,Otro Atardecer,243346,2025-09-05 23:39:00
Urbano Latino,5. Viernes,Bad Bunny,Un Coco,195600,2025-09-05 23:42:00
Urbano Latino,5. Viernes,Bad Bunny,Andrea,127923,2025-09-05 23:44:00
Urbano Latino,5. Viernes,Bad Bunny,Me Fui de Vacaciones,31194,2025-09-05 23:45:00
Urbano Latino,5. Viernes,Bad Bunny,Un Verano Sin Ti,147287,2025-09-05 23:47:00
Urbano Latino,5. Viernes,Bad Bunny,Agosto,53270,2025-09-05 23:53:00
Urbano Latino,6. Sábado,Bad Bunny,Tarot,10129,2025-09-06 17:32:00
Urbano Latino,6. Sábado,Bad Bunny,Yo No Soy Celoso,229752,2025-09-06 17:32:00
Urbano Latino,6. Sábado,Bad Bunny,Me Porto Bonito,44026,2025-09-06 17:33:00
Urbano Latino,6. Sábado,Bad Bunny,Neverita,2471,2025-09-06 17:35:00
Urbano Latino,6. Sábado,Bad Bunny,Un Ratito,113997,2025-09-06 17:35:00
Urbano Latino,6. Sábado,Bad Bunny,Tarot,1892,2025-09-06 17:35:00
Urbano Latino,6. Sábado,Bad Bunny,Yo No Soy Celoso,1798,2025-09-06 17:35:00
Urbano Latino,6. Sábado,Bad Bunny,La Corriente,98741,2025-09-06 17:37:00
Urbano Latino,6. Sábado,Bad Bunny,Efecto,52222,2025-09-06 17:38:00
Urbano Latino,6. Sábado,Bad Bunny,Party,4578,2025-09-06 17:38:00
Urbano Latino,6. Sábado,Bad Bunny,Aguacero,11543,2025-09-06 17:38:00
Urbano Latino,6. Sábado,Bad Bunny,Enséñame a Bailar,47800,2025-09-06 17:42:00
Rock Argentino,7. Domingo,Babasonicos,En Privado,234626,2025-09-07 00:14:00
Rock Argentino,7. Domingo,Las Pelotas,Personalmente,3963,2025-09-07 00:20:00
Rock Argentino,7. Domingo,Sui Generis,Estación,197,2025-09-07 12:08:00
Rock Argentino,7. Domingo,Charly García,La Gente Es la Misma,7870,2025-09-07 12:55:00
Indie Rock,7. Domingo,Arcade Fire,Intervention,259000,2025-09-07 13:00:00
Indie Rock,7. Domingo,Rosario Bléfari,Reservado,3634,2025-09-07 13:04:00
Rock Argentino,7. Domingo,Luis Alberto Spinetta,El Mar Es De Llanto,34784,2025-09-07 13:04:00
Rock Argentino,7. Domingo,La Renga,Triste Canción De Amor,9411,2025-09-07 13:17:00
Rock Argentino,7. Domingo,Luis Alberto Spinetta,Halo Lunar,4348,2025-09-07 13:17:00
Rock Argentino,7. Domingo,Babasonicos,Estertor,183092,2025-09-07 13:20:00
Rock Argentino,7. Domingo,Miguel Abuelo,Dónde Está la Ternura - Inédito - En Vivo,9364,2025-09-07 13:20:00
Rock Argentino,7. Domingo,Charly García,Kurosawa,350866,2025-09-07 13:30:00
Rock Argentino,7. Domingo,Serú Girán,Voy a Mil - 2021 Remasterizado,185061,2025-09-07 13:34:00
Indie Rock,7. Domingo,Cat Power,Sea of Love,6032,2025-09-07 13:42:00
Rock Argentino,7. Domingo,Serú Girán,Mientras Miro Las Nuevas Olas - En Vivo,197440,2025-09-07 13:42:00
Indie Rock,7. Domingo,El Mató a un Policía Motorizado,El Mundo Extraño,2563,2025-09-07 13:44:00
Rock Argentino,7. Domingo,Serú Girán,¿Cuánto Tiempo Más Llevará? - Remastered 2012,235666,2025-09-07 13:51:00
Rock Argentino,7. Domingo,Patricio Rey y sus Redonditos de Ricota,Tarea Fina,223040,2025-09-07 13:56:00
Indie Rock,7. Domingo,Santiago Motorizado,No Recuerdo Nada,205000,2025-09-07 18:30:00
Rock Argentino,7. Domingo,Fito Paez,Lo que el viento nunca se llevó,7053,2025-09-07 18:30:00
Urbano Latino,1. Lunes,Bad Bunny,Moscow Mule,245094,2025-09-08 22:28:00
Urbano Latino,1. Lunes,Bad Bunny,Después de la Playa,229474,2025-09-08 22:32:00
Urbano Latino,1. Lunes,Bad Bunny,Me Porto Bonito,177800,2025-09-08 22:35:00
Urbano Latino,1. Lunes,Bad Bunny,Un Ratito,9500,2025-09-08 22:35:00
Urbano Latino,1. Lunes,Bad Bunny,Tití Me Preguntó,21881,2025-09-08 22:35:00
Urbano Latino,1. Lunes,Bad Bunny,Yo No Soy Celoso,2005,2025-09-08 22:35:00
Urbano Latino,1. Lunes,Bad Bunny,Tarot,6960,2025-09-08 22:36:00
Urbano Latino,1. Lunes,Bad Bunny,Neverita,172256,2025-09-08 22:38:00
Urbano Latino,1. Lunes,Bad Bunny,La Corriente,17577,2025-09-08 22:39:00
Urbano Latino,1. Lunes,Bad Bunny,Efecto,235803,2025-09-08 22:43:00
Urbano Latino,1. Lunes,Bad Bunny,Party,995,2025-09-08 22:43:00
Urbano Latino,1. Lunes,Bad Bunny,Aguacero,210000,2025-09-08 22:48:00
Urbano Latino,1. Lunes,Bad Bunny,Enséñame a Bailar,175154,2025-09-08 22:51:00
Urbano Latino,1. Lunes,Bad Bunny,Ojitos Lindos,257502,2025-09-08 22:56:00
Urbano Latino,1. Lunes,Bad Bunny,Dos Mil 16,207693,2025-09-08 23:00:00
Urbano Latino,1. Lunes,Bad Bunny,El Apagón,37667,2025-09-08 23:01:00
Urbano Latino,1. Lunes,Bad Bunny,Otro Atardecer,243651,2025-09-08 23:07:00
Urbano Latino,1. Lunes,Bad Bunny,Un Coco,195491,2025-09-08 23:10:00
Urbano Latino,1. Lunes,Bad Bunny,Andrea,16309,2025-09-08 23:11:00
Urbano Latino,1. Lunes,Bad Bunny,Me Fui de Vacaciones,152483,2025-09-08 23:13:00
Urbano Latino,1. Lunes,Bad Bunny,Un Verano Sin Ti,147427,2025-09-08 23:16:00
Urbano Latino,1. Lunes,Bad Bunny,Agosto,138151,2025-09-08 23:18:00
Urbano Latino,1. Lunes,Bad Bunny,Callaita,164929,2025-09-08 23:23:00
Urbano Latino,1. Lunes,Bad Bunny,WELTiTA,4954,2025-09-08 23:23:00
Urbano Latino,1. Lunes,Bad Bunny,EoO,203772,2025-09-08 23:26:00
Urbano Latino,1. Lunes,Bad Bunny,DtMF,28447,2025-09-08 23:27:00
Rock Argentino,3. Miércoles,Luis Alberto Spinetta,Cada Luz,394,2025-09-10 14:10:00
Indie Folk,3. Miércoles,Kevin Kaarl,Vámonos a Marte,13292,2025-09-10 22:30:00
Indie Pop,3. Miércoles,Bandalos Chinos,Veccar,346130,2025-09-10 22:30:00
Rock Argentino,3. Miércoles,Serú Girán,San Francisco y el Lobo - 2019 Remasterizado,16768,2025-09-10 22:31:00
Urbano Latino,3. Miércoles,Trueno,DANCE CRIP,1604,2025-09-10 22:47:00
Urbano Latino,3. Miércoles,Trueno,THE ROOF IS ON FIRE,1954,2025-09-10 22:47:00
Urbano Latino,3. Miércoles,Trueno,TRANKY FUNKY,4767,2025-09-10 22:47:00
Urbano Latino,3. Miércoles,Trueno,Ñeri,15007,2025-09-10 23:00:00
Urbano Latino,3. Miércoles,Bad Bunny,Neverita,173119,2025-09-10 23:03:00
Urbano Latino,3. Miércoles,Trueno,LO TENGO,167442,2025-09-10 23:09:00
Urbano Latino,3. Miércoles,Trueno,Sangría - con WOS,12164,2025-09-10 23:10:00
Indie Rock,3. Miércoles,Arcade Fire,WE,231813,2025-09-10 23:19:00
Indie Rock,3. Miércoles,Mac DeMarco,Salad Days,121813,2025-09-10 23:26:00
Urbano Latino,3. Miércoles,Bad Bunny,Ojitos Lindos,258298,2025-09-10 23:35:00
Urbano Latino,3. Miércoles,Bad Bunny,Otro Atardecer,244444,2025-09-10 23:39:00
Urbano Latino,3. Miércoles,CA7RIEL & Paco Amoroso,DUMBAI,2314,2025-09-10 23:41:00
Urbano Latino,3. Miércoles,CA7RIEL & Paco Amoroso,AGUA,70611,2025-09-10 23:41:00
Urbano Latino,3. Miércoles,CA7RIEL & Paco Amoroso,SHEESH,136407,2025-09-10 23:44:00
Urbano Latino,3. Miércoles,CA7RIEL & Paco Amoroso,COSAS RICAS,160093,2025-09-10 23:46:00
Urbano Latino,3. Miércoles,Trueno,DANCE CRIP,3260,2025-09-10 23:50:00
Urbano Latino,3. Miércoles,Trueno,THE ROOF IS ON FIRE,5921,2025-09-10 23:50:00
Urbano Latino,3. Miércoles,Trueno,TRANKY FUNKY,4166,2025-09-10 23:50:00
Urbano Latino,4. Jueves,Trueno,Ñeri,7446,2025-09-11 00:02:00
Urbano Latino,4. Jueves,Trueno,Sangría - con WOS,3887,2025-09-11 00:07:00
Urbano Latino,4. Jueves,Bad Bunny,Neverita,3911,2025-09-11 00:07:00
Urbano Latino,4. Jueves,Trueno,LO TENGO,3375,2025-09-11 00:07:00
Indie Rock,4. Jueves,Arcade Fire,WE,10067,2025-09-11 00:13:00
Indie Rock,4. Jueves,Mac DeMarco,Salad Days,145893,2025-09-11 00:19:00
Urbano Latino,4. Jueves,Bad Bunny,Ojitos Lindos,258298,2025-09-11 00:28:00
Urbano Latino,4. Jueves,Bad Bunny,Otro Atardecer,244444,2025-09-11 00:32:00
Urbano Latino,4. Jueves,CA7RIEL & Paco Amoroso,AGUA,90300,2025-09-11 00:33:00
Urbano Latino,4. Jueves,CA7RIEL & Paco Amoroso,DUMBAI,147488,2025-09-11 00:36:00
Urbano Latino,4. Jueves,CA7RIEL & Paco Amoroso,SHEESH,136407,2025-09-11 00:38:00
Urbano Latino,4. Jueves,CA7RIEL & Paco Amoroso,COSAS RICAS,160093,2025-09-11 00:41:00
Indie Rock,4. Jueves,Mora y los Metegoles,Todo Lo Que,194087,2025-09-11 01:02:00
Rock Argentino,4. Jueves,Fito Paez,She's Mine,273133,2025-09-11 01:12:00
Rock Argentino,4. Jueves,Gustavo Cerati,A Merced,388480,2025-09-11 01:19:00
Indie Rock,4. Jueves,Arcade Fire,Everything Now (Todo Ya) - Remix por Bomba Estéreo,229904,2025-09-11 12:14:00
Rock Argentino,4. Jueves,Bersuit Vergarabat,Danza De Los Muertos Pobres - Live In Buenos Aires / 2001,5380,2025-09-11 21:38:00
Rock Argentino,4. Jueves,Charly García,Cerca De La Revolucion,0,2025-09-11 21:38:00
Indie Pop,4. Jueves,Audrey,You'll Lose a Good Thing,0,2025-09-11 21:39:00
Rock Argentino,4. Jueves,Charly García,Kurosawa,7701,2025-09-11 21:40:00
Indie Rock,4. Jueves,Marina Fages,El Límite,0,2025-09-11 21:40:00
Indie Rock,4. Jueves,Mora y los Metegoles,Vestida para Morir,0,2025-09-11 21:40:00
Indie Rock,4. Jueves,Rosario Bléfari,Reservado,3021,2025-09-11 21:40:00
Rock Argentino,4. Jueves,Babasonicos,Soy Rock,4731,2025-09-11 21:40:00
Rock Argentino,4. Jueves,Pescado Rabioso,"A Starosta, el Idiota",4700,2025-09-11 21:46:00
Indie Rock,4. Jueves,Rosario Bléfari,Estaciones,188173,2025-09-11 21:49:00
Rock Argentino,4. Jueves,Charly García,Adela en el Carrousell,1285,2025-09-11 21:49:00
Indie Rock,4. Jueves,Usted Señalemelo,Horizonte,3676,2025-09-11 21:50:00
Rock Argentino,4. Jueves,Charly García,Superhéroes,2396,2025-09-11 21:50:00
Rock Argentino,4. Jueves,Almendra,El Mundo Entre las Manos,2640,2025-09-11 21:50:00
Rock Argentino,4. Jueves,Babasonicos,Trinchera,1364,2025-09-11 21:50:00
Rock Argentino,4. Jueves,Babasonicos,Madera Ideológica,159960,2025-09-11 21:56:00
Urbano Latino,4. Jueves,Bad Bunny,NUEVAYoL,183685,2025-09-11 21:59:00
Urbano Latino,4. Jueves,Bad Bunny,Si Veo a Tu Mamá,0,2025-09-11 22:00:00
Indie Rock,4. Jueves,Viva Elastico,Yo Te Quiero Más,15738,2025-09-11 22:05:00
Indie Rock,4. Jueves,Mora y los Metegoles,Adscriptos,123018,2025-09-11 22:07:00
Indie Rock,4. Jueves,El Mató a un Policía Motorizado,Mi Próximo Movimiento,2500,2025-09-11 22:07:00
Indie Pop,4. Jueves,Juan Mango,Portal,6151,2025-09-11 22:07:00
Rock Argentino,4. Jueves,Almendra,A Estos Hombres Tristes,0,2025-09-11 22:08:00
Indie Pop,4. Jueves,The Smiths,Ask - 2011 Remaster,1716,2025-09-11 22:08:00
Rock Argentino,4. Jueves,Marilina Bertoldi,EL GORDO,1682,2025-09-11 22:08:00
Indie Rock,4. Jueves,Suarez,Río Paraná,4220,2025-09-11 22:08:00
Indie Pop,4. Jueves,Ainda,Arriba y abajo,1110,2025-09-11 22:08:00
Indie Pop,4. Jueves,Los Besos,Matemática sentimental,4926,2025-09-11 22:08:00
Indie Pop,4. Jueves,Los Besos,¿Cómo estás?,0,2025-09-11 22:08:00
Rock Argentino,4. Jueves,Serú Girán,Mientras Miro Las Nuevas Olas - En Vivo,2515,2025-09-11 22:09:00
Indie Pop,4. Jueves,LOUTA,AYER TE VI (feat. Zoe Gotusso),209133,2025-09-11 22:12:00
Rock Argentino,4. Jueves,Miguel Abuelo,Dónde Está la Ternura - Inédito - En Vivo,1281,2025-09-11 22:13:00
Urbano Latino,4. Jueves,CA7RIEL & Paco Amoroso,DUMBAI,2844,2025-09-11 22:14:00
Urbano Latino,4. Jueves,CA7RIEL & Paco Amoroso,SHEESH,2040,2025-09-11 22:15:00
Indie Rock,4. Jueves,Mac DeMarco,Salad Days,64086,2025-09-11 22:17:00
Urbano Latino,4. Jueves,Bad Bunny,Ojitos Lindos,19213,2025-09-11 22:22:00
Urbano Latino,4. Jueves,Bad Bunny,Otro Atardecer,1752,2025-09-11 22:22:00
Urbano Latino,4. Jueves,CA7RIEL & Paco Amoroso,DUMBAI,4274,2025-09-11 22:25:00
Urbano Latino,4. Jueves,CA7RIEL & Paco Amoroso,AGUA,140957,2025-09-11 22:25:00
Urbano Latino,4. Jueves,CA7RIEL & Paco Amoroso,SHEESH,136407,2025-09-11 22:27:00
Urbano Latino,4. Jueves,CA7RIEL & Paco Amoroso,COSAS RICAS,160093,2025-09-11 22:30:00
Urbano Latino,4. Jueves,Trueno,TRANKY FUNKY,158325,2025-09-11 22:53:00
Urbano Latino,4. Jueves,Trueno,DANCE CRIP,165019,2025-09-11 22:56:00
Urbano Latino,4. Jueves,Trueno,THE ROOF IS ON FIRE,111160,2025-09-11 22:58:00
Urbano Latino,4. Jueves,Trueno,Ñeri,194734,2025-09-11 23:15:00
Urbano Latino,4. Jueves,Bad Bunny,Neverita,173119,2025-09-11 23:34:00
Urbano Latino,4. Jueves,Trueno,Sangría - con WOS,7565,2025-09-11 23:37:00
Urbano Latino,4. Jueves,Trueno,LO TENGO,167442,2025-09-11 23:37:00
Indie Rock,4. Jueves,Arcade Fire,WE,5310,2025-09-11 23:40:00
Urbano Latino,4. Jueves,Bad Bunny,Ojitos Lindos,1886,2025-09-11 23:45:00
Indie Rock,4. Jueves,Mac DeMarco,Salad Days,69338,2025-09-11 23:45:00
Urbano Latino,4. Jueves,CA7RIEL & Paco Amoroso,DUMBAI,7537,2025-09-11 23:49:00
Urbano Latino,4. Jueves,CA7RIEL & Paco Amoroso,AGUA,4343,2025-09-11 23:49:00
Urbano Latino,4. Jueves,Bad Bunny,Otro Atardecer,244444,2025-09-11 23:49:00
Urbano Latino,4. Jueves,CA7RIEL & Paco Amoroso,SHEESH,5532,2025-09-11 23:50:00
Urbano Latino,4. Jueves,CA7RIEL & Paco Amoroso,COSAS RICAS,160093,2025-09-11 23:52:00
Urbano Latino,4. Jueves,Trueno,DANCE CRIP,2870,2025-09-11 23:55:00
Urbano Latino,4. Jueves,Trueno,TRANKY FUNKY,3347,2025-09-11 23:55:00
Urbano Latino,4. Jueves,Trueno,THE ROOF IS ON FIRE,111160,2025-09-11 23:57:00
Urbano Latino,5. Viernes,Trueno,Ñeri,33040,2025-09-12 00:18:00
Rock Argentino,5. Viernes,León Gieco,Principe Azul,251733,2025-09-12 01:04:00
Rock Argentino,5. Viernes,Gustavo Cerati,A Merced,388480,2025-09-12 01:19:00
Indie Rock,5. Viernes,El Mató a un Policía Motorizado,El Mundo Extraño,238311,2025-09-12 01:25:00
Indie Pop,5. Viernes,Los Besos,Mi postura,196162,2025-09-12 01:29:00
Indie Rock,5. Viernes,Arcade Fire,The Lightning I,150056,2025-09-12 01:39:00
Rock Argentino,6. Sábado,Serú Girán,La Grasa de las Capitales - 2019 Remasterizado,6171,2025-09-13 12:08:00
Rock Argentino,6. Sábado,Charly García,La Ruta del Tentempié,44413,2025-09-13 14:10:00
Rock Argentino,6. Sábado,Charly García,La Ruta del Tentempié,215602,2025-09-13 14:29:00
Indie Pop,6. Sábado,Núria Graham,Fire Mountain Oh Sacred Ancient Fountain,1723,2025-09-13 14:30:00
Indie Rock,6. Sábado,Jean Dawson,MENTHOL*,1758,2025-09-13 14:30:00
Indie Rock,6. Sábado,Usted Señalemelo,Mañana,0,2025-09-13 14:30:00
Indie Pop,6. Sábado,MGMT,The Youth,4689,2025-09-13 15:10:00
Rock Argentino,6. Sábado,Las Pelotas,Brilla (Shine),190866,2025-09-13 15:10:00
Rock Argentino,6. Sábado,Babasonicos,Advertencia,247971,2025-09-13 21:40:00
Rock Argentino,6. Sábado,Babasonicos,Advertencia,20485,2025-09-13 21:40:00
Rock Argentino,6. Sábado,Luis Alberto Spinetta,Será Que La Canción Llegó Hasta El Sol,201800,2025-09-13 21:46:00
Rock Argentino,7. Domingo,Babasonicos,El ídolo,5667,2025-09-14 12:21:00
Urbano Latino,7. Domingo,Yeri Mua,Ya Cogí con Otro,5206,2025-09-14 12:24:00
Urbano Latino,7. Domingo,Trueno,Sangría - con WOS,9218,2025-09-14 12:25:00
Indie Rock,7. Domingo,Arcade Fire,WE,10135,2025-09-14 12:26:00
Indie Rock,7. Domingo,Arcade Fire,WE,30113,2025-09-14 12:27:00
Urbano Latino,7. Domingo,CA7RIEL & Paco Amoroso,EL ÚNICO,37876,2025-09-14 12:32:00
Urbano Latino,7. Domingo,Bad Bunny,EL CLúB,40418,2025-09-14 12:33:00
Urbano Latino,7. Domingo,Bad Bunny,Aguacero,146398,2025-09-14 12:35:00
Indie Rock,7. Domingo,El Fin Del Cuento,Fueego,30424,2025-09-14 14:44:00
Indie Pop,7. Domingo,DEPARTAMENTO,MY GIRLS,9711,2025-09-14 14:49:00
Urbano Latino,7. Domingo,SAIKO,YO LO SOÑÉ,2473,2025-09-14 14:51:00
Urbano Latino,7. Domingo,Bad Bunny,KLOuFRENS,66890,2025-09-14 14:54:00
Urbano Latino,7. Domingo,CA7RIEL & Paco Amoroso,EL ÚNICO,152022,2025-09-14 14:57:00
Urbano Latino,7. Domingo,CA7RIEL & Paco Amoroso,"LA QUE PUEDE, PUEDE",154890,2025-09-14 14:59:00
Urbano Latino,7. Domingo,Bad Bunny,VeLDÁ,235336,2025-09-14 15:05:00
Urbano Latino,7. Domingo,Bad Bunny,EoO,204768,2025-09-14 15:08:00
Urbano Latino,7. Domingo,Tokischa,Linda,144018,2025-09-14 15:11:00
Urbano Latino,7. Domingo,Bad Bunny,KLOuFRENS,199114,2025-09-14 15:14:00
Urbano Latino,7. Domingo,Bad Bunny,EL CLúB,222568,2025-09-14 15:20:00
Rock Argentino,7. Domingo,Oscar Moro,Como Me Gustaria Ser Negro,202480,2025-09-14 20:10:00
Rock Argentino,7. Domingo,Charly García,Música Del Alma - En Vivo,251296,2025-09-14 20:14:00
Indie Rock,7. Domingo,El Mató a un Policía Motorizado,El Magnetismo,88880,2025-09-14 20:16:00
Indie Folk,7. Domingo,Feli Colina,AVENIDO,14516,2025-09-14 20:21:00
Indie Rock,7. Domingo,Rosario Bléfari,Viento Helado,67980,2025-09-14 20:39:00
Indie Rock,7. Domingo,Rosario Bléfari,Viento Helado,110049,2025-09-14 21:49:00
Rock Argentino,7. Domingo,Sui Generis,Estación,90973,2025-09-14 21:55:00
Rock Argentino,1. Lunes,Babasonicos,Trinchera,175,2025-09-15 14:10:00
Urbano Latino,1. Lunes,Bad Bunny,Ojitos Lindos,3612,2025-09-15 22:31:00
Urbano Latino,1. Lunes,Bad Bunny,Ojitos Lindos,287,2025-09-15 22:31:00
Urbano Latino,1. Lunes,Bad Bunny,Neverita,1421,2025-09-15 22:38:00
Urbano Latino,1. Lunes,CA7RIEL & Paco Amoroso,AGUA,1673,2025-09-15 22:38:00
Urbano Latino,1. Lunes,Bad Bunny,Ojitos Lindos,1242,2025-09-15 22:38:00
Urbano Latino,1. Lunes,CA7RIEL & Paco Amoroso,DUMBAI,148253,2025-09-15 22:41:00
Urbano Latino,1. Lunes,Bad Bunny,Otro Atardecer,244444,2025-09-15 22:45:00
Urbano Latino,1. Lunes,CA7RIEL & Paco Amoroso,SHEESH,136407,2025-09-15 22:47:00
Urbano Latino,1. Lunes,CA7RIEL & Paco Amoroso,EL ÚNICO,1053,2025-09-15 22:50:00
Urbano Latino,1. Lunes,CA7RIEL & Paco Amoroso,COSAS RICAS,1137,2025-09-15 22:50:00
Urbano Latino,1. Lunes,CA7RIEL & Paco Amoroso,"LA QUE PUEDE, PUEDE",154890,2025-09-15 22:53:00
Urbano Latino,1. Lunes,Bad Bunny,VeLDÁ,235336,2025-09-15 22:59:00
Urbano Latino,1. Lunes,Bad Bunny,EoO,204768,2025-09-15 23:04:00
Urbano Latino,1. Lunes,Tokischa,Linda,144018,2025-09-15 23:06:00
Urbano Latino,1. Lunes,Bad Bunny,KLOuFRENS,199114,2025-09-15 23:10:00
Urbano Latino,1. Lunes,Bad Bunny,EL CLúB,222568,2025-09-15 23:16:00
Urbano Latino,1. Lunes,Bad Bunny,Aguacero,210989,2025-09-15 23:37:00
Urbano Latino,2. Martes,Bad Bunny,Neverita,150003,2025-09-16 10:45:00
Indie Pop,2. Martes,Los Besos,En la arena,178,2025-09-16 12:08:00
Urbano Latino,2. Martes,CA7RIEL & Paco Amoroso,DUMBAI,4562,2025-09-16 22:41:00
Urbano Latino,2. Martes,CA7RIEL & Paco Amoroso,SHEESH,136407,2025-09-16 22:41:00
Urbano Latino,2. Martes,Trueno,Ñeri,194734,2025-09-16 22:52:00
Urbano Latino,2. Martes,Tokischa,Linda,144018,2025-09-16 23:02:00
Urbano Latino,2. Martes,CA7RIEL & Paco Amoroso,"LA QUE PUEDE, PUEDE",154890,2025-09-16 23:10:00
Urbano Latino,2. Martes,Trueno,LO TENGO,5102,2025-09-16 23:13:00
Urbano Latino,2. Martes,CA7RIEL & Paco Amoroso,EL ÚNICO,152022,2025-09-16 23:21:00
Urbano Latino,2. Martes,Bad Bunny,Neverita,173119,2025-09-16 23:39:00
Urbano Latino,2. Martes,CA7RIEL & Paco Amoroso,AGUA,140957,2025-09-16 23:45:00
Urbano Latino,2. Martes,Trueno,Sangría - con WOS,72206,2025-09-16 23:46:00
Urbano Latino,2. Martes,Bad Bunny,VeLDÁ,167240,2025-09-16 23:51:00
Urbano Latino,2. Martes,Bad Bunny,KLOuFRENS,199114,2025-09-16 23:54:00
Urbano Latino,2. Martes,Bad Bunny,EoO,204768,2025-09-16 23:58:00
Urbano Latino,3. Miércoles,Bad Bunny,VeLDÁ,235336,2025-09-17 00:04:00
Urbano Latino,3. Miércoles,Bad Bunny,Ojitos Lindos,215704,2025-09-17 00:07:00
Urbano Latino,3. Miércoles,Bad Bunny,EL CLúB,222568,2025-09-17 00:11:00
Indie Rock,3. Miércoles,El Mató a un Policía Motorizado,Terrorismo en la Copa del Mundo,1851,2025-09-17 12:08:00
Indie Rock,3. Miércoles,Arcade Fire,The Suburbs (continued),1930,2025-09-17 14:10:00
Indie Rock,3. Miércoles,El Fin Del Cuento,Fueego,177560,2025-09-17 22:28:00
Indie Rock,3. Miércoles,El Fin Del Cuento,Costanera,14804,2025-09-17 22:29:00
Indie Rock,3. Miércoles,El Fin Del Cuento,Lo Que Dura el Atardecer,31177,2025-09-17 22:29:00
Indie Rock,3. Miércoles,Mac DeMarco,Chamber Of Reflection,4830,2025-09-17 22:33:00
Indie Rock,3. Miércoles,Rosario Bléfari,Vidrieras,7186,2025-09-17 22:33:00
Urbano Latino,3. Miércoles,Bad Bunny,Moscow Mule,245939,2025-09-17 22:33:00
Rock Argentino,3. Miércoles,Luis Alberto Spinetta,Halo Lunar,5571,2025-09-17 22:38:00
Rock Argentino,3. Miércoles,León Gieco,Principe Azul,8024,2025-09-17 22:38:00
Indie Rock,3. Miércoles,Arcade Fire,Sprawl II (Mountains Beyond Mountains),325546,2025-09-17 22:44:00
Indie Rock,3. Miércoles,Rosario Bléfari,Ningún Mensaje,186706,2025-09-17 22:47:00
Urbano Latino,3. Miércoles,Trueno,TRANKY FUNKY,6226,2025-09-17 22:54:00
Urbano Latino,3. Miércoles,Bad Bunny,Otro Atardecer,1686,2025-09-17 22:54:00
Urbano Latino,3. Miércoles,Trueno,DANCE CRIP,2545,2025-09-17 22:57:00
Urbano Latino,3. Miércoles,Trueno,DANCE CRIP,16930,2025-09-17 22:57:00
Urbano Latino,3. Miércoles,CA7RIEL & Paco Amoroso,"LA QUE PUEDE, PUEDE",154890,2025-09-17 22:57:00
Urbano Latino,3. Miércoles,Tokischa,Linda,144018,2025-09-17 23:00:00
Urbano Latino,3. Miércoles,Trueno,Sangría - con WOS,154956,2025-09-17 23:03:00
Urbano Latino,3. Miércoles,Bad Bunny,Ojitos Lindos,258298,2025-09-17 23:24:00
Urbano Latino,3. Miércoles,Bad Bunny,EoO,204768,2025-09-17 23:28:00
Urbano Latino,3. Miércoles,Trueno,LO TENGO,167442,2025-09-17 23:33:00
Urbano Latino,3. Miércoles,Bad Bunny,KLOuFRENS,199114,2025-09-17 23:41:00
Urbano Latino,3. Miércoles,Bad Bunny,Neverita,890,2025-09-17 23:44:00
Urbano Latino,3. Miércoles,Bad Bunny,EoO,204768,2025-09-17 23:48:00
Urbano Latino,3. Miércoles,Bad Bunny,Aguacero,17283,2025-09-17 23:48:00
Urbano Latino,3. Miércoles,CA7RIEL & Paco Amoroso,AGUA,140957,2025-09-17 23:51:00
Urbano Latino,3. Miércoles,CA7RIEL & Paco Amoroso,EL ÚNICO,4153,2025-09-17 23:55:00
Urbano Latino,3. Miércoles,Bad Bunny,VeLDÁ,235336,2025-09-17 23:55:00
Urbano Latino,3. Miércoles,Trueno,Ñeri,6206,2025-09-17 23:59:00
Urbano Latino,4. Jueves,Trueno,THE ROOF IS ON FIRE,11363,2025-09-18 00:05:00
Urbano Latino,4. Jueves,CA7RIEL & Paco Amoroso,SHEESH,136407,2025-09-18 00:07:00
Urbano Latino,4. Jueves,CA7RIEL & Paco Amoroso,COSAS RICAS,3856,2025-09-18 00:07:00
Urbano Latino,4. Jueves,Bad Bunny,EL CLúB,222568,2025-09-18 00:11:00
Urbano Latino,4. Jueves,CA7RIEL & Paco Amoroso,DUMBAI,3566,2025-09-18 00:11:00
Urbano Latino,4. Jueves,CA7RIEL & Paco Amoroso,"LA QUE PUEDE, PUEDE",3700,2025-09-18 00:14:00
Urbano Latino,4. Jueves,Trueno,TRANKY FUNKY,5300,2025-09-18 00:14:00
Urbano Latino,4. Jueves,Bad Bunny,Otro Atardecer,14123,2025-09-18 00:14:00
Urbano Latino,4. Jueves,Trueno,DANCE CRIP,3975,2025-09-18 00:17:00
Urbano Latino,4. Jueves,Trueno,Sangría - con WOS,3228,2025-09-18 00:18:00
Urbano Latino,4. Jueves,Tokischa,Linda,2924,2025-09-18 00:18:00
Urbano Latino,4. Jueves,Bad Bunny,Aguacero,210989,2025-09-18 22:48:00
Urbano Latino,4. Jueves,Bad Bunny,VeLDÁ,199697,2025-09-18 22:58:00
Urbano Latino,4. Jueves,Yeri Mua,Ya Cogí con Otro,105452,2025-09-18 23:01:00
Urbano Latino,4. Jueves,Reysha Rami,black0ut (feat. Six Sex),148494,2025-09-18 23:04:00
Urbano Latino,4. Jueves,Emilia,pasarella 👠,87778,2025-09-18 23:09:00
Urbano Latino,4. Jueves,CA7RIEL & Paco Amoroso,COSAS RICAS,160093,2025-09-18 23:11:00
Urbano Latino,4. Jueves,Bad Bunny,EoO,89940,2025-09-18 23:20:00
Urbano Latino,4. Jueves,Tokischa,Linda,82041,2025-09-18 23:33:00
Urbano Latino,4. Jueves,CA7RIEL & Paco Amoroso,AGUA,3820,2025-09-18 23:34:00
Urbano Latino,4. Jueves,Trueno,TRANKY FUNKY,3416,2025-09-18 23:34:00
Urbano Latino,4. Jueves,CA7RIEL & Paco Amoroso,EL ÚNICO,152022,2025-09-18 23:45:00
Urbano Latino,4. Jueves,Bad Bunny,EL CLúB,19245,2025-09-18 23:48:00
Urbano Latino,4. Jueves,CA7RIEL & Paco Amoroso,SHEESH,136407,2025-09-18 23:48:00
Urbano Latino,5. Viernes,Trueno,Ñeri,194734,2025-09-19 00:00:00
Urbano Latino,5. Viernes,Trueno,THE ROOF IS ON FIRE,6858,2025-09-19 00:33:00
Urbano Latino,5. Viernes,Cazzu,Pobrecito Mi Patrón,126862,2025-09-19 01:18:00
Indie Rock,5. Viernes,Santiago Motorizado,La Noche Eterna (Portal Sessions),330843,2025-09-19 01:23:00
Urbano Latino,5. Viernes,Cazzu,Bounce,133880,2025-09-19 01:26:00
Urbano Latino,5. Viernes,Cazzu,Pobrecito Mi Patrón,126862,2025-09-19 01:29:00
Urbano Latino,5. Viernes,Cazzu,Inti,7437,2025-09-19 01:31:00
Rock Argentino,5. Viernes,Serú Girán,Serú Girán - 2021 Remasterizado,1400,2025-09-19 01:31:00
Rock Argentino,5. Viernes,Sui Generis,Mariel y el Capitán,163666,2025-09-19 01:34:00
Rock Argentino,5. Viernes,Sui Generis,Lunes Otra Vez,2673,2025-09-19 01:35:00
Indie Pop,5. Viernes,Los Besos,Mi postura,1116,2025-09-19 12:08:00
Indie Folk,5. Viernes,José González,El Invento - Sofia Kourtesis Remix,1546,2025-09-19 14:10:00
Urbano Latino,5. Viernes,Reysha Rami,black0ut,116280,2025-09-19 23:03:00
Indie Pop,5. Viernes,Remi Wolf,Cinderella,243952,2025-09-19 23:40:00
Indie Rock,6. Sábado,beabadoobee,10:36,195066,2025-09-20 00:01:00
Indie Rock,6. Sábado,beabadoobee,Take A Bite,4370,2025-09-20 00:17:00
Rock Argentino,6. Sábado,La Renga,Triste Canción De Amor,116,2025-09-20 12:08:00
Indie Rock,6. Sábado,Arcade Fire,Unconditional I (Lookout Kid),124334,2025-09-20 14:21:00
Indie Rock,6. Sábado,MUGRE,SOMOS PROFESIONALES,194113,2025-09-20 17:21:00
Indie Rock,6. Sábado,MUGRE,QUIEN ERAS,119200,2025-09-20 17:23:00
Indie Rock,6. Sábado,MUGRE,SALTEMOS MOLINETES,166615,2025-09-20 17:26:00
Indie Rock,6. Sábado,MUGRE,DAME MENOS,103743,2025-09-20 17:27:00
Indie Rock,6. Sábado,Marina Fages,Provincia,241500,2025-09-20 17:35:00
Indie Rock,6. Sábado,Santiago Motorizado,Bajo las Sombras,106237,2025-09-20 17:36:00
Indie Rock,6. Sábado,MUGRE,No Te Perdono,203792,2025-09-20 17:43:00
Indie Rock,6. Sábado,MUGRE,ESTAMOS BIEN IGUAL,4256,2025-09-20 17:48:00
Indie Rock,6. Sábado,MUGRE,SOMOS PROFESIONALES,194113,2025-09-20 17:48:00
Indie Rock,6. Sábado,MUGRE,SALTEMOS MOLINETES,166615,2025-09-20 17:51:00
Indie Rock,6. Sábado,MUGRE,CARAMELO,241101,2025-09-20 17:55:00
Indie Pop,6. Sábado,Tigre Ulli,Noche Azul,137737,2025-09-20 18:00:00
Indie Pop,6. Sábado,Remi Wolf,Toro,175666,2025-09-20 18:07:00
Indie Pop,6. Sábado,Remi Wolf,Kangaroo,234482,2025-09-20 18:18:00
Indie Pop,6. Sábado,Remi Wolf,Cinderella,243952,2025-09-20 18:26:00
Indie Pop,6. Sábado,Remi Wolf,Soup,213116,2025-09-20 18:32:00
Urbano Latino,6. Sábado,Bad Bunny,Moscow Mule,245939,2025-09-20 18:43:00
Rock Argentino,6. Sábado,Marilina Bertoldi,Sexo Con Modelos,169653,2025-09-20 18:46:00
Urbano Latino,6. Sábado,Bad Bunny,Yo No Soy Celoso,229687,2025-09-20 18:55:00
Urbano Latino,6. Sábado,Bad Bunny,Tarot,237030,2025-09-20 18:59:00
Urbano Latino,6. Sábado,Bad Bunny,Neverita,172048,2025-09-20 19:02:00
Urbano Latino,6. Sábado,Bad Bunny,La Corriente,57681,2025-09-20 19:27:00
Rock Argentino,7. Domingo,Moris,Pato Trabaja en una Carnicería,4990,2025-09-21 12:08:00
Indie Pop,7. Domingo,Isla de Caras,Idiota,208240,2025-09-21 12:58:00
Urbano Latino,7. Domingo,DJ MÄMI,La Barca,1100,2025-09-21 12:58:00
Rock Argentino,7. Domingo,Serú Girán,Mientras Miro Las Nuevas Olas - En Vivo,88747,2025-09-21 13:04:00
Rock Argentino,7. Domingo,Babasonicos,Soy Rock,160063,2025-09-21 13:07:00
Rock Argentino,7. Domingo,Gustavo Cerati,Llegaste,77169,2025-09-21 13:08:00
Rock Argentino,7. Domingo,Las Pelotas,Brilla (Shine),190866,2025-09-21 13:11:00
Rock Argentino,7. Domingo,Las Pelotas,Bombachitas Rosas,210026,2025-09-21 13:19:00
Indie Folk,7. Domingo,José González,Valle Local,11050,2025-09-21 14:05:00
Indie Folk,7. Domingo,José González,Valle Local,554,2025-09-21 14:06:00
Rock Argentino,7. Domingo,León Gieco,Principe Azul,2081,2025-09-21 14:11:00
Indie Pop,7. Domingo,Zenon Pereyra,Bossanova,2155,2025-09-21 14:15:00
Indie Rock,7. Domingo,Mi Amigo Invencible,Olimpica,225423,2025-09-21 14:15:00
Indie Pop,7. Domingo,Los Mundos Posibles,La Guerra del Japón,170326,2025-09-21 14:17:00
Indie Pop,7. Domingo,Audrey,You'll Lose a Good Thing,3908,2025-09-21 14:18:00
Indie Rock,7. Domingo,Julian Casablancas,11th Dimension,8450,2025-09-21 14:18:00
Rock Argentino,7. Domingo,Fito Paez,Cable A Tierra,205600,2025-09-21 14:26:00
Rock Argentino,7. Domingo,Gustavo Cerati,Desastre,30177,2025-09-21 14:36:00
Rock Argentino,7. Domingo,Gustavo Cerati,Desastre,186253,2025-09-21 14:59:00
Indie Rock,7. Domingo,Usted Señalemelo,"Puedo Morir, Puedo Caer",21002,2025-09-21 15:18:00
Indie Pop,1. Lunes,Núria Graham,Fire Mountain Oh Sacred Ancient Fountain,104,2025-09-22 14:15:00
Indie Pop,1. Lunes,The Marías,Run Your Mouth,46892,2025-09-22 22:49:00
Indie Pop,1. Lunes,Remi Wolf,Frog Rock,225996,2025-09-22 22:56:00
Indie Pop,1. Lunes,Remi Wolf,Toro,175666,2025-09-22 23:16:00
Indie Pop,1. Lunes,Remi Wolf,Cinderella,243952,2025-09-22 23:20:00
Indie Rock,1. Lunes,beabadoobee,Coming Home,135840,2025-09-22 23:33:00
Indie Rock,1. Lunes,beabadoobee,A Cruel Affair,14326,2025-09-22 23:42:00
Urbano Latino,1. Lunes,Trueno,DANCE CRIP,3034,2025-09-22 23:51:00
Urbano Latino,1. Lunes,Bad Bunny,VeLDÁ,235336,2025-09-22 23:51:00
Urbano Latino,1. Lunes,Bad Bunny,EoO,204768,2025-09-22 23:58:00
Urbano Latino,2. Martes,Bad Bunny,KLOuFRENS,199114,2025-09-23 00:04:00
Urbano Latino,2. Martes,CA7RIEL & Paco Amoroso,"LA QUE PUEDE, PUEDE",4403,2025-09-23 00:07:00
Urbano Latino,2. Martes,Bad Bunny,Otro Atardecer,244444,2025-09-23 00:22:00
Urbano Latino,2. Martes,Tokischa,Linda,4170,2025-09-23 00:25:00
Urbano Latino,2. Martes,Bad Bunny,Ojitos Lindos,4803,2025-09-23 00:25:00
Urbano Latino,2. Martes,Bad Bunny,Neverita,173119,2025-09-23 00:31:00
Urbano Latino,2. Martes,CA7RIEL & Paco Amoroso,SHEESH,136407,2025-09-23 00:33:00
Urbano Latino,2. Martes,Trueno,TRANKY FUNKY,2636,2025-09-23 00:36:00
Urbano Latino,2. Martes,CA7RIEL & Paco Amoroso,DUMBAI,3463,2025-09-23 00:37:00
Urbano Latino,2. Martes,Bad Bunny,EL CLúB,222568,2025-09-23 00:40:00
Urbano Latino,2. Martes,CA7RIEL & Paco Amoroso,EL ÚNICO,152022,2025-09-23 00:53:00
Urbano Latino,2. Martes,Trueno,Sangría - con WOS,111652,2025-09-23 01:45:00
Indie Rock,2. Martes,Arcade Fire,Unconditional I (Lookout Kid),388,2025-09-23 12:08:00
Indie Pop,2. Martes,The Japanese House,Touching Yourself,45125,2025-09-23 22:52:00
Indie Pop,2. Martes,Remi Wolf,Slay Bitch - Bonus Track,4774,2025-09-23 22:53:00
Indie Rock,2. Martes,beabadoobee,10:36,50600,2025-09-23 22:53:00
Indie Pop,2. Martes,Japanese Breakfast,Be Sweet,5030,2025-09-23 22:53:00
Urbano Latino,2. Martes,Bad Bunny,VOY A LLeVARTE PA PR,155460,2025-09-23 23:47:00
Urbano Latino,2. Martes,Bad Bunny,BAILE INoLVIDABLE,366759,2025-09-23 23:53:00
Urbano Latino,2. Martes,Bad Bunny,PERFuMITO NUEVO,199665,2025-09-23 23:56:00
Urbano Latino,3. Miércoles,Bad Bunny,WELTiTA,186598,2025-09-24 00:04:00
Urbano Latino,3. Miércoles,Bad Bunny,VeLDÁ,234494,2025-09-24 00:07:00
Urbano Latino,3. Miércoles,Bad Bunny,EL CLúB,221582,2025-09-24 00:11:00
Urbano Latino,3. Miércoles,Bad Bunny,KETU TeCRÉ,169697,2025-09-24 00:17:00
Urbano Latino,3. Miércoles,Bad Bunny,KETU TeCRÉ,233944,2025-09-24 00:22:00
Urbano Latino,3. Miércoles,Bad Bunny,BOKeTE,215185,2025-09-24 00:25:00
Urbano Latino,3. Miércoles,Bad Bunny,KLOuFRENS,198073,2025-09-24 00:31:00
Urbano Latino,3. Miércoles,Bad Bunny,TURiSTA,59100,2025-09-24 00:32:00
Urbano Latino,3. Miércoles,Bad Bunny,LO QUE LE PASÓ A HAWAii,3011,2025-09-24 00:33:00
Urbano Latino,3. Miércoles,Bad Bunny,CAFé CON RON,78341,2025-09-24 00:33:00
Urbano Latino,3. Miércoles,Bad Bunny,PIToRRO DE COCO,3561,2025-09-24 00:33:00
Urbano Latino,3. Miércoles,Bad Bunny,EoO,203950,2025-09-24 00:36:00
Urbano Latino,3. Miércoles,Bad Bunny,DtMF,223991,2025-09-24 02:11:00
Rock Argentino,3. Miércoles,Babasonicos,Ingrediente,431,2025-09-24 14:13:00
Rock Argentino,4. Jueves,Pescado Rabioso,"A Starosta, el Idiota",766,2025-09-25 12:08:00
Indie Rock,4. Jueves,El Mató a un Policía Motorizado,Mi Próximo Movimiento,1200,2025-09-25 22:21:00
Urbano Latino,4. Jueves,Maria Becerra,AUTOMÁTICO,175317,2025-09-25 22:24:00
Urbano Latino,4. Jueves,Trueno,REAL GANGSTA LOVE,145342,2025-09-25 22:26:00
Urbano Latino,4. Jueves,LIT killah,Los del Espacio,12393,2025-09-25 22:27:00
Urbano Latino,4. Jueves,Mesita,Una Foto Remix (feat. Emilia),18459,2025-09-25 22:30:00
Urbano Latino,4. Jueves,KAROL G,PROVENZA,1392,2025-09-25 22:30:00
Urbano Latino,4. Jueves,Wisin & Yandel,Besos Moja2,2886,2025-09-25 22:34:00
Urbano Latino,4. Jueves,Bad Bunny,EoO,204768,2025-09-25 22:37:00
Urbano Latino,4. Jueves,CA7RIEL & Paco Amoroso,EN EL AFTER,24613,2025-09-25 22:39:00
Urbano Latino,4. Jueves,Rauw Alejandro,BABY HELLO,15223,2025-09-25 22:40:00
Urbano Latino,4. Jueves,Dillom,HEGEMONICA,106948,2025-09-25 22:46:00
Urbano Latino,4. Jueves,Cazzu,Bounce,133880,2025-09-25 22:48:00
Indie Pop,4. Jueves,LOUTA,QUEREME,73585,2025-09-25 22:49:00
Urbano Latino,4. Jueves,CA7RIEL & Paco Amoroso,AGUA,140957,2025-09-25 23:05:00
Urbano Latino,4. Jueves,CA7RIEL & Paco Amoroso,COSAS RICAS,6383,2025-09-25 23:06:00
Urbano Latino,4. Jueves,Bad Bunny,KLOuFRENS,199114,2025-09-25 23:10:00
Urbano Latino,4. Jueves,Trueno,THE ROOF IS ON FIRE,111160,2025-09-25 23:11:00
Urbano Latino,4. Jueves,CA7RIEL & Paco Amoroso,DUMBAI,6135,2025-09-25 23:23:00
Urbano Latino,4. Jueves,Trueno,LO TENGO,4074,2025-09-25 23:23:00
Urbano Latino,4. Jueves,CA7RIEL & Paco Amoroso,EN EL AFTER,138857,2025-09-25 23:23:00
Urbano Latino,4. Jueves,Trueno,DANCE CRIP,7567,2025-09-25 23:23:00
Urbano Latino,4. Jueves,Bad Bunny,Aguacero,10443,2025-09-25 23:24:00
Urbano Latino,4. Jueves,CA7RIEL & Paco Amoroso,EL ÚNICO,152022,2025-09-25 23:31:00
Urbano Latino,4. Jueves,Bad Bunny,VeLDÁ,235336,2025-09-25 23:35:00
Urbano Latino,4. Jueves,Tokischa,Linda,144018,2025-09-25 23:37:00
Urbano Latino,4. Jueves,Trueno,Ñeri,8921,2025-09-25 23:40:00
Urbano Latino,4. Jueves,Bad Bunny,EoO,204768,2025-09-25 23:44:00
Urbano Latino,4. Jueves,Bad Bunny,El Apagón,201816,2025-09-25 23:53:00
Urbano Latino,4. Jueves,DJ Tao,KALEB DI MASI | DJ TAO Turreo Sessions #5,8409,2025-09-25 23:56:00
Urbano Latino,4. Jueves,Papu DJ,L-Gante: RKT SESSIONS #1,4538,2025-09-25 23:56:00
Urbano Latino,4. Jueves,Dillom,PELOTUDA,185905,2025-09-25 23:56:00
Urbano Latino,4. Jueves,Cazzu,Brinca,5707,2025-09-25 23:56:00
Urbano Latino,4. Jueves,Bad Bunny,Me Porto Bonito,178567,2025-09-25 23:59:00
Urbano Latino,5. Viernes,Dillom,OPA,111012,2025-09-26 00:25:00
Rock Argentino,5. Viernes,Divididos,Dame Un Limón,236946,2025-09-26 00:39:00
Indie Rock,5. Viernes,Rosario Bléfari,Viento Helado,178013,2025-09-26 00:42:00
Rock Argentino,5. Viernes,Charly García,Nuevos Trapos,245040,2025-09-26 00:46:00
Rock Argentino,5. Viernes,Fito Paez,Sable Chino,169733,2025-09-26 00:49:00
Indie Rock,5. Viernes,El Mató a un Policía Motorizado,Vienen Bajando,195773,2025-09-26 01:00:00
Rock Argentino,5. Viernes,Charly García,Inconsciente Colectivo,234293,2025-09-26 01:06:00
Rock Argentino,5. Viernes,Fito Paez,Tres Agujas,257653,2025-09-26 01:11:00
Rock Argentino,5. Viernes,María Rosa Yorio,Fanny Está Sola - Remastered,192914,2025-09-26 01:19:00
Rock Argentino,5. Viernes,Vox Dei,Genesis,197855,2025-09-26 01:27:00
Rock Argentino,5. Viernes,Oscar Moro,Como Me Gustaria Ser Negro,202480,2025-09-26 01:30:00
Rock Argentino,5. Viernes,Los Piojos,Murguita,7708,2025-09-26 01:34:00
Rock Argentino,5. Viernes,Marilina Bertoldi,En mi,210,2025-09-26 12:08:00
Urbano Latino,5. Viernes,Trueno,DANCE CRIP,165019,2025-09-26 23:10:00
Urbano Latino,5. Viernes,Bad Bunny,Otro Atardecer,244444,2025-09-26 23:14:00
Urbano Latino,5. Viernes,Bad Bunny,EoO,204768,2025-09-26 23:21:00
Urbano Latino,5. Viernes,CA7RIEL & Paco Amoroso,SHEESH,11695,2025-09-26 23:21:00
Urbano Latino,5. Viernes,CA7RIEL & Paco Amoroso,COSAS RICAS,160093,2025-09-26 23:24:00
Urbano Latino,5. Viernes,Bad Bunny,EL CLúB,24947,2025-09-26 23:25:00
Urbano Latino,5. Viernes,CA7RIEL & Paco Amoroso,"LA QUE PUEDE, PUEDE",3857,2025-09-26 23:25:00
Urbano Latino,5. Viernes,Bad Bunny,Aguacero,29202,2025-09-26 23:25:00
Urbano Latino,5. Viernes,Bad Bunny,Ojitos Lindos,10797,2025-09-26 23:29:00
Urbano Latino,5. Viernes,Bad Bunny,VeLDÁ,235336,2025-09-26 23:32:00
Urbano Latino,5. Viernes,Bad Bunny,Neverita,6805,2025-09-26 23:33:00
Urbano Latino,5. Viernes,Tokischa,Linda,2947,2025-09-26 23:33:00
Urbano Latino,5. Viernes,Trueno,TRANKY FUNKY,3124,2025-09-26 23:33:00
Urbano Latino,6. Sábado,CA7RIEL & Paco Amoroso,EN EL AFTER,39885,2025-09-27 00:04:00
Rock Argentino,6. Sábado,Babasonicos,Tajada,61481,2025-09-27 12:09:00
Rock Argentino,6. Sábado,Sui Generis,Mariel y el Capitán,163667,2025-09-27 12:23:00
Indie Rock,6. Sábado,Mac DeMarco,Moonlight on the River,13068,2025-09-27 12:32:00
Indie Rock,6. Sábado,Las Ligas Menores,A 1200 Km,229843,2025-09-27 12:32:00
Indie Rock,6. Sábado,MUGRE,SOMOS PROFESIONALES,193235,2025-09-27 12:36:00
Indie Rock,6. Sábado,MUGRE,DEPORTE AMERICANO,96430,2025-09-27 12:37:00
Indie Rock,6. Sábado,MUGRE,ESTAMOS BIEN IGUAL,201099,2025-09-27 12:41:00
Indie Rock,6. Sábado,MUGRE,SALTEMOS MOLINETES,163679,2025-09-27 12:43:00
Indie Rock,6. Sábado,MUGRE,TOY NO,46584,2025-09-27 12:44:00
Indie Rock,6. Sábado,Santiago Motorizado,No Recuerdo Nada,205000,2025-09-27 12:52:00
Indie Rock,6. Sábado,El Mató a un Policía Motorizado,Medalla de Oro,340200,2025-09-27 12:58:00
Indie Rock,6. Sábado,Las Ligas Menores,Todo Lo Que Pienso Hoy,196209,2025-09-27 13:01:00
Rock Argentino,6. Sábado,Babasonicos,Tormento,23805,2025-09-27 13:18:00
Rock Argentino,6. Sábado,Charly García,Piano Bar,293693,2025-09-27 18:49:00
Indie Pop,6. Sábado,The Smiths,Unloveable - 2011 Remaster,236667,2025-09-27 18:53:00
Indie Rock,6. Sábado,Suarez,Porvenir,6361,2025-09-27 18:53:00
Indie Folk,6. Sábado,The Lumineers,Patience,990,2025-09-27 18:53:00
Indie Folk,6. Sábado,The Lumineers,Patience,3672,2025-09-27 18:53:00
Rock Argentino,6. Sábado,Los Piojos,Ando Ganas (Llora Llora),2631,2025-09-27 18:53:00
Rock Argentino,6. Sábado,Los Piojos,Ando Ganas (Llora Llora),9414,2025-09-27 18:53:00
Rock Argentino,6. Sábado,Babasonicos,Un Flash,19460,2025-09-27 18:54:00
Indie Rock,6. Sábado,Fonso,Salir del Confort,4566,2025-09-27 19:00:00
Rock Argentino,6. Sábado,Charly García,Cuchillos,269067,2025-09-27 19:04:00
Rock Argentino,6. Sábado,Luis Alberto Spinetta,Correr Frente a Ti - En Vivo,242441,2025-09-27 19:12:00
Rock Argentino,6. Sábado,Babasonicos,Curtis,207131,2025-09-27 19:19:00
Indie Pop,6. Sábado,Lucas Martí,El murgón,175311,2025-09-27 19:35:00
Indie Folk,6. Sábado,José González,Head On,49329,2025-09-27 19:36:00
Indie Rock,6. Sábado,Marina Fages,El Límite,248007,2025-09-27 19:41:00
Indie Rock,6. Sábado,El Mató a un Policía Motorizado,Mi Próximo Movimiento,1071,2025-09-27 19:46:00
Indie Rock,6. Sábado,El Mató a un Policía Motorizado,Mi Próximo Movimiento,267760,2025-09-27 19:50:00
Indie Rock,6. Sábado,Rosario Bléfari,Cartas,124587,2025-09-27 19:52:00
Indie Rock,6. Sábado,Rosario Bléfari,Lobo,208573,2025-09-27 20:04:00
Indie Folk,6. Sábado,José González,El Invento,3920,2025-09-27 20:06:00
Urbano Latino,6. Sábado,Trueno,LO TENGO,1729,2025-09-27 20:06:00
Indie Rock,6. Sábado,El Mató a un Policía Motorizado,Terrorismo en la Copa del Mundo,242880,2025-09-27 20:21:00
Indie Rock,6. Sábado,Arcade Fire,The Lightning II,154320,2025-09-27 20:23:00
Rock Argentino,6. Sábado,Charly García,Zocacola,167067,2025-09-27 20:26:00
Indie Rock,6. Sábado,Cat Power,Sea of Love,139467,2025-09-27 20:29:00
Rock Argentino,6. Sábado,Serú Girán,San Francisco y el Lobo - 2019 Remasterizado,24310,2025-09-27 20:32:00
Rock Argentino,6. Sábado,Las Pelotas,Capitán América,188000,2025-09-27 20:32:00
Indie Rock,6. Sábado,Arcade Fire,Intervention,15355,2025-09-27 20:33:00
Rock Argentino,6. Sábado,Babasonicos,Anubis,6513,2025-09-27 20:49:00
Indie Pop,7. Domingo,Lucas Martí,Basta de Berlín,36032,2025-09-28 12:08:00
Indie Rock,7. Domingo,Rosario Bléfari,Vidrieras,27755,2025-09-28 14:24:00
Indie Rock,7. Domingo,El Mató a un Policía Motorizado,El Perro,22580,2025-09-28 15:26:00
Indie Rock,7. Domingo,El Mató a un Policía Motorizado,Doctora Muerte,21317,2025-09-28 15:26:00
Indie Rock,7. Domingo,El Mató a un Policía Motorizado,Escupíme - Sesión 20° Aniversario En Vivo,8532,2025-09-28 15:26:00
Indie Rock,7. Domingo,El Mató a un Policía Motorizado,Guitarra Comunista - Sesión 20° Aniversario En Vivo,8431,2025-09-28 15:27:00
Indie Rock,7. Domingo,El Mató a un Policía Motorizado,Terrorismo en la Copa del Mundo - Sesión 20° Aniversario En Vivo,26794,2025-09-28 15:28:00
Indie Rock,7. Domingo,El Mató a un Policía Motorizado,Terrorismo en la Copa del Mundo - Sesión 20° Aniversario En Vivo,226766,2025-09-28 16:11:00
Indie Rock,7. Domingo,El Mató a un Policía Motorizado,Diamante - Sesión 20° Aniversario En Vivo,150512,2025-09-28 16:13:00
Indie Rock,7. Domingo,El Mató a un Policía Motorizado,Guitarra Comunista - Sesión 20° Aniversario En Vivo,241268,2025-09-28 16:17:00
Indie Rock,7. Domingo,El Mató a un Policía Motorizado,Prenderte Fuego - Sesión 20° Aniversario En Vivo,295124,2025-09-28 16:22:00
Indie Rock,7. Domingo,El Mató a un Policía Motorizado,Prenderte Fuego - Sesión 20° Aniversario En Vivo,840,2025-09-28 17:02:00
Indie Pop,7. Domingo,NOTA,No Cesara,102440,2025-09-28 17:52:00
Indie Pop,7. Domingo,NOTA,Tantos Sueños,45592,2025-09-28 17:52:00
Indie Rock,7. Domingo,MUGRE,SALTEMOS MOLINETES,79955,2025-09-28 17:54:00
Indie Rock,7. Domingo,MUGRE,SOMOS PROFESIONALES,97320,2025-09-28 17:57:00
Indie Rock,7. Domingo,Mora y los Metegoles,Cuidado,4597,2025-09-28 17:57:00
Indie Rock,7. Domingo,Marina Fages,Provincia,191604,2025-09-28 19:21:00
Indie Rock,7. Domingo,Marina Fages,Provincia,12767,2025-09-28 19:50:00
Rock Argentino,7. Domingo,Luis Alberto Spinetta,Sinfín,5326,2025-09-28 20:04:00
Rock Argentino,7. Domingo,Marilina Bertoldi,Cosa Mía,169693,2025-09-28 20:04:00
Indie Pop,7. Domingo,Bandalos Chinos,Súper V,172613,2025-09-28 20:11:00
Indie Rock,7. Domingo,Las Ligas Menores,Accidente,145240,2025-09-28 20:37:00
Rock Argentino,7. Domingo,Marilina Bertoldi,Fumar de día,4019,2025-09-28 20:38:00
Indie Rock,7. Domingo,Mora y los Metegoles,Vestida para Morir,17519,2025-09-28 20:42:00
Rock Argentino,7. Domingo,Los Visitantes,Playas Oscuras,1187,2025-09-28 20:42:00
Rock Argentino,7. Domingo,Miguel Abuelo,Dónde Está la Ternura - Inédito - En Vivo,3672,2025-09-28 20:42:00
Rock Argentino,7. Domingo,Los Visitantes,Playas Oscuras,241067,2025-09-28 20:50:00
Indie Pop,7. Domingo,Los Besos,Mi postura,2618,2025-09-28 21:01:00
Rock Argentino,7. Domingo,Patricio Rey y sus Redonditos de Ricota,Tarea Fina,223040,2025-09-28 21:04:00
Indie Folk,7. Domingo,Karina Vismara,Sola por la Ciudad,173340,2025-09-28 21:36:00
Indie Folk,7. Domingo,Karina Vismara,Sola por la Ciudad,5257,2025-09-28 22:25:00
Indie Rock,7. Domingo,Marina Fages,Tu Modo Amable,1886,2025-09-28 22:27:00
Indie Rock,7. Domingo,Mac DeMarco,Blue Boy,76645,2025-09-28 22:27:00
Rock Argentino,7. Domingo,Fito Paez,Instant-Taneas,3662,2025-09-28 22:28:00
Indie Rock,7. Domingo,Suarez,Excursiones,254093,2025-09-28 22:32:00
Indie Pop,7. Domingo,Amor Elefante,Disimulando,85360,2025-09-28 22:33:00
Indie Rock,7. Domingo,Julian Casablancas,11th Dimension,62107,2025-09-28 22:35:00
Indie Rock,7. Domingo,Julian Casablancas,11th Dimension,320,2025-09-28 23:03:00
Rock Argentino,7. Domingo,Los Piojos,Sudestada,200247,2025-09-28 23:50:00
Indie Folk,1. Lunes,Feli Colina,Susurrito,441,2025-09-29 14:17:00
Indie Rock,1. Lunes,beabadoobee,Coming Home,135840,2025-09-29 22:57:00
Indie Pop,1. Lunes,Remi Wolf,Soup,131090,2025-09-29 22:59:00
Indie Pop,1. Lunes,Remi Wolf,Kangaroo,234483,2025-09-29 23:13:00
Urbano Latino,1. Lunes,CA7RIEL & Paco Amoroso,EN EL AFTER,138857,2025-09-29 23:19:00
Urbano Latino,1. Lunes,CA7RIEL & Paco Amoroso,AGUA,140958,2025-09-29 23:21:00
Urbano Latino,1. Lunes,CA7RIEL & Paco Amoroso,EL ÚNICO,152022,2025-09-29 23:42:00
Urbano Latino,1. Lunes,CA7RIEL & Paco Amoroso,SHEESH,136407,2025-09-29 23:47:00
Urbano Latino,1. Lunes,Bad Bunny,EoO,204768,2025-09-29 23:52:00
Urbano Latino,1. Lunes,Bad Bunny,KLOuFRENS,199115,2025-09-29 23:57:00
Urbano Latino,2. Martes,Bad Bunny,EL CLúB,222569,2025-09-30 00:05:00
Urbano Latino,2. Martes,CA7RIEL & Paco Amoroso,"LA QUE PUEDE, PUEDE",3689,2025-09-30 00:09:00
Urbano Latino,2. Martes,Bad Bunny,Aguacero,11822,2025-09-30 00:09:00
Urbano Latino,2. Martes,Trueno,LO TENGO,167443,2025-09-30 00:12:00
Indie Rock,2. Martes,El Fin Del Cuento,Fueego,177561,2025-09-30 00:22:00
Indie Rock,2. Martes,El Fin Del Cuento,Lo Que Dura el Atardecer,22380,2025-09-30 00:23:00
Indie Pop,2. Martes,The Smiths,Unloveable - 2011 Remaster,236667,2025-09-30 00:35:00
Indie Pop,2. Martes,The Magic Numbers,Love Me Like You,257920,2025-09-30 00:40:00
Rock Argentino,2. Martes,Babasonicos,Ingrediente,216347,2025-09-30 00:44:00
Urbano Latino,2. Martes,Bad Bunny,BAILE INoLVIDABLE,18973,2025-09-30 00:47:00
Rock Argentino,2. Martes,Charly García,Filosofía Barata y Zapatos de Goma,231733,2025-09-30 00:55:00
Indie Pop,2. Martes,Isla de Caras,Idiota,208240,2025-09-30 01:09:00
Urbano Latino,2. Martes,Dillom,Reiki y yoga,4323,2025-09-30 22:24:00
Urbano Latino,2. Martes,Bad Bunny,Moscow Mule,245940,2025-09-30 22:24:00
Indie Rock,2. Martes,Mora y los Metegoles,Todo Lo Que,194087,2025-09-30 22:27:00
Indie Folk,2. Martes,José González,Valle Local,10664,2025-09-30 22:31:00
Rock Argentino,2. Martes,Gustavo Cerati,Desastre,216413,2025-09-30 22:35:00
Rock Argentino,2. Martes,Sui Generis,Juan Represión,13138,2025-09-30 22:35:00
Rock Argentino,2. Martes,Babasonicos,Trinchera,5404,2025-09-30 22:35:00
Indie Rock,2. Martes,XENEZE,When i Wake,221333,2025-09-30 22:39:00
Rock Argentino,2. Martes,Charly García,Música Del Alma - En Vivo,251296,2025-09-30 22:43:00
Rock Argentino,2. Martes,Babasonicos,Tajada,18651,2025-09-30 22:44:00
Urbano Latino,2. Martes,Trueno,Ñeri,194735,2025-09-30 22:50:00
Urbano Latino,2. Martes,CA7RIEL & Paco Amoroso,AGUA,3970,2025-09-30 22:53:00
Urbano Latino,2. Martes,CA7RIEL & Paco Amoroso,EN EL AFTER,4482,2025-09-30 22:53:00
Urbano Latino,2. Martes,Trueno,DANCE CRIP,165019,2025-09-30 23:00:00
Urbano Latino,2. Martes,Bad Bunny,Neverita,173119,2025-09-30 23:03:00
Urbano Latino,2. Martes,CA7RIEL & Paco Amoroso,EL ÚNICO,152022,2025-09-30 23:12:00
Urbano Latino,2. Martes,Trueno,TRANKY FUNKY,158326,2025-09-30 23:18:00
Urbano Latino,2. Martes,Bad Bunny,Otro Atardecer,244444,2025-09-30 23:25:00
Urbano Latino,2. Martes,CA7RIEL & Paco Amoroso,SHEESH,136407,2025-09-30 23:27:00
Urbano Latino,2. Martes,Trueno,THE ROOF IS ON FIRE,111161,2025-09-30 23:29:00
Urbano Latino,2. Martes,Trueno,THE ROOF IS ON FIRE,111161,2025-09-30 23:31:00
Urbano Latino,2. Martes,Bad Bunny,Aguacero,210989,2025-09-30 23:42:00
Urbano Latino,2. Martes,Trueno,Sangría - con WOS,6292,2025-09-30 23:56:00
Urbano Latino,2. Martes,Bad Bunny,EoO,204768,2025-09-30 23:56:00
Urbano Latino,3. Miércoles,CA7RIEL & Paco Amoroso,DUMBAI,148253,2025-10-01 00:06:00
Urbano Latino,3. Miércoles,Bad Bunny,VeLDÁ,235337,2025-10-01 00:15:00
Urbano Latino,3. Miércoles,Tokischa,Linda,36723,2025-10-01 01:12:00
Indie Pop,4. Jueves,Ainda,KILÓMETROS,10910,2025-10-02 12:08:00
Rock Argentino,5. Viernes,Don Cornelio Y La Zona,Tazas De Té Chino - Remastered,938,2025-10-03 14:10:00
Urbano Latino,5. Viernes,CA7RIEL & Paco Amoroso,SHEESH,818,2025-10-03 22:34:00
Urbano Latino,5. Viernes,Bad Bunny,Ojitos Lindos,27779,2025-10-03 22:34:00
Urbano Latino,5. Viernes,CA7RIEL & Paco Amoroso,"LA QUE PUEDE, PUEDE",842,2025-10-03 22:34:00
Urbano Latino,5. Viernes,Bad Bunny,EoO,2436,2025-10-03 22:38:00
Urbano Latino,5. Viernes,Bad Bunny,EoO,129770,2025-10-03 22:38:00
Urbano Latino,5. Viernes,Bad Bunny,EoO,6088,2025-10-03 22:38:00
Urbano Latino,5. Viernes,Bad Bunny,EoO,2249,2025-10-03 22:38:00
Urbano Latino,5. Viernes,Trueno,LO TENGO,1115,2025-10-03 22:39:00
Urbano Latino,5. Viernes,CA7RIEL & Paco Amoroso,AGUA,967,2025-10-03 22:39:00
Urbano Latino,5. Viernes,Bad Bunny,KLOuFRENS,199115,2025-10-03 22:42:00
Urbano Latino,5. Viernes,CA7RIEL & Paco Amoroso,EN EL AFTER,138857,2025-10-03 22:44:00
Urbano Latino,5. Viernes,CA7RIEL & Paco Amoroso,COSAS RICAS,71432,2025-10-03 22:47:00
Urbano Latino,5. Viernes,Bad Bunny,Otro Atardecer,11790,2025-10-03 22:50:00
Urbano Latino,5. Viernes,Bad Bunny,Otro Atardecer,3323,2025-10-03 22:51:00
Urbano Latino,5. Viernes,Bad Bunny,EL CLúB,50723,2025-10-03 23:04:00
Urbano Latino,5. Viernes,Trueno,Sangría - con WOS,1133,2025-10-03 23:04:00
Urbano Latino,5. Viernes,CA7RIEL & Paco Amoroso,EL ÚNICO,1111,2025-10-03 23:04:00
Urbano Latino,5. Viernes,Tokischa,Linda,1599,2025-10-03 23:04:00
Urbano Latino,5. Viernes,CA7RIEL & Paco Amoroso,DUMBAI,4244,2025-10-03 23:13:00
Urbano Latino,5. Viernes,Trueno,DANCE CRIP,7210,2025-10-03 23:15:00
Urbano Latino,5. Viernes,Bad Bunny,Neverita,173119,2025-10-03 23:17:00
Urbano Latino,5. Viernes,Bad Bunny,VeLDÁ,235337,2025-10-03 23:21:00
Urbano Latino,5. Viernes,Trueno,Ñeri,7029,2025-10-03 23:27:00
Rock Argentino,5. Viernes,Miguel Abuelo,Verili,1218,2025-10-03 23:37:00
Indie Pop,5. Viernes,Los Mundos Posibles,La Guerra del Japón,1367,2025-10-03 23:37:00
Indie Pop,5. Viernes,The Magic Numbers,Forever Lost,2423,2025-10-03 23:37:00
Rock Argentino,5. Viernes,Charly García,Dos Cero Uno,4047,2025-10-03 23:37:00
Rock Argentino,5. Viernes,Palo Pandolfo,La Idea,1472,2025-10-03 23:37:00
Indie Rock,5. Viernes,Suarez,Excursiones,254093,2025-10-03 23:41:00
Indie Rock,5. Viernes,Suarez,Excursiones,5556,2025-10-03 23:42:00
Rock Argentino,5. Viernes,Miguel Abuelo,Verili,65963,2025-10-03 23:51:00
Indie Rock,6. Sábado,Suarez,Excursiones,247969,2025-10-04 00:00:00
Indie Rock,6. Sábado,Arcade Fire,Age of Anxiety II (Rabbit Hole),401253,2025-10-04 00:27:00
Indie Pop,6. Sábado,Los Besos,Soy tu ventana,145090,2025-10-04 00:29:00
Indie Pop,6. Sábado,Ainda,El equilibrio,185920,2025-10-04 00:32:00
Indie Rock,6. Sábado,Mora y los Metegoles,Vestida para Morir,153800,2025-10-04 00:42:00
Rock Argentino,6. Sábado,Charly García,Raros Peinados Nuevos,214760,2025-10-04 00:45:00
Indie Rock,6. Sábado,Arcade Fire,Sprawl II (Mountains Beyond Mountains),325547,2025-10-04 00:54:00
Indie Rock,6. Sábado,Usted Señalemelo,Horizonte,170000,2025-10-04 00:57:00
Rock Argentino,6. Sábado,Charly García,Adela en el Carrousell,315560,2025-10-04 01:06:00
Rock Argentino,6. Sábado,Charly García,No Se Va A Llamar Mi Amor,130320,2025-10-04 01:09:00
Indie Folk,6. Sábado,José González,Horizons,2708,2025-10-04 12:03:00
Indie Rock,6. Sábado,Viva Elastico,Rebeldía y Swing,1537,2025-10-04 12:03:00
Rock Argentino,6. Sábado,Charly García,No Soy Un Extraño,101446,2025-10-04 12:03:00
Indie Rock,6. Sábado,Usted Señalemelo,Las Flores Sangran,2762,2025-10-04 12:03:00
Indie Pop,6. Sábado,Axel Fiks,Fellinesca,1481,2025-10-04 12:03:00
Rock Argentino,6. Sábado,Charly García,La Ruta del Tentempié,260013,2025-10-04 12:11:00
Indie Rock,6. Sábado,Arcade Fire,Intervention,259000,2025-10-04 12:21:00
Rock Argentino,6. Sábado,Divididos,Amapola del 66,370227,2025-10-04 12:27:00
Indie Rock,6. Sábado,Bestia Bebé,El rock and roll pasó de moda,241297,2025-10-04 12:31:00
Indie Rock,6. Sábado,Arcade Fire,Sprawl II (Mountains Beyond Mountains),325547,2025-10-04 12:47:00
Rock Argentino,6. Sábado,Serú Girán,Salir De La Melancolía,125733,2025-10-04 12:54:00
Indie Pop,6. Sábado,Melanie Williams,El Japonés,148918,2025-10-04 12:57:00
Indie Rock,6. Sábado,Usted Señalemelo,"Puedo Morir, Puedo Caer",246600,2025-10-04 13:01:00
Indie Pop,6. Sábado,Ainda,El equilibrio,185920,2025-10-04 13:04:00
Rock Argentino,6. Sábado,Fito Paez,Parte Del Aire,305493,2025-10-04 13:22:00
Indie Pop,6. Sábado,Los Mundos Posibles,La Guerra del Japón,170326,2025-10-04 13:28:00
Indie Pop,6. Sábado,Ainda,KILÓMETROS,150437,2025-10-04 13:49:00
Rock Argentino,6. Sábado,Fito Paez,Solo La La La,28489,2025-10-04 14:03:00
Rock Argentino,6. Sábado,Luis Alberto Spinetta,Halo Lunar,334227,2025-10-04 14:11:00
Indie Rock,6. Sábado,boygenius,$20,200093,2025-10-04 14:14:00
Rock Argentino,6. Sábado,Charly García,Música Del Alma - En Vivo,251296,2025-10-04 14:18:00
Rock Argentino,6. Sábado,Babasonicos,Soy Rock,160064,2025-10-04 14:21:00
Indie Pop,6. Sábado,Ainda,ROMPECABEZAS,129727,2025-10-04 14:28:00
Indie Rock,6. Sábado,Rosario Bléfari,Lobo,208573,2025-10-04 14:36:00
Rock Argentino,6. Sábado,Babasonicos,Madera Ideológica,245884,2025-10-04 14:51:00
Indie Rock,6. Sábado,Mi Amigo Invencible,LA ARAÑA,208962,2025-10-04 14:54:00
Rock Argentino,6. Sábado,Charly García,Parte de la Religión,186600,2025-10-04 14:57:00
Indie Folk,6. Sábado,Román Martino,Vecina,165821,2025-10-04 15:01:00
Rock Argentino,6. Sábado,Serú Girán,Voy a Mil - 2021 Remasterizado,185062,2025-10-04 15:08:00
Indie Folk,6. Sábado,Chechi de Marcos,Casi Nunca Entiendo Nada,36,2025-10-04 15:28:00
Rock Argentino,6. Sábado,Luis Alberto Spinetta,La Bengala Perdida,9364,2025-10-04 15:28:00
Rock Argentino,6. Sábado,Serú Girán,Cinema Verité,293213,2025-10-04 16:31:00
Rock Argentino,6. Sábado,Patricio Rey y sus Redonditos de Ricota,Ya Nadie Va a Escuchar Tu Remera,238133,2025-10-04 16:35:00
Rock Argentino,6. Sábado,Serú Girán,En La Vereda Del Sol,225187,2025-10-04 16:39:00
Rock Argentino,6. Sábado,Babasonicos,Sharon Tate,148467,2025-10-04 16:42:00
Rock Argentino,6. Sábado,María Rosa Yorio,Fanny Está Sola - Remastered,192915,2025-10-04 16:52:00
Rock Argentino,6. Sábado,Patricio Rey y sus Redonditos de Ricota,Fuegos de Octubre,217560,2025-10-04 16:56:00
Rock Argentino,6. Sábado,Serú Girán,Frecuencia Modulada - 2019 Remasterizado,198345,2025-10-04 16:59:00
Rock Argentino,6. Sábado,Charly García,Promesas Sobre El Bidet,164360,2025-10-04 17:07:00
Indie Rock,6. Sábado,Rosario Bléfari,Viento Helado,178013,2025-10-04 17:10:00
Rock Argentino,6. Sábado,Babasonicos,Barranca Abajo,155707,2025-10-04 17:12:00
Rock Argentino,6. Sábado,Patricio Rey y sus Redonditos de Ricota,Canción para Naufragios,361333,2025-10-04 17:19:00
Rock Argentino,6. Sábado,Serú Girán,Perro Andaluz - 2019 Remasterizado,296648,2025-10-04 17:23:00
Indie Rock,6. Sábado,Usted Señalemelo,Pana,202406,2025-10-04 17:27:00
Indie Rock,6. Sábado,Santiago Motorizado,La Noche Eterna (Portal Sessions),330843,2025-10-04 17:32:00
Rock Argentino,6. Sábado,Los Piojos,Gris,309680,2025-10-04 17:43:00
Rock Argentino,6. Sábado,Patricio Rey y sus Redonditos de Ricota,Música para Pastillas,274827,2025-10-04 17:47:00
Rock Argentino,6. Sábado,Serú Girán,El Mendigo en el Andén - 2021 Remasterizado,228573,2025-10-04 17:51:00
Rock Argentino,6. Sábado,Divididos,Spaghetti del Rock,212880,2025-10-04 17:55:00
Rock Argentino,6. Sábado,Charly García,Los Dinosaurios,208093,2025-10-04 17:58:00
Rock Argentino,6. Sábado,Fito Paez,Pétalo de sal,163280,2025-10-04 18:01:00
Indie Rock,6. Sábado,El Mató a un Policía Motorizado,Vienen Bajando,195773,2025-10-04 18:04:00
Rock Argentino,6. Sábado,Patricio Rey y sus Redonditos de Ricota,Preso en Mi Ciudad,225788,2025-10-04 18:08:00
Indie Rock,7. Domingo,Usted Señalemelo,Horizonte,8539,2025-10-05 12:08:00
Rock Argentino,7. Domingo,Serú Girán,Perro Andaluz - 2019 Remasterizado,296648,2025-10-05 13:19:00
Indie Pop,7. Domingo,MGMT,The Youth,28949,2025-10-05 13:23:00
Rock Argentino,7. Domingo,Charly García,Tuve Tu Amor,210053,2025-10-05 13:23:00
Rock Argentino,7. Domingo,Charly García,Tuve Tu Amor,13690,2025-10-05 13:23:00
Indie Pop,7. Domingo,MGMT,The Youth,930,2025-10-05 13:24:00
Indie Rock,7. Domingo,Arcade Fire,Age of Anxiety II (Rabbit Hole),5079,2025-10-05 13:24:00
Rock Argentino,7. Domingo,Babasonicos,La Izquierda de la Noche,1620,2025-10-05 13:24:00
Indie Pop,7. Domingo,Ainda,NO TE ALEJES,1384,2025-10-05 13:24:00
Rock Argentino,7. Domingo,Babasonicos,Sharon Tate,148467,2025-10-05 13:26:00
Rock Argentino,7. Domingo,Fabiana Cantilo,Una Tregua,210427,2025-10-05 13:30:00
Rock Argentino,7. Domingo,Serú Girán,Perro Andaluz - 2019 Remasterizado,296648,2025-10-05 13:40:00
Indie Rock,7. Domingo,Usted Señalemelo,Nuevo Comienzo,186202,2025-10-05 13:45:00
Rock Argentino,7. Domingo,Babasonicos,Deshoras - Version For USA,213907,2025-10-05 13:54:00
Rock Argentino,7. Domingo,Pescado Rabioso,Credulidad,184693,2025-10-05 13:57:00
Indie Pop,7. Domingo,Isla de Caras,Idiota,17234,2025-10-05 16:24:00
Indie Rock,7. Domingo,Usted Señalemelo,"Nena, dime algo.",1843,2025-10-05 16:24:00
Rock Argentino,7. Domingo,Serú Girán,Perro Andaluz - 2019 Remasterizado,296648,2025-10-05 16:29:00
Rock Argentino,7. Domingo,La Renga,Blues De Bolivia - Live,68840,2025-10-05 16:30:00
Urbano Latino,7. Domingo,CA7RIEL & Paco Amoroso,SHEESH,429,2025-10-05 16:31:00
Indie Rock,7. Domingo,El Mató a un Policía Motorizado,La Noche Eterna,6358,2025-10-05 16:31:00
Urbano Latino,7. Domingo,Bad Bunny,KLOuFRENS,5168,2025-10-05 16:31:00
Rock Argentino,7. Domingo,Serú Girán,Cinema Verité,21538,2025-10-05 16:32:00
Rock Argentino,7. Domingo,Serú Girán,Perro Andaluz - 2019 Remasterizado,296648,2025-10-05 16:37:00
Indie Rock,7. Domingo,XENEZE,When i Wake,221333,2025-10-05 17:06:00
Rock Argentino,7. Domingo,Fito Paez,Parte Del Aire,305493,2025-10-05 17:11:00
Indie Rock,7. Domingo,Las Ligas Menores,Todo Lo Que Pienso Hoy,196209,2025-10-05 17:15:00
Indie Folk,7. Domingo,Karina Vismara,Sola por la Ciudad,280000,2025-10-05 17:19:00
Rock Argentino,7. Domingo,Almendra,A Estos Hombres Tristes,356747,2025-10-05 17:25:00
Rock Argentino,7. Domingo,Los Piojos,Murguita,212040,2025-10-05 17:51:00
Rock Argentino,7. Domingo,Palo Pandolfo,Tu Amor,60016,2025-10-05 18:26:00
Urbano Latino,7. Domingo,Kiddie Gang,Morfina,32517,2025-10-05 18:30:00
Rock Argentino,7. Domingo,Palo Pandolfo,Tu Amor,229092,2025-10-05 18:30:00
Rock Argentino,7. Domingo,Divididos,Haciendo Cosas Raras,184973,2025-10-05 18:33:00
Rock Argentino,7. Domingo,Luis Alberto Spinetta,Viento del Azur,7107,2025-10-05 18:34:00
Rock Argentino,7. Domingo,Charly García,La Ruta del Tentempié,2420,2025-10-05 18:47:00
Rock Argentino,7. Domingo,Charly García,La Ruta del Tentempié,257629,2025-10-05 19:38:00
Rock Argentino,7. Domingo,Marilina Bertoldi,O No?,1725,2025-10-05 19:43:00
Rock Argentino,7. Domingo,Bersuit Vergarabat,Danza De Los Muertos Pobres - Live In Buenos Aires / 2001,271347,2025-10-05 19:47:00
Rock Argentino,7. Domingo,Babasonicos,Soy Rock,143193,2025-10-05 20:00:00
Rock Argentino,1. Lunes,Los Piojos,Gris,11403,2025-10-06 22:41:00
Indie Rock,1. Lunes,Arcade Fire,The Lightning I,10802,2025-10-06 22:42:00
Urbano Latino,1. Lunes,Trueno,Ñeri,194735,2025-10-06 22:45:00
Urbano Latino,1. Lunes,Bad Bunny,EoO,204768,2025-10-06 22:48:00
Urbano Latino,1. Lunes,Bad Bunny,KLOuFRENS,199115,2025-10-06 23:04:00
Urbano Latino,1. Lunes,CA7RIEL & Paco Amoroso,EN EL AFTER,138857,2025-10-06 23:16:00
Urbano Latino,1. Lunes,CA7RIEL & Paco Amoroso,EN EL AFTER,6935,2025-10-06 23:18:00
Urbano Latino,1. Lunes,Bad Bunny,KLOuFRENS,199115,2025-10-06 23:23:00
Urbano Latino,1. Lunes,CA7RIEL & Paco Amoroso,EN EL AFTER,26052,2025-10-06 23:26:00
Urbano Latino,1. Lunes,CA7RIEL & Paco Amoroso,EN EL AFTER,1202,2025-10-06 23:27:00
Urbano Latino,1. Lunes,Tokischa,Linda,985,2025-10-06 23:27:00
Urbano Latino,1. Lunes,Bad Bunny,Ojitos Lindos,759,2025-10-06 23:27:00
Urbano Latino,1. Lunes,Bad Bunny,Neverita,173119,2025-10-06 23:30:00
Urbano Latino,1. Lunes,CA7RIEL & Paco Amoroso,DUMBAI,148253,2025-10-06 23:35:00
Urbano Latino,1. Lunes,CA7RIEL & Paco Amoroso,DUMBAI,12215,2025-10-06 23:38:00
Urbano Latino,1. Lunes,Bad Bunny,Otro Atardecer,2601,2025-10-06 23:38:00
Urbano Latino,1. Lunes,CA7RIEL & Paco Amoroso,SHEESH,136407,2025-10-06 23:40:00
Urbano Latino,1. Lunes,CA7RIEL & Paco Amoroso,COSAS RICAS,160093,2025-10-06 23:50:00
Urbano Latino,1. Lunes,CA7RIEL & Paco Amoroso,EL ÚNICO,152022,2025-10-06 23:53:00
Urbano Latino,1. Lunes,CA7RIEL & Paco Amoroso,"LA QUE PUEDE, PUEDE",154891,2025-10-06 23:56:00
Urbano Latino,2. Martes,Bad Bunny,VeLDÁ,235337,2025-10-07 00:03:00
Urbano Latino,2. Martes,Bad Bunny,EoO,204768,2025-10-07 00:07:00
Urbano Latino,2. Martes,Tokischa,Linda,122913,2025-10-07 00:09:00
Urbano Latino,2. Martes,Bad Bunny,EL CLúB,1732,2025-10-07 00:12:00
Urbano Latino,2. Martes,Bad Bunny,KLOuFRENS,199115,2025-10-07 00:12:00
Indie Pop,2. Martes,The Smiths,Unloveable - 2011 Remaster,507,2025-10-07 13:09:00
Rock Argentino,2. Martes,Serú Girán,Perro Andaluz - 2019 Remasterizado,296648,2025-10-07 14:31:00
Indie Pop,2. Martes,Los Besos,La Cascada de Tu Pelo Enredado,2613,2025-10-07 14:40:00
Indie Pop,2. Martes,Los Besos,Pésima Idea,533,2025-10-07 14:40:00
Indie Pop,2. Martes,Los Besos,El Dron,3843,2025-10-07 14:40:00
Indie Pop,2. Martes,Los Besos,Limeña,69403,2025-10-07 14:40:00
Indie Pop,2. Martes,Los Besos,Helados Verdes,36973,2025-10-07 14:40:00
Indie Pop,2. Martes,Los Besos,Dos Cassettes,9783,2025-10-07 14:41:00
Indie Pop,2. Martes,Los Besos,La Cascada de Tu Pelo Enredado,14203,2025-10-07 14:41:00
Indie Pop,2. Martes,Los Besos,Telón,8063,2025-10-07 14:41:00
Indie Pop,2. Martes,Los Besos,Chica de los trenes,127673,2025-10-07 14:43:00
Indie Pop,2. Martes,Los Besos,Mi postura,193833,2025-10-07 20:26:00
Indie Pop,2. Martes,Los Besos,Sus palabras,4291,2025-10-07 20:42:00
Indie Pop,2. Martes,Los Besos,Mi postura,50,2025-10-07 20:42:00
Rock Argentino,2. Martes,Los Piojos,Gris,259320,2025-10-07 20:58:00
Rock Argentino,2. Martes,Los Piojos,Gris,50369,2025-10-07 22:13:00
Indie Rock,2. Martes,Rosario Bléfari,Lobo,208573,2025-10-07 22:17:00
Rock Argentino,2. Martes,La Renga,Triste Canción De Amor,149640,2025-10-07 22:30:00
Indie Rock,3. Miércoles,Las Ligas Menores,La Paciencia,2737,2025-10-08 14:19:00
Rock Argentino,3. Miércoles,Serú Girán,Perro Andaluz - 2019 Remasterizado,296648,2025-10-08 22:54:00
Indie Rock,3. Miércoles,The Strokes,12:51,153133,2025-10-08 22:57:00
Rock Argentino,3. Miércoles,Gustavo Cerati,Llegaste,5618,2025-10-08 22:57:00
Indie Rock,3. Miércoles,El Mató a un Policía Motorizado,Chica de Oro,233587,2025-10-08 23:12:00
Urbano Latino,3. Miércoles,Trueno,THE ROOF IS ON FIRE,862,2025-10-08 23:12:00
Urbano Latino,3. Miércoles,Trueno,TRANKY FUNKY,1737,2025-10-08 23:12:00
Urbano Latino,3. Miércoles,Trueno,DANCE CRIP,1166,2025-10-08 23:13:00
Urbano Latino,3. Miércoles,Trueno,Ñeri,194735,2025-10-08 23:16:00
Urbano Latino,3. Miércoles,Bad Bunny,Neverita,173119,2025-10-08 23:47:00
Urbano Latino,3. Miércoles,CA7RIEL & Paco Amoroso,AGUA,140958,2025-10-08 23:50:00
Urbano Latino,3. Miércoles,Bad Bunny,Ojitos Lindos,258299,2025-10-08 23:54:00
Urbano Latino,3. Miércoles,CA7RIEL & Paco Amoroso,DUMBAI,148253,2025-10-08 23:56:00
Urbano Latino,4. Jueves,Bad Bunny,Otro Atardecer,244444,2025-10-09 00:01:00
Urbano Latino,4. Jueves,CA7RIEL & Paco Amoroso,SHEESH,136407,2025-10-09 00:03:00
Urbano Latino,4. Jueves,CA7RIEL & Paco Amoroso,COSAS RICAS,160093,2025-10-09 00:14:00
Urbano Latino,4. Jueves,CA7RIEL & Paco Amoroso,EL ÚNICO,152022,2025-10-09 00:19:00
Urbano Latino,4. Jueves,CA7RIEL & Paco Amoroso,"LA QUE PUEDE, PUEDE",154891,2025-10-09 00:21:00
Urbano Latino,4. Jueves,CA7RIEL & Paco Amoroso,EL ÚNICO,6456,2025-10-09 00:22:00
Urbano Latino,4. Jueves,CA7RIEL & Paco Amoroso,"LA QUE PUEDE, PUEDE",2530,2025-10-09 00:22:00
Urbano Latino,4. Jueves,CA7RIEL & Paco Amoroso,COSAS RICAS,1841,2025-10-09 00:22:00
Urbano Latino,4. Jueves,CA7RIEL & Paco Amoroso,EL ÚNICO,965,2025-10-09 00:23:00
Urbano Latino,4. Jueves,CA7RIEL & Paco Amoroso,"LA QUE PUEDE, PUEDE",706,2025-10-09 00:23:00
Urbano Latino,4. Jueves,CA7RIEL & Paco Amoroso,COSAS RICAS,1451,2025-10-09 00:23:00
Urbano Latino,4. Jueves,Bad Bunny,VeLDÁ,235337,2025-10-09 00:27:00
Urbano Latino,4. Jueves,Bad Bunny,EoO,204768,2025-10-09 00:30:00
Urbano Latino,4. Jueves,Tokischa,Linda,144019,2025-10-09 00:33:00
Urbano Latino,4. Jueves,CA7RIEL & Paco Amoroso,EL ÚNICO,2373,2025-10-09 00:38:00
Urbano Latino,4. Jueves,Bad Bunny,EoO,2421,2025-10-09 00:38:00
Urbano Latino,4. Jueves,Tokischa,Linda,2570,2025-10-09 00:38:00
Urbano Latino,4. Jueves,CA7RIEL & Paco Amoroso,"LA QUE PUEDE, PUEDE",3044,2025-10-09 00:38:00
Urbano Latino,4. Jueves,Bad Bunny,VeLDÁ,2850,2025-10-09 00:38:00
Urbano Latino,4. Jueves,Bad Bunny,KLOuFRENS,5878,2025-10-09 00:38:00
Urbano Latino,4. Jueves,Bad Bunny,KLOuFRENS,199115,2025-10-09 00:38:00
Urbano Latino,4. Jueves,CA7RIEL & Paco Amoroso,DUMBAI,3834,2025-10-09 00:39:00
Urbano Latino,4. Jueves,CA7RIEL & Paco Amoroso,DUMBAI,3556,2025-10-09 00:39:00
Urbano Latino,4. Jueves,CA7RIEL & Paco Amoroso,DUMBAI,2782,2025-10-09 00:39:00
Urbano Latino,4. Jueves,CA7RIEL & Paco Amoroso,EL ÚNICO,1232,2025-10-09 00:39:00
Urbano Latino,4. Jueves,CA7RIEL & Paco Amoroso,SHEESH,1781,2025-10-09 00:39:00
Urbano Latino,4. Jueves,CA7RIEL & Paco Amoroso,COSAS RICAS,1294,2025-10-09 00:39:00
Urbano Latino,4. Jueves,CA7RIEL & Paco Amoroso,COSAS RICAS,1121,2025-10-09 00:39:00
Urbano Latino,4. Jueves,Bad Bunny,Otro Atardecer,8803,2025-10-09 00:39:00
Urbano Latino,4. Jueves,Bad Bunny,Otro Atardecer,2238,2025-10-09 00:39:00
Urbano Latino,4. Jueves,Bad Bunny,Otro Atardecer,5345,2025-10-09 00:39:00
Urbano Latino,4. Jueves,Bad Bunny,Otro Atardecer,2243,2025-10-09 00:39:00
Urbano Latino,4. Jueves,CA7RIEL & Paco Amoroso,SHEESH,136407,2025-10-09 00:42:00
Urbano Latino,4. Jueves,CA7RIEL & Paco Amoroso,DUMBAI,870,2025-10-09 00:49:00
Urbano Latino,4. Jueves,Bad Bunny,Neverita,1048,2025-10-09 00:49:00
Urbano Latino,4. Jueves,CA7RIEL & Paco Amoroso,AGUA,880,2025-10-09 00:49:00
Urbano Latino,4. Jueves,CA7RIEL & Paco Amoroso,SHEESH,681,2025-10-09 00:49:00
Urbano Latino,4. Jueves,Bad Bunny,Ojitos Lindos,749,2025-10-09 00:49:00
Urbano Latino,4. Jueves,CA7RIEL & Paco Amoroso,COSAS RICAS,6139,2025-10-09 00:49:00
Urbano Latino,4. Jueves,Bad Bunny,Otro Atardecer,694,2025-10-09 00:49:00
Urbano Latino,4. Jueves,CA7RIEL & Paco Amoroso,EL DÍA DEL AMIGO,15635,2025-10-09 00:55:00
Urbano Latino,4. Jueves,CA7RIEL & Paco Amoroso,EL DÍA DEL AMIGO,170039,2025-10-09 00:55:00
Urbano Latino,4. Jueves,Bad Bunny,NUEVAYoL,183685,2025-10-09 01:01:00
Indie Pop,4. Jueves,El Zar,La Declaración,85896,2025-10-09 01:13:00
Rock Argentino,5. Viernes,Serú Girán,Canción De Alicia En El País Popurrí,3486,2025-10-10 19:41:00
Rock Argentino,5. Viernes,Serú Girán,Canción De Alicia En El País Popurrí,0,2025-10-10 19:41:00
Rock Argentino,5. Viernes,Serú Girán,Perro Andaluz - 2019 Remasterizado,57840,2025-10-10 19:48:00
Rock Argentino,5. Viernes,Serú Girán,Perro Andaluz - 2019 Remasterizado,238820,2025-10-10 20:52:00
Indie Folk,5. Viernes,Román Martino,Vecina,165821,2025-10-10 21:02:00
Indie Rock,5. Viernes,Santiago Motorizado,Google Maps,255998,2025-10-10 21:13:00
Indie Rock,5. Viernes,Arcade Fire,The Lightning II,25189,2025-10-10 21:59:00
Indie Rock,5. Viernes,Arcade Fire,The Lightning II,3208,2025-10-10 22:14:00
Indie Folk,5. Viernes,José González,Horizons,6552,2025-10-10 22:15:00
Rock Argentino,5. Viernes,Marilina Bertoldi,Fumar de día,16233,2025-10-10 22:15:00
Indie Rock,5. Viernes,Las Ligas Menores,Crecer,131058,2025-10-10 22:22:00
Rock Argentino,5. Viernes,Charly García,La Gente Es la Misma,1700,2025-10-10 22:27:00
Rock Argentino,5. Viernes,Charly García,Víctima,15062,2025-10-10 22:27:00
Rock Argentino,5. Viernes,Charly García,Kurosawa,350867,2025-10-10 22:33:00
Rock Argentino,5. Viernes,Charly García,Piano Bar,293693,2025-10-10 22:50:00
Rock Argentino,5. Viernes,Divididos,Dame Un Limón,236947,2025-10-10 22:54:00
Rock Argentino,5. Viernes,Patricio Rey y sus Redonditos de Ricota,Masacre en el Puticlub,37783,2025-10-10 22:59:00
Rock Argentino,5. Viernes,Patricio Rey y sus Redonditos de Ricota,Tarea Fina,13382,2025-10-10 23:00:00
Rock Argentino,5. Viernes,Charly García,Cuchillos,20891,2025-10-10 23:00:00
Rock Argentino,5. Viernes,Patricio Rey y sus Redonditos de Ricota,Preso en Mi Ciudad,43382,2025-10-10 23:01:00
Rock Argentino,5. Viernes,Patricio Rey y sus Redonditos de Ricota,Rock para el Negro Atila,239088,2025-10-10 23:05:00
Rock Argentino,5. Viernes,Patricio Rey y sus Redonditos de Ricota,Preso en Mi Ciudad,7384,2025-10-10 23:05:00
Rock Argentino,5. Viernes,Patricio Rey y sus Redonditos de Ricota,Sorpresa de Shangai,21229,2025-10-10 23:05:00
Rock Argentino,5. Viernes,Patricio Rey y sus Redonditos de Ricota,Ya Nadie Va a Escuchar Tu Remera,238133,2025-10-10 23:09:00
Rock Argentino,5. Viernes,Patricio Rey y sus Redonditos de Ricota,Rock para los Dientes,209760,2025-10-10 23:13:00
Rock Argentino,5. Viernes,Divididos,Ala Delta,99020,2025-10-10 23:24:00
Indie Pop,6. Sábado,Los Besos,Hoy no,9763,2025-10-11 12:45:00
Rock Argentino,6. Sábado,Patricio Rey y sus Redonditos de Ricota,Rock para el Negro Atila,240107,2025-10-11 12:49:00
Rock Argentino,6. Sábado,Babasonicos,Ingrediente,216347,2025-10-11 12:53:00
Rock Argentino,6. Sábado,Marilina Bertoldi,Cosa Mía,1175,2025-10-11 12:54:00
Rock Argentino,6. Sábado,Babasonicos,Estertor,183092,2025-10-11 13:01:00
Rock Argentino,6. Sábado,Charly García,No Se Va A Llamar Mi Amor,130320,2025-10-11 13:06:00
Indie Folk,6. Sábado,Feli Colina,AVENIDO,12066,2025-10-11 13:06:00
Indie Pop,6. Sábado,Ainda,Maremagnum,243893,2025-10-11 13:15:00
Indie Rock,6. Sábado,Arcade Fire,Neighborhood #1 (Tunnels),284916,2025-10-11 13:23:00
Indie Rock,6. Sábado,Rosario Bléfari,Lobo,139648,2025-10-11 13:40:00
Rock Argentino,6. Sábado,Babasonicos,Sharon Tate,98387,2025-10-11 13:42:00
Rock Argentino,6. Sábado,Babasonicos,Lajotape,251760,2025-10-11 13:46:00
Rock Argentino,6. Sábado,Babasonicos,Capricho,158240,2025-10-11 13:49:00
Rock Argentino,6. Sábado,Patricio Rey y sus Redonditos de Ricota,"Pool, Averna y Papusa",25850,2025-10-11 13:49:00
Rock Argentino,6. Sábado,Los Piojos,Gris,82160,2025-10-11 13:51:00
Rock Argentino,6. Sábado,Los Piojos,Gris,441,2025-10-11 13:51:00
Rock Argentino,6. Sábado,Sui Generis,Mariel y el Capitán,698,2025-10-11 13:51:00
Indie Rock,6. Sábado,El Fin Del Cuento,Lo Que Dura el Atardecer,185762,2025-10-11 15:30:00
Indie Rock,6. Sábado,El Mató a un Policía Motorizado,Diamante Roto,3012,2025-10-11 15:30:00
Rock Argentino,6. Sábado,Pescado Rabioso,Todas las Hojas Son del Viento,130080,2025-10-11 15:36:00
Rock Argentino,6. Sábado,Babasonicos,Examenes,205493,2025-10-11 15:39:00
Rock Argentino,6. Sábado,Marilina Bertoldi,EL GORDO,216857,2025-10-11 15:43:00
Rock Argentino,6. Sábado,Charly García,Ojos De Video Tape,215493,2025-10-11 15:46:00
Indie Rock,6. Sábado,Santiago Motorizado,Muchacha de los Ojos Negros,238512,2025-10-11 15:50:00
Indie Pop,6. Sábado,Melanie Williams,NT al sol,202827,2025-10-11 15:54:00
Indie Rock,6. Sábado,Suarez,Río Paraná,188639,2025-10-11 16:00:00
Urbano Latino,6. Sábado,Dillom,Cirugía,216837,2025-10-11 16:03:00
Indie Pop,6. Sábado,The Smiths,Stretch out and Wait - 2008 Remaster,165533,2025-10-11 16:10:00
Rock Argentino,6. Sábado,Babasonicos,Árbol Palmera,252400,2025-10-11 16:18:00
Rock Argentino,6. Sábado,Charly García,Superhéroes,267653,2025-10-11 16:23:00
Rock Argentino,6. Sábado,Pescado Rabioso,Las Habladurias del Mundo,243267,2025-10-11 16:30:00
Rock Argentino,6. Sábado,Fito Paez,Lo que el viento nunca se llevó,258960,2025-10-11 16:38:00
Rock Argentino,6. Sábado,Babasonicos,Perfume Casino,260787,2025-10-11 16:58:00
Rock Argentino,6. Sábado,Charly García,Peluca Telefónica,301040,2025-10-11 17:03:00
Rock Argentino,6. Sábado,Pescado Rabioso,Bajan,204467,2025-10-11 17:28:00
Indie Pop,6. Sábado,The Smiths,Ask - 2011 Remaster,198147,2025-10-11 17:34:00
Rock Argentino,6. Sábado,Babasonicos,Rubí,225051,2025-10-11 17:37:00
Rock Argentino,6. Sábado,Charly García,Total Interferencia,297987,2025-10-11 17:42:00
Rock Argentino,6. Sábado,Serú Girán,¿Cuánto Tiempo Más Llevará? - Remastered 2012,235667,2025-10-11 17:46:00
Indie Pop,6. Sábado,Ainda,INFINITO,30432,2025-10-11 18:01:00
Rock Argentino,6. Sábado,Babasonicos,Celofán,195013,2025-10-11 21:15:00
Rock Argentino,6. Sábado,Almendra,Muchacha (Ojos de Papel),184480,2025-10-11 21:18:00
Rock Argentino,6. Sábado,Gustavo Cerati,Hoy Ya No Soy Yo,248573,2025-10-11 21:22:00
Rock Argentino,6. Sábado,Charly García,Tu Amor,4493,2025-10-11 21:23:00
Rock Argentino,6. Sábado,Divididos,Paisano De Hurlingham,14267,2025-10-11 21:23:00
Indie Pop,6. Sábado,The Smiths,Back to the Old House - 2011 Remaster,186627,2025-10-11 21:29:00
Indie Rock,7. Domingo,El Mató a un Policía Motorizado,El Mundo Extraño,238311,2025-10-12 01:09:00
Rock Argentino,7. Domingo,Babasonicos,El ídolo,153760,2025-10-12 01:12:00
Rock Argentino,7. Domingo,Gustavo Cerati,Rio Babel,42748,2025-10-12 01:13:00
Rock Argentino,7. Domingo,Patricio Rey y sus Redonditos de Ricota,Rock para el Negro Atila,240107,2025-10-12 01:17:00
Indie Rock,7. Domingo,Vampire Weekend,A-Punk,137760,2025-10-12 01:19:00
Rock Argentino,7. Domingo,Charly García,Pasajera en Trance,176664,2025-10-12 01:37:00
Rock Argentino,7. Domingo,Serú Girán,"Viernes, 3AM - 2019 Remasterizado",265312,2025-10-12 12:51:00
Rock Argentino,7. Domingo,Almendra,Plegaria para un Niño Dormido,241067,2025-10-12 12:55:00
Indie Pop,7. Domingo,Ainda,Recuerdos de Ypacaraí,246268,2025-10-12 13:00:00
Rock Argentino,7. Domingo,Pescado Rabioso,Dulce 3 Nocturno,304827,2025-10-12 13:18:00
Rock Argentino,7. Domingo,Pescado Rabioso,Dulce 3 Nocturno,823,2025-10-12 13:27:00
Indie Folk,7. Domingo,La Lá,La Felicidad,142707,2025-10-12 13:27:00
Rock Argentino,7. Domingo,Pescado Rabioso,Dulce 3 Nocturno,33040,2025-10-12 14:31:00
Rock Argentino,7. Domingo,Pescado Rabioso,Dulce 3 Nocturno,272833,2025-10-12 16:29:00
Indie Folk,7. Domingo,La Lá,La Felicidad,6598,2025-10-12 16:34:00
Rock Argentino,7. Domingo,Serú Girán,Desarma Y Sangra - Remastered 2012,222267,2025-10-12 20:01:00
Indie Folk,7. Domingo,Lola Parda,Amor Amor,4801,2025-10-12 20:07:00
Rock Argentino,7. Domingo,Pescado Rabioso,Dulce 3 Nocturno,184136,2025-10-12 21:29:00
Rock Argentino,7. Domingo,Sui Generis,Pequeñas Delicias de la Vida Conyugal,221507,2025-10-12 21:33:00
Urbano Latino,1. Lunes,CA7RIEL & Paco Amoroso,RE FORRO,185896,2025-10-13 22:32:00
Urbano Latino,1. Lunes,Bad Gyal,Fiebre - Prod. King DouDou,56280,2025-10-13 22:34:00
Urbano Latino,1. Lunes,CA7RIEL & Paco Amoroso,RE FORRO,185896,2025-10-13 22:37:00
Urbano Latino,1. Lunes,Bad Gyal,Fiebre - Prod. King DouDou,10451,2025-10-13 22:37:00
Urbano Latino,1. Lunes,Bad Bunny,KETU TeCRÉ,250789,2025-10-13 22:42:00
Urbano Latino,1. Lunes,Tainy,COLMILLO,47736,2025-10-13 22:43:00
Urbano Latino,1. Lunes,Tainy,COLMILLO,8043,2025-10-13 22:44:00
Urbano Latino,1. Lunes,Tainy,COLMILLO,787,2025-10-13 22:45:00
Urbano Latino,1. Lunes,Young Miko,Riri,1420,2025-10-13 22:45:00
Urbano Latino,1. Lunes,Bad Bunny,KETU TeCRÉ,9804,2025-10-13 22:45:00
Urbano Latino,1. Lunes,Dillom,PELOTUDA,185905,2025-10-13 22:48:00
Urbano Latino,1. Lunes,CA7RIEL & Paco Amoroso,EL DÍA DEL AMIGO,132355,2025-10-13 22:52:00
Urbano Latino,1. Lunes,Bad Bunny,NUEVAYoL,20157,2025-10-13 22:52:00
Urbano Latino,1. Lunes,Bad Bunny,VeLDÁ,11388,2025-10-13 22:53:00
Urbano Latino,1. Lunes,CA7RIEL & Paco Amoroso,DUMBAI,1556,2025-10-13 22:55:00
Urbano Latino,1. Lunes,Bad Bunny,Neverita,2359,2025-10-13 22:55:00
Urbano Latino,1. Lunes,CA7RIEL & Paco Amoroso,AGUA,1130,2025-10-13 22:55:00
Urbano Latino,1. Lunes,Bad Bunny,Ojitos Lindos,975,2025-10-13 22:55:00
Urbano Latino,1. Lunes,Bad Bunny,Otro Atardecer,1393,2025-10-13 22:55:00
Urbano Latino,1. Lunes,CA7RIEL & Paco Amoroso,EL ÚNICO,1470,2025-10-13 22:58:00
Urbano Latino,1. Lunes,CA7RIEL & Paco Amoroso,SHEESH,136407,2025-10-13 22:58:00
Urbano Latino,1. Lunes,CA7RIEL & Paco Amoroso,COSAS RICAS,1339,2025-10-13 22:58:00
Urbano Latino,1. Lunes,CA7RIEL & Paco Amoroso,"LA QUE PUEDE, PUEDE",154891,2025-10-13 23:01:00
Urbano Latino,1. Lunes,Bad Bunny,VeLDÁ,235337,2025-10-13 23:08:00
Urbano Latino,1. Lunes,Bad Bunny,EoO,204768,2025-10-13 23:14:00
Urbano Latino,1. Lunes,Tokischa,Linda,144019,2025-10-13 23:17:00
Urbano Latino,1. Lunes,Bad Bunny,KLOuFRENS,199115,2025-10-13 23:20:00
Urbano Latino,1. Lunes,Bad Bunny,EL CLúB,1800,2025-10-13 23:21:00
Urbano Latino,1. Lunes,Bad Bunny,Aguacero,210989,2025-10-13 23:40:00
Urbano Latino,1. Lunes,CA7RIEL & Paco Amoroso,EN EL AFTER,138857,2025-10-13 23:57:00
Urbano Latino,2. Martes,Bad Bunny,KETU TeCRÉ,250789,2025-10-14 00:05:00
Urbano Latino,2. Martes,Trueno,Sangría - con WOS,5022,2025-10-14 00:09:00
Urbano Latino,2. Martes,Trueno,LO TENGO,1030,2025-10-14 00:09:00
Urbano Latino,2. Martes,Trueno,TRANKY FUNKY,8251,2025-10-14 00:09:00
Urbano Latino,2. Martes,Trueno,THE ROOF IS ON FIRE,111161,2025-10-14 00:11:00
Urbano Latino,2. Martes,Trueno,DANCE CRIP,165019,2025-10-14 00:14:00
Urbano Latino,2. Martes,Trueno,Ñeri,194735,2025-10-14 00:17:00
Urbano Latino,2. Martes,Bad Bunny,Neverita,173119,2025-10-14 00:23:00
Urbano Latino,2. Martes,CA7RIEL & Paco Amoroso,AGUA,105501,2025-10-14 00:35:00
Rock Argentino,2. Martes,La Renga,Blues De Bolivia - Live,267,2025-10-14 12:57:00
Rock Argentino,2. Martes,Babasonicos,Advertencia,63613,2025-10-14 14:35:00
Urbano Latino,2. Martes,CA7RIEL & Paco Amoroso,EN EL AFTER,138857,2025-10-14 22:59:00
Urbano Latino,2. Martes,Bad Bunny,Ojitos Lindos,258299,2025-10-14 23:21:00
Urbano Latino,2. Martes,CA7RIEL & Paco Amoroso,SHEESH,136407,2025-10-14 23:24:00
Urbano Latino,2. Martes,Tokischa,Linda,1109,2025-10-14 23:24:00
Urbano Latino,2. Martes,CA7RIEL & Paco Amoroso,"LA QUE PUEDE, PUEDE",1889,2025-10-14 23:24:00
Urbano Latino,2. Martes,Bad Bunny,Aguacero,32717,2025-10-14 23:24:00
Urbano Latino,2. Martes,CA7RIEL & Paco Amoroso,COSAS RICAS,1482,2025-10-14 23:24:00
Urbano Latino,2. Martes,Bad Bunny,EoO,204768,2025-10-14 23:28:00
Urbano Latino,2. Martes,Trueno,THE ROOF IS ON FIRE,997,2025-10-14 23:37:00
Urbano Latino,2. Martes,Trueno,TRANKY FUNKY,1701,2025-10-14 23:37:00
Urbano Latino,2. Martes,CA7RIEL & Paco Amoroso,DUMBAI,148253,2025-10-14 23:40:00
Urbano Latino,2. Martes,CA7RIEL & Paco Amoroso,EL ÚNICO,152022,2025-10-14 23:44:00
Urbano Latino,2. Martes,Trueno,DANCE CRIP,165019,2025-10-14 23:50:00
Urbano Latino,3. Miércoles,Trueno,LO TENGO,167443,2025-10-15 00:06:00
Urbano Latino,3. Miércoles,Trueno,Sangría - con WOS,4383,2025-10-15 00:07:00
Urbano Latino,3. Miércoles,Bad Bunny,VeLDÁ,235337,2025-10-15 00:11:00
Urbano Latino,3. Miércoles,CA7RIEL & Paco Amoroso,AGUA,140958,2025-10-15 00:13:00
Urbano Latino,3. Miércoles,Bad Bunny,KLOuFRENS,199115,2025-10-15 00:16:00
Urbano Latino,3. Miércoles,Bad Bunny,EL CLúB,2974,2025-10-15 00:19:00
Urbano Latino,3. Miércoles,Bad Bunny,KETU TeCRÉ,250789,2025-10-15 00:28:00
Urbano Latino,3. Miércoles,Bad Bunny,Otro Atardecer,236148,2025-10-15 00:47:00
Rock Argentino,3. Miércoles,Charly García,Dos Cero Uno,107902,2025-10-15 22:23:00
Indie Rock,3. Miércoles,Arctic Monkeys,Body Paint,4920,2025-10-15 22:24:00
Urbano Latino,3. Miércoles,Bad Bunny,EoO,31435,2025-10-15 22:25:00
Urbano Latino,3. Miércoles,Bad Bunny,Neverita,173119,2025-10-15 22:31:00
Urbano Latino,3. Miércoles,Tokischa,Linda,17633,2025-10-15 22:35:00
Urbano Latino,3. Miércoles,CA7RIEL & Paco Amoroso,COSAS RICAS,1548,2025-10-15 22:35:00
Urbano Latino,3. Miércoles,Bad Bunny,Ojitos Lindos,16081,2025-10-15 22:39:00
Urbano Latino,3. Miércoles,Trueno,DANCE CRIP,1094,2025-10-15 22:39:00
Urbano Latino,3. Miércoles,CA7RIEL & Paco Amoroso,EN EL AFTER,138857,2025-10-15 22:41:00
Urbano Latino,3. Miércoles,CA7RIEL & Paco Amoroso,DUMBAI,148253,2025-10-15 22:44:00
Urbano Latino,3. Miércoles,Trueno,Ñeri,194735,2025-10-15 22:50:00
Urbano Latino,3. Miércoles,Bad Bunny,Aguacero,210989,2025-10-15 22:56:00
Urbano Latino,3. Miércoles,Bad Bunny,KLOuFRENS,199115,2025-10-15 23:04:00
Urbano Latino,3. Miércoles,Bad Bunny,KETU TeCRÉ,250789,2025-10-15 23:08:00
Urbano Latino,3. Miércoles,CA7RIEL & Paco Amoroso,"LA QUE PUEDE, PUEDE",154891,2025-10-15 23:11:00
Urbano Latino,3. Miércoles,CA7RIEL & Paco Amoroso,AGUA,887,2025-10-15 23:15:00
Urbano Latino,3. Miércoles,CA7RIEL & Paco Amoroso,EL ÚNICO,25977,2025-10-15 23:15:00
Urbano Latino,3. Miércoles,Trueno,THE ROOF IS ON FIRE,1148,2025-10-15 23:15:00
Urbano Latino,3. Miércoles,Bad Bunny,VeLDÁ,235337,2025-10-15 23:19:00
Urbano Latino,3. Miércoles,CA7RIEL & Paco Amoroso,SHEESH,136407,2025-10-15 23:22:00
Urbano Latino,3. Miércoles,Bad Bunny,Otro Atardecer,39419,2025-10-15 23:30:00
Urbano Latino,3. Miércoles,Bad Bunny,EL CLúB,1471,2025-10-15 23:33:00
Urbano Latino,3. Miércoles,Trueno,LO TENGO,5720,2025-10-15 23:33:00
Urbano Latino,3. Miércoles,Trueno,LO TENGO,6144,2025-10-15 23:33:00
Urbano Latino,3. Miércoles,Bad Bunny,EL CLúB,1187,2025-10-15 23:34:00
Urbano Latino,3. Miércoles,Trueno,LO TENGO,1149,2025-10-15 23:34:00
Urbano Latino,3. Miércoles,Trueno,Sangría - con WOS,1262,2025-10-15 23:43:00
Urbano Latino,3. Miércoles,Trueno,TRANKY FUNKY,1057,2025-10-15 23:43:00
Urbano Latino,3. Miércoles,Bad Bunny,EoO,1448,2025-10-15 23:44:00
Urbano Latino,3. Miércoles,Bad Bunny,Neverita,173119,2025-10-15 23:50:00
Urbano Latino,3. Miércoles,Tokischa,Linda,144019,2025-10-15 23:56:00
Urbano Latino,3. Miércoles,CA7RIEL & Paco Amoroso,COSAS RICAS,1260,2025-10-15 23:56:00
Urbano Latino,4. Jueves,Bad Bunny,Ojitos Lindos,258299,2025-10-16 00:03:00
Urbano Latino,4. Jueves,Trueno,DANCE CRIP,14073,2025-10-16 00:05:00
Urbano Latino,4. Jueves,CA7RIEL & Paco Amoroso,DUMBAI,1401,2025-10-16 00:06:00
Urbano Latino,4. Jueves,CA7RIEL & Paco Amoroso,EN EL AFTER,1447,2025-10-16 00:06:00
Urbano Latino,4. Jueves,Trueno,DANCE CRIP,495,2025-10-16 00:06:00
Urbano Latino,4. Jueves,Trueno,Ñeri,194735,2025-10-16 00:09:00
Urbano Latino,4. Jueves,Bad Bunny,Aguacero,12206,2025-10-16 00:23:00
Rock Argentino,4. Jueves,Pescado Rabioso,Dulce 3 Nocturno,304827,2025-10-16 00:37:00
Rock Argentino,4. Jueves,Charly García,Filosofía Barata y Zapatos de Goma,231733,2025-10-16 00:46:00
Indie Rock,4. Jueves,Mi Amigo Invencible,Olimpica,225424,2025-10-16 00:50:00
Indie Rock,4. Jueves,Viva Elastico,Imágenes de Amor,263419,2025-10-16 00:54:00
Urbano Latino,4. Jueves,Bad Bunny,Si Veo a Tu Mamá,170972,2025-10-16 01:07:00
Rock Argentino,4. Jueves,Charly García,Fantasy,182627,2025-10-16 01:10:00
Indie Pop,4. Jueves,The Smiths,Unloveable - 2011 Remaster,236667,2025-10-16 01:18:00
Rock Argentino,4. Jueves,Oscar Moro,Como Me Gustaria Ser Negro,202480,2025-10-16 01:21:00
Rock Argentino,4. Jueves,Gustavo Cerati,Sulky,269040,2025-10-16 01:35:00
Indie Rock,4. Jueves,Suarez,Río Paraná,188639,2025-10-16 01:38:00
Indie Rock,4. Jueves,Arcade Fire,The Suburbs (continued),87627,2025-10-16 01:52:00
Rock Argentino,4. Jueves,Charly García,La Ruta del Tentempié,260013,2025-10-16 01:56:00
Rock Argentino,4. Jueves,Divididos,Agua En Buenos Aires,325960,2025-10-16 02:02:00
Rock Argentino,4. Jueves,Babasonicos,Tormento,30387,2025-10-16 02:05:00
Urbano Latino,4. Jueves,CA7RIEL & Paco Amoroso,RE FORRO,185896,2025-10-16 15:20:00
Urbano Latino,4. Jueves,CA7RIEL & Paco Amoroso,"LA QUE PUEDE, PUEDE - Live at NPR MUSIC's Tiny Desk",32393,2025-10-16 20:57:00
Rock Argentino,5. Viernes,Airbag,Colombiana,82434,2025-10-17 11:59:00
Rock Argentino,5. Viernes,Airbag,Cicatrices,2363,2025-10-17 11:59:00
Rock Argentino,5. Viernes,Airbag,Por Mil Noches,3553,2025-10-17 12:00:00
Indie Pop,5. Viernes,Los Mundos Posibles,La Ciudad Mas Austral del Mundo,2230,2025-10-17 12:16:00
Indie Pop,5. Viernes,Los Besos,Limeña,4554,2025-10-17 15:28:00
Indie Pop,5. Viernes,Los Besos,Limeña,236286,2025-10-17 15:32:00
Indie Pop,5. Viernes,Los Besos,Modo Avión,57693,2025-10-17 15:33:00
Indie Pop,5. Viernes,Los Besos,Mi postura,196162,2025-10-17 15:36:00
Indie Pop,5. Viernes,Los Besos,Una pregunta,8421,2025-10-17 15:40:00
Indie Pop,5. Viernes,Los Besos,Chica de los trenes,202250,2025-10-17 15:40:00
Indie Pop,5. Viernes,Los Besos,Hoy no,4193,2025-10-17 15:40:00
Indie Pop,5. Viernes,Los Besos,Un kilo de tu pelo,56471,2025-10-17 15:41:00
Indie Pop,5. Viernes,Los Besos,Limeña,7313,2025-10-17 15:41:00
Indie Pop,5. Viernes,Los Besos,Vuela Mariposa,113267,2025-10-17 15:43:00
Indie Pop,5. Viernes,Los Besos,Bou Bou,131417,2025-10-17 15:45:00
Indie Pop,5. Viernes,Los Besos,Loco Corazón,181123,2025-10-17 15:48:00
Indie Pop,5. Viernes,Los Besos,El Frasco Dorado,2803,2025-10-17 15:48:00
Urbano Latino,5. Viernes,DANZI,Inercia tonta,0,2025-10-17 15:52:00
Indie Pop,5. Viernes,Los Besos,Cola y Madera,234893,2025-10-17 15:52:00
Indie Pop,5. Viernes,Los Besos,Pésima Idea,236440,2025-10-17 15:56:00
Indie Pop,5. Viernes,Los Besos,Loco Corazón,188493,2025-10-17 16:00:00
Indie Pop,5. Viernes,Los Besos,El Frasco Dorado,54460,2025-10-17 19:28:00
Indie Pop,5. Viernes,The Smiths,Stretch out and Wait - 2008 Remaster,165533,2025-10-17 22:39:00
Indie Rock,5. Viernes,The Strokes,Threat of Joy,2262,2025-10-17 22:41:00
Indie Folk,5. Viernes,Lola Parda,Alturas Confusas,133678,2025-10-17 22:41:00
Indie Folk,5. Viernes,Kings of Convenience,Misread,565,2025-10-17 22:41:00
Rock Argentino,5. Viernes,Moris,Pato Trabaja en una Carnicería,2323,2025-10-17 22:41:00
Rock Argentino,5. Viernes,Marilina Bertoldi,Amuleto,1998,2025-10-17 22:41:00
Rock Argentino,6. Sábado,Babasonicos,Curtis,1209,2025-10-18 12:40:00
Rock Argentino,6. Sábado,Babasonicos,Curtis,5432,2025-10-18 14:20:00
Rock Argentino,6. Sábado,Luis Alberto Spinetta,Halo Lunar,390,2025-10-18 14:20:00
Rock Argentino,6. Sábado,Babasonicos,Sharon Tate,27467,2025-10-18 14:20:00
Indie Rock,6. Sábado,El Mató a un Policía Motorizado,Medalla de Oro,340200,2025-10-18 14:26:00
Rock Argentino,6. Sábado,Miguel Abuelo,Verili,119187,2025-10-18 14:28:00
Rock Argentino,6. Sábado,Fabiana Cantilo,Una Tregua,13493,2025-10-18 15:05:00
Rock Argentino,6. Sábado,Fito Paez,Hazte fama,30497,2025-10-18 15:19:00
Rock Argentino,6. Sábado,Fito Paez,Hazte fama,214135,2025-10-18 15:39:00
Rock Argentino,6. Sábado,Fito Paez,Polaroid De Locura Ordinaria,203700,2025-10-18 15:43:00
Rock Argentino,6. Sábado,Fito Paez,"Sasha, Sissí y el círculo de baba",6650,2025-10-18 15:45:00
Rock Argentino,6. Sábado,Fito Paez,Pétalo de sal,162446,2025-10-18 15:45:00
Rock Argentino,6. Sábado,Fito Paez,Un vestido y un amor,1699,2025-10-18 15:46:00
Rock Argentino,6. Sábado,Fito Paez,Tumbas de la gloria,272457,2025-10-18 15:50:00
Rock Argentino,6. Sábado,Fito Paez,La rueda mágica,233350,2025-10-18 15:54:00
Rock Argentino,6. Sábado,Fito Paez,Creo,25366,2025-10-18 16:09:00
Rock Argentino,6. Sábado,Fito Paez,Detrás del muro de los lamentos,23995,2025-10-18 16:09:00
Indie Pop,6. Sábado,Ainda,Canción de Bañar la Luna,173203,2025-10-18 19:35:00
Indie Pop,6. Sábado,Ainda,ROMPECABEZAS,129727,2025-10-18 20:00:00
Rock Argentino,6. Sábado,Oscar Moro,Como Me Gustaria Ser Negro,202480,2025-10-18 22:03:00
Rock Argentino,6. Sábado,Gustavo Cerati,Paisaje Porcelana,110907,2025-10-18 22:49:00
Rock Argentino,6. Sábado,Gustavo Cerati,Paracaidas,15325,2025-10-18 22:49:00
Rock Argentino,6. Sábado,Gustavo Cerati,La Costura De Dios,159235,2025-10-18 22:53:00
Rock Argentino,6. Sábado,Gustavo Cerati,Kuro,223253,2025-10-18 22:56:00
Indie Pop,7. Domingo,Srta. Trueno Negro,Fusilada,115149,2025-10-19 18:26:00
Indie Pop,7. Domingo,Srta. Trueno Negro,Yendo a Comprar,34720,2025-10-19 19:03:00
Indie Pop,7. Domingo,Srta. Trueno Negro,Yendo a Comprar,194693,2025-10-19 19:07:00
Indie Pop,7. Domingo,Srta. Trueno Negro,El Backstage de la Zapatería,211335,2025-10-19 19:10:00
Indie Pop,7. Domingo,Srta. Trueno Negro,Se ha Ido,235082,2025-10-19 19:14:00
Indie Pop,7. Domingo,Srta. Trueno Negro,Ya No Me Acuerdo,230313,2025-10-19 19:18:00
Indie Pop,7. Domingo,Srta. Trueno Negro,El Pueblo Más Grande,172629,2025-10-19 19:21:00
Indie Pop,7. Domingo,Srta. Trueno Negro,La Cura,139865,2025-10-19 19:23:00
Indie Rock,1. Lunes,Arcade Fire,Sprawl II (Mountains Beyond Mountains),161800,2025-10-20 12:12:00
Urbano Latino,1. Lunes,Bad Bunny,EoO,204768,2025-10-20 22:47:00
Urbano Latino,1. Lunes,Bad Bunny,VeLDÁ,235337,2025-10-20 22:54:00
Urbano Latino,1. Lunes,Bad Bunny,Neverita,173119,2025-10-20 22:59:00
Urbano Latino,1. Lunes,Bad Bunny,Otro Atardecer,244444,2025-10-20 23:07:00
Urbano Latino,1. Lunes,Tokischa,Linda,144019,2025-10-20 23:13:00
Urbano Latino,1. Lunes,Bad Bunny,Moscow Mule,245940,2025-10-20 23:17:00
Urbano Latino,1. Lunes,CA7RIEL & Paco Amoroso,EL ÚNICO,29280,2025-10-20 23:21:00
Urbano Latino,1. Lunes,Bad Bunny,BAILE INoLVIDABLE,1428,2025-10-20 23:22:00
Urbano Latino,1. Lunes,KAROL G,TQG,1482,2025-10-20 23:22:00
Urbano Latino,1. Lunes,Trueno,REAL GANGSTA LOVE,23477,2025-10-20 23:22:00
Indie Rock,2. Martes,El Mató a un Policía Motorizado,El Mundo Extraño,2146,2025-10-21 12:10:00
Indie Pop,2. Martes,Srta. Trueno Negro,La Cura,192821,2025-10-21 14:48:00
Indie Pop,2. Martes,Srta. Trueno Negro,Se ha Ido,235904,2025-10-21 14:52:00
Indie Pop,2. Martes,Srta. Trueno Negro,Yendo a Comprar,195595,2025-10-21 14:56:00
Indie Pop,2. Martes,Srta. Trueno Negro,El Backstage de la Zapatería,212224,2025-10-21 14:59:00
Indie Pop,2. Martes,Srta. Trueno Negro,Fusilada,191787,2025-10-21 15:02:00
Indie Pop,2. Martes,Srta. Trueno Negro,El Pueblo Más Grande,172629,2025-10-21 15:05:00
Indie Pop,2. Martes,Srta. Trueno Negro,Ya No Me Acuerdo,231083,2025-10-21 15:09:00
Indie Pop,2. Martes,Srta. Trueno Negro,Volver a Comprar,174613,2025-10-21 15:12:00
Indie Pop,2. Martes,Srta. Trueno Negro,Cositas,212693,2025-10-21 15:16:00
Indie Pop,2. Martes,Srta. Trueno Negro,Si Supiese Escribir,170027,2025-10-21 15:18:00
Indie Pop,2. Martes,Srta. Trueno Negro,La Cura,192821,2025-10-21 15:22:00
Indie Pop,2. Martes,Srta. Trueno Negro,Se ha Ido,17413,2025-10-21 15:28:00
Indie Pop,2. Martes,Srta. Trueno Negro,La Cura,192821,2025-10-21 22:34:00
Rock Argentino,2. Martes,Babasonicos,Examenes,17617,2025-10-21 22:35:00
Indie Pop,2. Martes,Srta. Trueno Negro,Si Supiese Escribir,170027,2025-10-21 22:37:00
Rock Argentino,2. Martes,Pescado Rabioso,Por,10168,2025-10-21 22:38:00
Urbano Latino,2. Martes,CA7RIEL & Paco Amoroso,"LA QUE PUEDE, PUEDE",2311,2025-10-21 22:43:00
Urbano Latino,2. Martes,Bad Bunny,VeLDÁ,5815,2025-10-21 22:43:00
Urbano Latino,2. Martes,CA7RIEL & Paco Amoroso,EN EL AFTER,187648,2025-10-21 22:46:00
Urbano Latino,2. Martes,Bad Bunny,EL CLúB,2528,2025-10-21 23:05:00
Urbano Latino,2. Martes,CA7RIEL & Paco Amoroso,EL ÚNICO,1207,2025-10-21 23:05:00
Urbano Latino,2. Martes,Bad Bunny,KETU TeCRÉ,3071,2025-10-21 23:05:00
Urbano Latino,2. Martes,CA7RIEL & Paco Amoroso,SHEESH,136407,2025-10-21 23:07:00
Urbano Latino,2. Martes,CA7RIEL & Paco Amoroso,AGUA,27105,2025-10-21 23:08:00
Urbano Latino,2. Martes,Trueno,THE ROOF IS ON FIRE,1455,2025-10-21 23:08:00
Urbano Latino,2. Martes,CA7RIEL & Paco Amoroso,COSAS RICAS,160093,2025-10-21 23:24:00
Urbano Latino,2. Martes,Trueno,Ñeri,1270,2025-10-21 23:28:00
Urbano Latino,2. Martes,Bad Bunny,Ojitos Lindos,949,2025-10-21 23:28:00
Urbano Latino,2. Martes,Bad Bunny,Aguacero,841,2025-10-21 23:28:00
Indie Pop,3. Miércoles,Lucas Martí,El murgón,1786,2025-10-22 22:42:00
Indie Folk,3. Miércoles,José González,The Void,1757,2025-10-22 22:42:00
Rock Argentino,3. Miércoles,Babasonicos,Perfume Casino,2083,2025-10-22 22:42:00
Rock Argentino,3. Miércoles,Los Piojos,Murguita,212040,2025-10-22 22:42:00
Indie Rock,3. Miércoles,El Mató a un Policía Motorizado,El Magnetismo,88880,2025-10-22 22:48:00
Indie Pop,4. Jueves,Lesbiandrama,Trago Sin Terminar,36454,2025-10-23 12:27:00
Indie Pop,4. Jueves,Srta. Trueno Negro,La Cura,192821,2025-10-23 20:48:00
Indie Rock,4. Jueves,Arcade Fire,Neighborhood #1 (Tunnels),288333,2025-10-23 20:53:00
Rock Argentino,4. Jueves,Charly García,La Gente Es la Misma,3059,2025-10-23 20:54:00
Indie Rock,4. Jueves,Mac DeMarco,Salad Days,1734,2025-10-23 20:54:00
Rock Argentino,4. Jueves,Babasonicos,Soy Rock,160064,2025-10-23 21:05:00
Indie Rock,4. Jueves,Marina Fages,Tu Modo Amable,2283,2025-10-23 21:06:00
Indie Rock,4. Jueves,Suarez,Porvenir,2893,2025-10-23 21:06:00
Indie Folk,4. Jueves,Julian Mourin,Manos en el Aire,0,2025-10-23 21:06:00
Rock Argentino,4. Jueves,Los Piojos,Ando Ganas (Llora Llora),844,2025-10-23 21:06:00
Rock Argentino,4. Jueves,Luis Alberto Spinetta,Será Que La Canción Llegó Hasta El Sol,1740,2025-10-23 21:11:00
Rock Argentino,4. Jueves,Luis Alberto Spinetta,Será Que La Canción Llegó Hasta El Sol,970,2025-10-23 21:11:00
Indie Folk,4. Jueves,Karina Vismara,Sola por la Ciudad,995,2025-10-23 21:11:00
Indie Folk,4. Jueves,Karina Vismara,Sola por la Ciudad,1715,2025-10-23 21:11:00
Rock Argentino,4. Jueves,Sui Generis,El Tuerto y los Ciegos,0,2025-10-23 21:11:00
Urbano Latino,4. Jueves,DJ MÄMI,La Barca,16195,2025-10-23 21:11:00
Urbano Latino,4. Jueves,Bad Bunny,Si Veo a Tu Mamá,1619,2025-10-23 21:12:00
Rock Argentino,4. Jueves,Fito Paez,Ambar Violeta,0,2025-10-23 21:12:00
Rock Argentino,4. Jueves,Las Pelotas,Bombachitas Rosas,210027,2025-10-23 21:15:00
Indie Rock,4. Jueves,Las Ligas Menores,Accidente,145240,2025-10-23 21:24:00
Indie Rock,4. Jueves,Rosario Bléfari,Ningún Mensaje,186707,2025-10-23 21:27:00
Rock Argentino,4. Jueves,Babasonicos,Estertor,183092,2025-10-23 21:34:00
Rock Argentino,4. Jueves,Serú Girán,La Grasa de las Capitales - 2019 Remasterizado,1853,2025-10-23 21:35:00
Rock Argentino,4. Jueves,Charly García,Nuevos Trapos,245040,2025-10-23 21:39:00
Rock Argentino,4. Jueves,Fito Paez,D.L.G.,0,2025-10-23 21:39:00
Indie Folk,4. Jueves,Esmeralda Escalante,Volcán,25869,2025-10-23 21:39:00
Indie Rock,4. Jueves,The Strokes,Threat of Joy,1027,2025-10-23 21:40:00
Rock Argentino,4. Jueves,Divididos,Haciendo Cosas Raras,24917,2025-10-23 21:40:00
Urbano Latino,4. Jueves,Dillom,Ciudad de la Paz,0,2025-10-23 21:40:00
Rock Argentino,4. Jueves,Los Visitantes,Playas Oscuras,241067,2025-10-23 21:48:00
Indie Rock,4. Jueves,El Mató a un Policía Motorizado,La Noche Eterna,177360,2025-10-23 21:54:00
Urbano Latino,4. Jueves,Bad Gyal,Fiebre - Prod. King DouDou,14052,2025-10-23 22:47:00
Indie Pop,4. Jueves,Lykke Li,I Follow Rivers - The Magician Remix,279636,2025-10-23 22:52:00
Indie Pop,4. Jueves,Parcels,Overnight,60417,2025-10-23 23:16:00
Indie Pop,4. Jueves,Lykke Li,I Follow Rivers - Radio Edit,2614,2025-10-23 23:22:00
Indie Pop,4. Jueves,Peter Bjorn and John,Young Folks,89978,2025-10-23 23:31:00
Urbano Latino,4. Jueves,Bad Bunny,PERFuMITO NUEVO,199916,2025-10-23 23:35:00
Urbano Latino,4. Jueves,Bad Bunny,WELTiTA,186667,2025-10-23 23:38:00
Urbano Latino,4. Jueves,Bad Bunny,VeLDÁ,234437,2025-10-23 23:42:00
Urbano Latino,4. Jueves,Bad Bunny,EL CLúB,221826,2025-10-23 23:45:00
Urbano Latino,4. Jueves,Bad Bunny,KETU TeCRÉ,163038,2025-10-23 23:48:00
Urbano Latino,4. Jueves,Bad Bunny,BOKeTE,82109,2025-10-23 23:49:00
Urbano Latino,4. Jueves,Bad Bunny,TURiSTA,2682,2025-10-23 23:50:00
Urbano Latino,4. Jueves,Bad Bunny,CAFé CON RON,4375,2025-10-23 23:50:00
Urbano Latino,4. Jueves,Bad Bunny,KLOuFRENS,3008,2025-10-23 23:50:00
Urbano Latino,4. Jueves,Bad Bunny,PIToRRO DE COCO,85326,2025-10-23 23:51:00
Urbano Latino,4. Jueves,Bad Bunny,LO QUE LE PASÓ A HAWAii,31025,2025-10-23 23:52:00
Indie Folk,5. Viernes,José González,Valle Local,1308,2025-10-24 00:00:00
Rock Argentino,5. Viernes,Patricio Rey y sus Redonditos de Ricota,Juguetes Perdidos,2242,2025-10-24 00:00:00
Rock Argentino,5. Viernes,Fito Paez,Yo Vengo A Ofrecer Mi Corazon,1872,2025-10-24 00:00:00
Urbano Latino,5. Viernes,Bad Bunny,Otro Atardecer,1654,2025-10-24 00:00:00
Rock Argentino,5. Viernes,Soda Stereo,Pasos - MTV Unplugged,1475,2025-10-24 00:04:00
Indie Folk,5. Viernes,Mumford & Sons,For Those Below,215837,2025-10-24 00:04:00
Indie Rock,5. Viernes,Rosario Bléfari,Vidrieras,1414,2025-10-24 00:04:00
Rock Argentino,5. Viernes,Luis Alberto Spinetta,Fina Ropa Blanca,33220,2025-10-24 00:04:00
Rock Argentino,5. Viernes,Charly García,Peluca Telefónica,301040,2025-10-24 00:09:00
Indie Rock,5. Viernes,El Mató a un Policía Motorizado,Día de los Muertos,14027,2025-10-24 00:16:00
Indie Rock,5. Viernes,El Mató a un Policía Motorizado,Medalla de Oro,120724,2025-10-24 00:16:00
Indie Rock,5. Viernes,El Mató a un Policía Motorizado,Noche de los Muertos,16291,2025-10-24 00:17:00
Indie Rock,5. Viernes,El Mató a un Policía Motorizado,Nuevos Discos,30714,2025-10-24 00:17:00
Indie Rock,5. Viernes,El Mató a un Policía Motorizado,La Cobra,121701,2025-10-24 00:24:00
Rock Argentino,5. Viernes,Serú Girán,Perro Andaluz - 2019 Remasterizado,17739,2025-10-24 00:33:00
Rock Argentino,5. Viernes,Babasonicos,Pendejo,12116,2025-10-24 00:34:00
Rock Argentino,5. Viernes,Babasonicos,Pendejo,196557,2025-10-24 00:37:00
Rock Argentino,5. Viernes,Babasonicos,El Loco,184901,2025-10-24 00:40:00
Rock Argentino,5. Viernes,Babasonicos,La Fox,141152,2025-10-24 00:42:00
Rock Argentino,5. Viernes,Babasonicos,Tóxica,160080,2025-10-24 00:45:00
Rock Argentino,5. Viernes,Babasonicos,Yoli,201940,2025-10-24 00:48:00
Rock Argentino,5. Viernes,Babasonicos,Rubí,224171,2025-10-24 00:52:00
Rock Argentino,5. Viernes,Babasonicos,Camarín,320092,2025-10-24 00:57:00
Rock Argentino,5. Viernes,Babasonicos,Atomicum,171465,2025-10-24 01:00:00
Rock Argentino,5. Viernes,Babasonicos,Los Calientes,87118,2025-10-24 01:02:00
Rock Argentino,5. Viernes,Babasonicos,Fizz,167483,2025-10-24 01:05:00
Rock Argentino,5. Viernes,Babasonicos,Deléctrico,257197,2025-10-24 01:09:00
Rock Argentino,5. Viernes,Babasonicos,Pendejo,4030,2025-10-24 01:12:00
Rock Argentino,5. Viernes,Babasonicos,Soy Rock,159028,2025-10-24 01:12:00
Rock Argentino,5. Viernes,Babasonicos,Microdancing,201701,2025-10-24 01:15:00
Rock Argentino,5. Viernes,Babasonicos,Las Demás,159669,2025-10-24 01:18:00
Rock Argentino,5. Viernes,Babasonicos,Estoy Rabioso,178654,2025-10-24 01:21:00
Rock Argentino,5. Viernes,Babasonicos,Nosotros,3400,2025-10-24 01:21:00
Rock Argentino,5. Viernes,Babasonicos,El ídolo,153760,2025-10-24 01:24:00
Rock Argentino,5. Viernes,Babasonicos,Yo Anuncio,9540,2025-10-24 01:25:00
Indie Pop,5. Viernes,Lara Pedrosa,Melodía de Extrañar.,166950,2025-10-24 01:35:00
Rock Argentino,5. Viernes,Charly García,Locomotion,130733,2025-10-24 01:37:00
Rock Argentino,5. Viernes,Charly García,No Soy Un Extraño,195733,2025-10-24 01:40:00
Indie Folk,5. Viernes,San Pedro Bonfim,Corazón de guagua,191321,2025-10-24 01:44:00
Rock Argentino,5. Viernes,Luis Alberto Spinetta,Llama y Verás,47619,2025-10-24 01:45:00
Indie Pop,5. Viernes,Bandalos Chinos,Súper V,4177,2025-10-24 12:10:00
Rock Argentino,6. Sábado,Charly García,Cerca De La Revolucion,280547,2025-10-25 15:33:00
Rock Argentino,6. Sábado,Cuentos Borgeanos,Eternidad,209733,2025-10-25 15:41:00
Indie Pop,6. Sábado,Lykke Li,I Follow Rivers - The Magician Remix,279636,2025-10-25 15:49:00
Indie Pop,6. Sábado,Los Besos,La Cascada de Tu Pelo Enredado,196600,2025-10-25 16:00:00
Rock Argentino,6. Sábado,Pescado Rabioso,Como el Viento Voy a Ver,1913,2025-10-25 16:23:00
Indie Rock,6. Sábado,Suarez,Excursiones,1171,2025-10-25 16:23:00
Rock Argentino,6. Sábado,Gustavo Cerati,Llegaste,4182,2025-10-25 16:23:00
Indie Pop,6. Sábado,Los Besos,¿Cómo estás?,175099,2025-10-25 16:26:00
Indie Rock,6. Sábado,Mora y los Metegoles,Adscriptos,123019,2025-10-25 16:28:00
Rock Argentino,6. Sábado,Patricio Rey y sus Redonditos de Ricota,Rock para el Negro Atila,22642,2025-10-25 16:47:00
Indie Rock,6. Sábado,Santiago Motorizado,No Recuerdo Nada,1430,2025-10-25 20:40:00
Indie Pop,6. Sábado,The Smiths,Unloveable - 2011 Remaster,1161,2025-10-25 20:40:00
Rock Argentino,6. Sábado,Fito Paez,D.L.G.,1400,2025-10-25 20:40:00
Rock Argentino,6. Sábado,Serú Girán,La Grasa de las Capitales - 2019 Remasterizado,9533,2025-10-25 20:43:00
Indie Rock,6. Sábado,Las Ligas Menores,Accidente,2134,2025-10-25 20:48:00
Indie Pop,6. Sábado,The Smiths,Ask - 2011 Remaster,10029,2025-10-25 20:48:00
Urbano Latino,6. Sábado,Kiddie Gang,Morfina,2277,2025-10-25 20:48:00
Rock Argentino,6. Sábado,Luis Alberto Spinetta,Correr Frente a Ti - En Vivo,2042,2025-10-25 20:48:00
Urbano Latino,6. Sábado,Bad Bunny,BAILE INoLVIDABLE,2000,2025-10-25 20:48:00
Indie Pop,6. Sábado,Melanie Williams,El Japonés,148918,2025-10-25 20:54:00
Indie Rock,6. Sábado,Mora y los Metegoles,Todo Lo Que,54344,2025-10-25 21:06:00
Indie Rock,6. Sábado,Mora y los Metegoles,Todo Lo Que,139772,2025-10-25 22:21:00
Urbano Latino,6. Sábado,Bad Bunny,Neverita,2840,2025-10-25 22:37:00
Urbano Latino,6. Sábado,Dillom,Cirugía,8410,2025-10-25 22:41:00
Indie Rock,6. Sábado,El Mató a un Policía Motorizado,El Mundo Extraño,238311,2025-10-25 22:41:00
Rock Argentino,6. Sábado,Los Visitantes,Playas Oscuras,241067,2025-10-25 22:45:00
Indie Folk,7. Domingo,Feli Colina,Ancora,2285,2025-10-26 13:23:00
Indie Pop,7. Domingo,LOUTA,AYER TE VI (feat. Zoe Gotusso),2249,2025-10-26 13:24:00
Indie Pop,7. Domingo,Amor Elefante,Disimulando,6332,2025-10-26 13:27:00
Indie Pop,7. Domingo,Los Besos,En la arena,2177,2025-10-26 13:27:00
Indie Pop,7. Domingo,Melanie Williams,NT al sol,2334,2025-10-26 13:27:00
Rock Argentino,7. Domingo,Los Piojos,Murguita,212040,2025-10-26 13:27:00
Urbano Latino,7. Domingo,Bad Bunny,NUEVAYoL,1723,2025-10-26 13:32:00
Indie Pop,7. Domingo,Melanie Williams,NT al sol,3162,2025-10-26 13:32:00
Rock Argentino,7. Domingo,Luis Alberto Spinetta,Ni Cuenta Te Das,5025,2025-10-26 14:32:00
Indie Rock,7. Domingo,Julian Casablancas,11th Dimension,5307,2025-10-26 14:32:00
Indie Pop,7. Domingo,The Smiths,Stretch out and Wait - 2008 Remaster,1919,2025-10-26 14:39:00
Indie Pop,7. Domingo,Axel Fiks,Mili,7487,2025-10-26 14:39:00
Rock Argentino,7. Domingo,Bersuit Vergarabat,Toco Y Me Voy,17852,2025-10-26 14:41:00
Rock Argentino,7. Domingo,Bersuit Vergarabat,Toco Y Me Voy,36850,2025-10-26 14:41:00
Rock Argentino,7. Domingo,Charly García,Transatlántico Art Deco,1258,2025-10-26 15:01:00
Indie Rock,7. Domingo,Rosario Bléfari,Reservado,1822,2025-10-26 15:01:00
Rock Argentino,7. Domingo,Marilina Bertoldi,Sexo Con Modelos,1485,2025-10-26 15:01:00
Indie Pop,7. Domingo,Los Besos,Chica de los trenes,202250,2025-10-26 15:12:00
Indie Rock,7. Domingo,Arcade Fire,Unconditional I (Lookout Kid),273693,2025-10-26 15:19:00
Indie Pop,7. Domingo,The Smiths,Unloveable - 2011 Remaster,236667,2025-10-26 15:27:00
Indie Rock,7. Domingo,The Strokes,Threat of Joy,264725,2025-10-26 15:45:00
Indie Rock,7. Domingo,Mac DeMarco,Chamber Of Reflection,231724,2025-10-26 15:53:00
Indie Rock,7. Domingo,XENEZE,When i Wake,221333,2025-10-26 15:57:00
Indie Pop,7. Domingo,Ainda,Arriba y abajo,109316,2025-10-26 15:59:00
Indie Pop,7. Domingo,Ainda,Arriba y abajo,731,2025-10-26 17:05:00
Indie Pop,7. Domingo,Ainda,Arriba y abajo,29406,2025-10-26 19:23:00
Rock Argentino,7. Domingo,Charly García,Fantasy,182627,2025-10-26 19:26:00
Rock Argentino,7. Domingo,Luis Alberto Spinetta,Será Que La Canción Llegó Hasta El Sol,201800,2025-10-26 19:30:00
Rock Argentino,2. Martes,Babasonicos,Capricho,158240,2025-10-28 11:34:00
Rock Argentino,2. Martes,Serú Girán,Perro Andaluz - 2019 Remasterizado,296648,2025-10-28 11:39:00
Indie Rock,2. Martes,El Mató a un Policía Motorizado,Medalla de Oro,6283,2025-10-28 11:40:00
Rock Argentino,2. Martes,Don Cornelio Y La Zona,Tazas De Té Chino - Remastered,1373,2025-10-28 11:47:00
Indie Rock,2. Martes,Arcade Fire,The Lightning I,181733,2025-10-28 11:47:00
Indie Pop,2. Martes,Axel Fiks,Hacedora,1553,2025-10-28 11:47:00
Urbano Latino,2. Martes,Rels B,cómo dormiste?,112200,2025-10-28 15:33:00
Urbano Latino,2. Martes,KAROL G,PROVENZA,0,2025-10-28 15:33:00
Urbano Latino,2. Martes,CA7RIEL & Paco Amoroso,EN EL AFTER,138857,2025-10-28 22:37:00
Urbano Latino,2. Martes,Trueno,DANCE CRIP,24825,2025-10-28 22:38:00
Urbano Latino,2. Martes,Bad Bunny,KETU TeCRÉ,250789,2025-10-28 22:45:00
Urbano Latino,2. Martes,CA7RIEL & Paco Amoroso,EL DÍA DEL AMIGO,170039,2025-10-28 22:52:00
Urbano Latino,2. Martes,Bad Bunny,WELTiTA,187507,2025-10-28 22:57:00
Urbano Latino,2. Martes,Dillom,PELOTUDA,185905,2025-10-28 23:05:00
Urbano Latino,2. Martes,Rels B,A Mí,136140,2025-10-28 23:07:00
Urbano Latino,2. Martes,Bad Bunny,Aguacero,19437,2025-10-28 23:08:00
Urbano Latino,2. Martes,NATHY PELUSO,A CABALLO,90980,2025-10-28 23:21:00
Urbano Latino,2. Martes,CA7RIEL & Paco Amoroso,DUMBAI,1605,2025-10-28 23:24:00
Urbano Latino,2. Martes,Bad Bunny,Neverita,1514,2025-10-28 23:24:00
Urbano Latino,2. Martes,CA7RIEL & Paco Amoroso,AGUA,912,2025-10-28 23:24:00
Urbano Latino,2. Martes,Bad Bunny,Ojitos Lindos,1079,2025-10-28 23:24:00
Urbano Latino,2. Martes,Bad Bunny,Otro Atardecer,1074,2025-10-28 23:24:00
Urbano Latino,2. Martes,CA7RIEL & Paco Amoroso,SHEESH,136407,2025-10-28 23:26:00
Urbano Latino,2. Martes,CA7RIEL & Paco Amoroso,COSAS RICAS,160093,2025-10-28 23:34:00
Urbano Latino,2. Martes,CA7RIEL & Paco Amoroso,EL ÚNICO,152022,2025-10-28 23:40:00
Urbano Latino,2. Martes,CA7RIEL & Paco Amoroso,"LA QUE PUEDE, PUEDE",154891,2025-10-28 23:43:00
Urbano Latino,3. Miércoles,Bad Bunny,VeLDÁ,2640,2025-10-29 00:01:00
Indie Folk,3. Miércoles,José González,Valle Local,143280,2025-10-29 12:02:00
Rock Argentino,3. Miércoles,Gustavo Cerati,Sulky,171401,2025-10-29 12:19:00
Urbano Latino,4. Jueves,CA7RIEL & Paco Amoroso,RE FORRO,185896,2025-10-30 19:12:00
Urbano Latino,4. Jueves,Bad Bunny,Moscow Mule,245940,2025-10-30 23:10:00
Urbano Latino,4. Jueves,Bad Bunny,KETU TeCRÉ,250789,2025-10-30 23:29:00
Urbano Latino,4. Jueves,Tokischa,Linda,144019,2025-10-30 23:46:00
Urbano Latino,4. Jueves,Trueno,THE ROOF IS ON FIRE,111161,2025-10-30 23:48:00
Urbano Latino,4. Jueves,Bad Bunny,VeLDÁ,235337,2025-10-30 23:56:00
Urbano Latino,4. Jueves,Trueno,Ñeri,194735,2025-10-30 23:59:00
Urbano Latino,5. Viernes,Bad Bunny,Neverita,173119,2025-10-31 00:11:00
Urbano Latino,5. Viernes,CA7RIEL & Paco Amoroso,EL ÚNICO,3626,2025-10-31 00:13:00
Urbano Latino,5. Viernes,Bad Bunny,Aguacero,1587,2025-10-31 00:13:00
Urbano Latino,5. Viernes,Bad Bunny,KLOuFRENS,199115,2025-10-31 00:16:00
Urbano Latino,5. Viernes,Bad Bunny,EoO,204768,2025-10-31 00:20:00
Urbano Latino,5. Viernes,CA7RIEL & Paco Amoroso,EL DÍA DEL AMIGO,1035,2025-10-31 00:26:00
Urbano Latino,5. Viernes,CA7RIEL & Paco Amoroso,DUMBAI,21970,2025-10-31 00:26:00
Urbano Latino,5. Viernes,CA7RIEL & Paco Amoroso,SHEESH,8497,2025-10-31 00:26:00
Urbano Latino,5. Viernes,CA7RIEL & Paco Amoroso,RE FORRO,185896,2025-10-31 00:29:00
Urbano Latino,5. Viernes,CA7RIEL & Paco Amoroso,"LA QUE PUEDE, PUEDE - Live at NPR MUSIC's Tiny Desk",16536,2025-10-31 00:29:00
Urbano Latino,5. Viernes,CA7RIEL & Paco Amoroso,#TETAS,148495,2025-10-31 00:32:00
Urbano Latino,5. Viernes,CA7RIEL & Paco Amoroso,RE FORRO,30006,2025-10-31 10:01:00
Urbano Latino,5. Viernes,CA7RIEL & Paco Amoroso,IMPOSTOR,157209,2025-10-31 22:29:00
Urbano Latino,5. Viernes,CA7RIEL & Paco Amoroso,#TETAS,148548,2025-10-31 22:32:00
Urbano Latino,5. Viernes,CA7RIEL & Paco Amoroso,RE FORRO,256300,2025-10-31 22:38:00
Urbano Latino,5. Viernes,CA7RIEL & Paco Amoroso,EL DÍA DEL AMIGO,169081,2025-10-31 22:41:00
Urbano Latino,5. Viernes,CA7RIEL & Paco Amoroso,BABY GANGSTA - Live at NPR MUSIC's Tiny Desk,1129,2025-10-31 22:42:00
Urbano Latino,5. Viernes,CA7RIEL & Paco Amoroso,"LA QUE PUEDE, PUEDE - Live at NPR MUSIC's Tiny Desk",788,2025-10-31 22:42:00
Urbano Latino,5. Viernes,CA7RIEL & Paco Amoroso,EL ÚNICO - Live at NPR MUSIC's Tiny Desk,1794,2025-10-31 22:42:00
Urbano Latino,5. Viernes,CA7RIEL & Paco Amoroso,DUMBAI - Live at NPR MUSIC's Tiny Desk,57045,2025-10-31 22:42:00
Urbano Latino,5. Viernes,CA7RIEL & Paco Amoroso,MI DESEO/BAD BITCH - Live at NPR MUSIC's Tiny Desk,1289,2025-10-31 22:42:00
Urbano Latino,5. Viernes,Paco Amoroso,Mi Deseo,175610,2025-10-31 22:45:00
Rock Argentino,5. Viernes,Serú Girán,Frecuencia Modulada - 2019 Remasterizado,14690,2025-10-31 22:47:00
Urbano Latino,5. Viernes,Bad Bunny,KETU TeCRÉ,250789,2025-10-31 22:59:00
Urbano Latino,5. Viernes,Bad Bunny,Otro Atardecer,244444,2025-10-31 23:04:00
Urbano Latino,5. Viernes,Trueno,Sangría - con WOS,9594,2025-10-31 23:14:00
Urbano Latino,5. Viernes,CA7RIEL & Paco Amoroso,"LA QUE PUEDE, PUEDE",154891,2025-10-31 23:14:00
Urbano Latino,5. Viernes,CA7RIEL & Paco Amoroso,EN EL AFTER,138857,2025-10-31 23:19:00
Urbano Latino,5. Viernes,Trueno,TRANKY FUNKY,158326,2025-10-31 23:22:00
Indie Pop,5. Viernes,Lykke Li,I Follow Rivers - The Magician Remix,279636,2025-10-31 23:44:00
Indie Rock,6. Sábado,Arcade Fire,The Lightning II,2035,2025-11-01 12:58:00
Rock Argentino,6. Sábado,Pescado Rabioso,Credulidad,9374,2025-11-01 13:01:00
Rock Argentino,6. Sábado,Luis Alberto Spinetta,Cada Luz,4706,2025-11-01 13:02:00
Indie Folk,6. Sábado,José González,The Void,183407,2025-11-01 13:10:00
Indie Folk,6. Sábado,José González,The Void,4904,2025-11-01 14:10:00
Rock Argentino,6. Sábado,Babasonicos,Madera Ideológica,3108,2025-11-01 14:10:00
Rock Argentino,6. Sábado,Miguel Abuelo,Dónde Está la Ternura - Inédito - En Vivo,2899,2025-11-01 14:10:00
Rock Argentino,6. Sábado,Luis Alberto Spinetta,Parlante,54494,2025-11-01 14:31:00
Rock Argentino,6. Sábado,Luis Alberto Spinetta,Parlante,142440,2025-11-01 14:34:00
Indie Folk,6. Sábado,José González,El Invento - Sofia Kourtesis Remix,264187,2025-11-01 14:38:00
Rock Argentino,6. Sábado,Charly García,Cerca De La Revolucion,3688,2025-11-01 15:19:00
Indie Rock,6. Sábado,Viva Elastico,Rebeldía y Swing,206716,2025-11-01 15:23:00
Indie Pop,6. Sábado,Lara Pedrosa,Melodía de Extrañar.,166950,2025-11-01 15:29:00
Indie Rock,6. Sábado,The Strokes,Threat of Joy,264725,2025-11-01 16:10:00
Rock Argentino,6. Sábado,Divididos,Agua En Buenos Aires,325960,2025-11-01 16:35:00
Indie Folk,6. Sábado,José González,Valle Local,51024,2025-11-01 16:39:00
Rock Argentino,7. Domingo,Fito Paez,Instant-Taneas,357,2025-11-02 11:10:00
Indie Pop,7. Domingo,Srta. Trueno Negro,Fusilada,28600,2025-11-02 11:55:00
Indie Pop,7. Domingo,Srta. Trueno Negro,Fusilada,163222,2025-11-02 11:58:00
Rock Argentino,7. Domingo,Palo Pandolfo,Tu Amor,230625,2025-11-02 12:02:00
Rock Argentino,7. Domingo,Babasonicos,La Izquierda de la Noche,220795,2025-11-02 12:06:00
Indie Rock,7. Domingo,Las Ligas Menores,Crecer,17620,2025-11-02 12:11:00
Indie Pop,7. Domingo,Amor Elefante,Disimulando,84100,2025-11-02 12:13:00
Indie Pop,7. Domingo,Galean,Sube a la Nube,2320,2025-11-02 12:13:00
Indie Rock,7. Domingo,Cat Power,Sea of Love,59897,2025-11-02 12:22:00
Indie Pop,7. Domingo,Axel Fiks,Hacedora,2815,2025-11-02 12:31:00
Rock Argentino,7. Domingo,Babasonicos,Trinchera,18937,2025-11-02 12:31:00
Rock Argentino,7. Domingo,Oscar Moro,Como Me Gustaria Ser Negro,202480,2025-11-02 12:38:00
Rock Argentino,7. Domingo,Babasonicos,Las Demás,3220,2025-11-02 12:50:00
Rock Argentino,7. Domingo,Fito Paez,Ambar Violeta,143107,2025-11-02 12:56:00
Indie Folk,7. Domingo,The Lumineers,Patience,97051,2025-11-02 13:02:00
Rock Argentino,7. Domingo,Gustavo Cerati,Llegaste,240973,2025-11-02 13:06:00
Indie Pop,7. Domingo,Lucas Martí,El murgón,175311,2025-11-02 13:19:00
Rock Argentino,7. Domingo,Serú Girán,La Grasa de las Capitales - 2019 Remasterizado,268321,2025-11-02 13:27:00
Indie Rock,7. Domingo,The Strokes,12:51,135836,2025-11-02 13:34:00
Indie Pop,7. Domingo,Way Dynamic,Miffed It,36768,2025-11-02 16:30:00
Indie Folk,7. Domingo,Feli Colina,Ancora,4704,2025-11-02 20:38:00
Rock Argentino,7. Domingo,Babasonicos,Perfume Casino,9551,2025-11-02 20:38:00
Indie Rock,7. Domingo,Arctic Monkeys,Leave Before The Lights Come On,233947,2025-11-02 20:38:00
Rock Argentino,7. Domingo,Babasonicos,Curtis,207131,2025-11-02 20:42:00
Indie Folk,7. Domingo,Karina Vismara,Sola por la Ciudad,62079,2025-11-02 20:47:00
Indie Pop,7. Domingo,Cupido,El Tiempo Es Oro,241246,2025-11-02 20:51:00
Indie Pop,7. Domingo,Audrey,You'll Lose a Good Thing,119067,2025-11-02 20:57:00
Indie Pop,7. Domingo,Audrey,You'll Lose a Good Thing,7720,2025-11-02 20:58:00
Urbano Latino,7. Domingo,Dillom,Reiki y yoga,17960,2025-11-02 20:58:00
Indie Pop,7. Domingo,Audrey,You'll Lose a Good Thing,24680,2025-11-02 21:17:00
Indie Pop,7. Domingo,Audrey,You'll Lose a Good Thing,7491,2025-11-02 22:25:00
Urbano Latino,7. Domingo,Dillom,Reiki y yoga,1761,2025-11-02 22:25:00
Rock Argentino,7. Domingo,Sui Generis,Mariel y el Capitán,0,2025-11-02 22:25:00
Rock Argentino,7. Domingo,Charly García,Alguien en el Mundo Piensa en Mí,267240,2025-11-02 22:30:00
Rock Argentino,7. Domingo,Babasonicos,Estertor,1707,2025-11-02 22:34:00
Rock Argentino,7. Domingo,Charly García,La Ruta del Tentempié,260013,2025-11-02 22:34:00
Indie Rock,1. Lunes,El Mató a un Policía Motorizado,Sábado,3401,2025-11-03 11:10:00
Indie Rock,2. Martes,Valle de Muñecas,Gotas en la Frente,37480,2025-11-04 22:21:00
Indie Rock,2. Martes,Valle de Muñecas,Gotas en la Frente,244387,2025-11-04 23:07:00
Indie Rock,2. Martes,Marina Fages,El Límite,5838,2025-11-04 23:07:00
Indie Rock,2. Martes,Valle de Muñecas,Gotas en la Frente,244387,2025-11-04 23:12:00
Indie Rock,2. Martes,El Mató a un Policía Motorizado,El Mundo Extraño,2348,2025-11-04 23:16:00
Rock Argentino,2. Martes,Fito Paez,She's Mine,3326,2025-11-04 23:16:00
Indie Rock,2. Martes,Marina Fages,Piedra Marea Fuego,245246,2025-11-04 23:16:00
Indie Pop,2. Martes,Lykke Li,I Follow Rivers - The Magician Remix,279636,2025-11-04 23:21:00
Urbano Latino,2. Martes,CA7RIEL & Paco Amoroso,RE FORRO,184941,2025-11-04 23:24:00
Urbano Latino,2. Martes,CA7RIEL & Paco Amoroso,EL DÍA DEL AMIGO,169174,2025-11-04 23:27:00
Urbano Latino,2. Martes,CA7RIEL & Paco Amoroso,DUMBAI - Live at NPR MUSIC's Tiny Desk,1237,2025-11-04 23:27:00
Urbano Latino,2. Martes,Bad Bunny,Neverita,897,2025-11-04 23:39:00
Urbano Latino,2. Martes,CA7RIEL & Paco Amoroso,COSAS RICAS,136643,2025-11-04 23:39:00
Urbano Latino,2. Martes,Bad Bunny,EoO,204768,2025-11-04 23:42:00
Urbano Latino,2. Martes,Bad Bunny,EL CLúB,222569,2025-11-04 23:49:00
Urbano Latino,2. Martes,CA7RIEL & Paco Amoroso,AGUA,140958,2025-11-04 23:53:00
Urbano Latino,2. Martes,Bad Bunny,KLOuFRENS,199115,2025-11-04 23:56:00
Urbano Latino,3. Miércoles,Trueno,THE ROOF IS ON FIRE,2909,2025-11-05 00:06:00
Urbano Latino,3. Miércoles,Bad Bunny,VeLDÁ,235337,2025-11-05 00:10:00
Urbano Latino,3. Miércoles,Trueno,LO TENGO,167443,2025-11-05 00:13:00
Urbano Latino,3. Miércoles,CA7RIEL & Paco Amoroso,"LA QUE PUEDE, PUEDE",154891,2025-11-05 00:15:00
Urbano Latino,3. Miércoles,Bad Bunny,Aguacero,210989,2025-11-05 00:26:00
Urbano Latino,3. Miércoles,Bad Bunny,Ojitos Lindos,258299,2025-11-05 00:35:00
Rock Argentino,3. Miércoles,Babasonicos,Deshoras - Version For USA,1097,2025-11-05 11:40:00
Indie Rock,3. Miércoles,Valle de Muñecas,Gotas en la Frente,244387,2025-11-05 13:06:00
Rock Argentino,3. Miércoles,Charly García,Filosofía Barata y Zapatos de Goma,7614,2025-11-05 22:45:00
Indie Rock,3. Miércoles,Valle de Muñecas,Gotas en la Frente,244387,2025-11-05 22:54:00
Urbano Latino,4. Jueves,Dillom,Cirugía,216837,2025-11-06 00:04:00
Rock Argentino,4. Jueves,Babasonicos,Curtis,12762,2025-11-06 00:39:00
Indie Folk,4. Jueves,Perro Segovia,Awita de Coco,11500,2025-11-06 00:49:00
Rock Argentino,4. Jueves,Babasonicos,Anubis,42,2025-11-06 00:53:00
Indie Rock,4. Jueves,Valle de Muñecas,Gotas en la Frente,244387,2025-11-06 00:53:00
Indie Rock,4. Jueves,Arctic Monkeys,Do I Wanna Know?,4615,2025-11-06 00:53:00
Indie Rock,4. Jueves,Arctic Monkeys,Fluorescent Adolescent,183893,2025-11-06 00:56:00
Indie Pop,4. Jueves,Srta. Trueno Negro,Si Supiese Escribir,1527,2025-11-06 01:18:00
Indie Rock,4. Jueves,Arctic Monkeys,Snap Out Of It,36767,2025-11-06 01:18:00
Indie Rock,4. Jueves,Valle de Muñecas,Gotas en la Frente,244387,2025-11-06 01:36:00
Indie Rock,5. Viernes,boygenius,$20,200093,2025-11-07 12:00:00
Rock Argentino,5. Viernes,Sui Generis,Juan Represión,10663,2025-11-07 12:01:00
Urbano Latino,5. Viernes,Bad Bunny,KETU TeCRÉ,250789,2025-11-07 23:16:00
Urbano Latino,5. Viernes,CA7RIEL & Paco Amoroso,DUMBAI,84948,2025-11-07 23:20:00
Urbano Latino,5. Viernes,CA7RIEL & Paco Amoroso,EL ÚNICO,28480,2025-11-07 23:31:00
Indie Rock,5. Viernes,Valle de Muñecas,Gotas en la Frente,244387,2025-11-07 23:54:00
Indie Pop,6. Sábado,Lykke Li,I Follow Rivers - The Magician Remix,133490,2025-11-08 00:00:00
Rock Argentino,6. Sábado,Babasonicos,Trinchera,2928,2025-11-08 11:46:00
Indie Pop,6. Sábado,MARO,juro que vi flores,278765,2025-11-08 15:17:00
Indie Pop,6. Sábado,Martu Brito,mi abuela ya te ama,6361,2025-11-08 15:24:00
Indie Pop,6. Sábado,Martu Brito,mi abuela ya te ama,4160,2025-11-08 21:11:00
Indie Pop,6. Sábado,Martu Brito,mi abuela ya te ama,1796,2025-11-08 21:11:00
Indie Pop,6. Sábado,Martu Brito,mi abuela ya te ama,3778,2025-11-08 21:11:00
Indie Pop,6. Sábado,Ainda,Ménilmontant,206106,2025-11-08 22:46:00
Indie Rock,7. Domingo,Valle de Muñecas,Gotas en la Frente,244387,2025-11-09 12:56:00
Indie Pop,7. Domingo,FLORIAN,TKM,20283,2025-11-09 12:59:00
Rock Argentino,7. Domingo,Soda Stereo,Pasos - MTV Unplugged,6145,2025-11-09 16:42:00
Indie Pop,7. Domingo,Axel Fiks,Ojitos de Md,137053,2025-11-09 16:45:00
Indie Pop,7. Domingo,The Magic Numbers,Forever Lost,16482,2025-11-09 16:45:00
Indie Rock,7. Domingo,The Strokes,Threat of Joy,264725,2025-11-09 16:53:00
Rock Argentino,7. Domingo,Miguel Abuelo,Mariposas de Madera,4027,2025-11-09 16:53:00
Indie Folk,7. Domingo,Julio y Agosto,Amigo,200173,2025-11-09 20:55:00
Rock Argentino,7. Domingo,Babasonicos,Capricho,158240,2025-11-09 21:06:00
Urbano Latino,7. Domingo,Bad Bunny,Otro Atardecer,244444,2025-11-09 21:20:00
Rock Argentino,7. Domingo,Charly García,Locomotion,26071,2025-11-09 21:24:00
Rock Argentino,7. Domingo,Sui Generis,El Tuerto y los Ciegos,6850,2025-11-09 21:24:00
Rock Argentino,7. Domingo,Las Pelotas,Capitán América,188000,2025-11-09 21:24:00
Rock Argentino,7. Domingo,Charly García,Total Interferencia,8492,2025-11-09 21:25:00
Indie Pop,7. Domingo,Lara Pedrosa,Melodía de Extrañar.,11378,2025-11-09 21:25:00
Rock Argentino,7. Domingo,Serú Girán,Lo Que Dice La Lluvia,12696,2025-11-09 21:30:00
Indie Pop,7. Domingo,Melanie Williams,El Japonés,3607,2025-11-09 21:30:00
Rock Argentino,7. Domingo,Charly García,Total Interferencia,297987,2025-11-09 21:30:00
Indie Pop,7. Domingo,Lara Pedrosa,Melodía de Extrañar.,4206,2025-11-09 21:30:00
Indie Pop,7. Domingo,The Smiths,Stretch out and Wait - 2008 Remaster,165533,2025-11-09 21:33:00
Rock Argentino,7. Domingo,Los Piojos,Gris,309680,2025-11-09 21:38:00
Indie Rock,7. Domingo,Arcade Fire,Haiti,3587,2025-11-09 22:01:00
Indie Rock,7. Domingo,Santiago Motorizado,Google Maps,137436,2025-11-09 22:13:00
Indie Rock,7. Domingo,Valle de Muñecas,Gotas en la Frente,244387,2025-11-09 22:22:00
Indie Pop,7. Domingo,Lesbiandrama,Trago Sin Terminar,1619,2025-11-09 22:23:00
Indie Folk,7. Domingo,Julian Mourin,Manos en el Aire,0,2025-11-09 22:23:00
Rock Argentino,7. Domingo,Babasonicos,Madera Ideológica,1841,2025-11-09 22:23:00
Indie Folk,7. Domingo,Julian Mourin,Manos en el Aire,0,2025-11-09 22:24:00
Rock Argentino,7. Domingo,Sui Generis,Botas Locas,0,2025-11-09 22:31:00
Indie Rock,7. Domingo,Rosario Bléfari,Estaciones,0,2025-11-09 22:32:00
Indie Pop,7. Domingo,MissLupe,Nuestros Besos,0,2025-11-09 22:33:00
Indie Folk,7. Domingo,Feli Colina,Susurrito,0,2025-11-09 22:33:00
Indie Rock,7. Domingo,Suarez,Porvenir,0,2025-11-09 22:33:00
Indie Rock,7. Domingo,Usted Señalemelo,"Puedo Morir, Puedo Caer",0,2025-11-09 22:33:00
Indie Folk,7. Domingo,Perro Segovia,Awita de Coco,4182,2025-11-09 22:33:00
Rock Argentino,7. Domingo,Charly García,Adela en el Carrousell,0,2025-11-09 22:33:00
Indie Pop,7. Domingo,Los Besos,Copia Viva,0,2025-11-09 22:34:00
Indie Rock,7. Domingo,Las Ligas Menores,Accidente,0,2025-11-09 22:37:00
Urbano Latino,7. Domingo,Bad Bunny,NUEVAYoL,0,2025-11-09 22:37:00
Urbano Latino,7. Domingo,Bad Bunny,Si Veo a Tu Mamá,0,2025-11-09 22:37:00
Indie Pop,7. Domingo,Los Besos,El Dron,0,2025-11-09 22:37:00
Rock Argentino,7. Domingo,Luis Alberto Spinetta,Será Que La Canción Llegó Hasta El Sol,0,2025-11-09 22:37:00
Rock Argentino,7. Domingo,La Renga,Psilosibe Mexicana,0,2025-11-09 22:37:00
Indie Rock,7. Domingo,Mi Amigo Invencible,LA ARAÑA,0,2025-11-09 22:37:00
Indie Folk,7. Domingo,José González,Head On,0,2025-11-09 22:37:00
Indie Pop,1. Lunes,Los Besos,El Dron,140650,2025-11-10 09:30:00
Indie Pop,1. Lunes,Los Mundos Posibles,La Guerra del Japón,170326,2025-11-10 09:33:00
Rock Argentino,1. Lunes,Almendra,El Mundo Entre las Manos,139227,2025-11-10 09:43:00
Urbano Latino,1. Lunes,Dillom,Reiki y yoga,44875,2025-11-10 09:44:00
Urbano Latino,1. Lunes,Dillom,Reiki y yoga,41080,2025-11-10 09:46:00
Urbano Latino,1. Lunes,Dillom,Reiki y yoga,152641,2025-11-10 10:02:00
Indie Pop,1. Lunes,Los Mundos Posibles,La Ciudad Mas Austral del Mundo,165095,2025-11-10 10:09:00
Rock Argentino,1. Lunes,Serú Girán,Desarma Y Sangra,224693,2025-11-10 10:17:00
Indie Pop,1. Lunes,The Smiths,Bigmouth Strikes Again - 2011 Remaster,47308,2025-11-10 10:38:00
Indie Rock,1. Lunes,Valle de Muñecas,Gotas en la Frente,244387,2025-11-10 12:55:00
Indie Pop,1. Lunes,Lykke Li,I Follow Rivers - The Magician Remix,13362,2025-11-10 12:56:00
Urbano Latino,1. Lunes,Trueno,DANCE CRIP,0,2025-11-10 14:29:00
Urbano Latino,1. Lunes,CA7RIEL & Paco Amoroso,COSAS RICAS,9393,2025-11-10 14:35:00
Urbano Latino,1. Lunes,Bad Bunny,Neverita,173119,2025-11-10 14:37:00
Urbano Latino,1. Lunes,Bad Bunny,EoO,204768,2025-11-10 14:41:00
Urbano Latino,1. Lunes,CA7RIEL & Paco Amoroso,EL ÚNICO,14372,2025-11-10 14:44:00
Urbano Latino,1. Lunes,CA7RIEL & Paco Amoroso,EN EL AFTER,3997,2025-11-10 14:44:00
Urbano Latino,1. Lunes,Bad Bunny,Aguacero,6739,2025-11-10 14:44:00
Urbano Latino,1. Lunes,Bad Bunny,EL CLúB,5261,2025-11-10 14:45:00
Urbano Latino,1. Lunes,Tokischa,Linda,0,2025-11-10 14:45:00
Urbano Latino,1. Lunes,Bad Bunny,KLOuFRENS,3503,2025-11-10 14:45:00
Urbano Latino,1. Lunes,Trueno,Ñeri,5755,2025-11-10 14:46:00
Urbano Latino,1. Lunes,CA7RIEL & Paco Amoroso,DUMBAI,3081,2025-11-10 14:46:00
Urbano Latino,1. Lunes,Bad Bunny,Ojitos Lindos,27485,2025-11-10 14:46:00
Urbano Latino,1. Lunes,Trueno,THE ROOF IS ON FIRE,8537,2025-11-10 14:46:00
Indie Rock,1. Lunes,Valle de Muñecas,Gotas en la Frente,8643,2025-11-10 19:09:00
Indie Pop,1. Lunes,Srta. Trueno Negro,La Cura,0,2025-11-10 19:09:00
Indie Pop,1. Lunes,Lykke Li,I Follow Rivers - The Magician Remix,14938,2025-11-10 19:09:00
Indie Pop,1. Lunes,Srta. Trueno Negro,Fusilada,10943,2025-11-10 19:10:00
Rock Argentino,1. Lunes,Pescado Rabioso,Dulce 3 Nocturno,0,2025-11-10 19:10:00
Rock Argentino,1. Lunes,Babasonicos,Capricho,4024,2025-11-10 19:10:00
Rock Argentino,1. Lunes,Patricio Rey y sus Redonditos de Ricota,Rock para el Negro Atila,0,2025-11-10 19:10:00
Indie Pop,1. Lunes,Srta. Trueno Negro,Si Supiese Escribir,7425,2025-11-10 19:10:00
Indie Rock,1. Lunes,El Fin Del Cuento,Lo Que Dura el Atardecer,23,2025-11-10 19:18:00
Rock Argentino,1. Lunes,Los Piojos,Gris,7313,2025-11-10 19:18:00
Rock Argentino,1. Lunes,Babasonicos,Sharon Tate,0,2025-11-10 19:19:00
Rock Argentino,1. Lunes,Serú Girán,Perro Andaluz - 2019 Remasterizado,0,2025-11-10 19:19:00
Rock Argentino,1. Lunes,Sui Generis,Mariel y el Capitán,23,2025-11-10 19:23:00
Urbano Latino,1. Lunes,Bad Bunny,Moscow Mule,160440,2025-11-10 19:26:00
Rock Argentino,1. Lunes,Oscar Moro,Como Me Gustaria Ser Negro,165840,2025-11-10 19:55:00
Rock Argentino,1. Lunes,Oscar Moro,Como Me Gustaria Ser Negro,36669,2025-11-10 21:58:00
Indie Rock,1. Lunes,Viva Elastico,Yo Te Quiero Más,0,2025-11-10 22:00:00
Indie Rock,1. Lunes,Viva Elastico,Imágenes de Amor,0,2025-11-10 22:21:00
Indie Pop,1. Lunes,The Magic Numbers,Love Me Like You,257920,2025-11-10 22:41:00
Indie Pop,1. Lunes,The Magic Numbers,Forever Lost,257006,2025-11-10 22:45:00
Indie Pop,1. Lunes,Lucas Martí,El murgón,175311,2025-11-10 22:51:00
Indie Rock,1. Lunes,Santiago Motorizado,Google Maps,255998,2025-11-10 22:55:00
Rock Argentino,1. Lunes,Marilina Bertoldi,EL GORDO,0,2025-11-10 22:56:00
Rock Argentino,1. Lunes,Divididos,Haciendo Cosas Raras,23,2025-11-10 22:56:00
Indie Rock,3. Miércoles,Arcade Fire,Haiti,267,2025-11-12 11:32:00
Indie Pop,4. Jueves,The Smiths,Ask - 2011 Remaster,0,2025-11-13 11:10:00
Urbano Latino,4. Jueves,Bad Bunny,Moscow Mule,15974,2025-11-13 22:10:00
Urbano Latino,4. Jueves,CA7RIEL & Paco Amoroso,RE FORRO,185896,2025-11-13 22:16:00
Indie Pop,4. Jueves,MARO,juro que vi flores,199164,2025-11-13 22:25:00
Indie Pop,4. Jueves,MARO,juro que vi flores,79602,2025-11-13 22:26:00
Indie Rock,4. Jueves,Marina Fages,Piedra Marea Fuego,245246,2025-11-13 23:03:00
Urbano Latino,4. Jueves,Bad Bunny,Ojitos Lindos,7089,2025-11-13 23:07:00
Indie Rock,4. Jueves,Arctic Monkeys,Leave Before The Lights Come On,233947,2025-11-13 23:07:00
Indie Rock,4. Jueves,Sophia Chablau e Uma Enorme Perda de Tempo,As coisas que não te ensinam na faculdade de filosofia,0,2025-11-13 23:08:00
Indie Rock,4. Jueves,Arcade Fire,Everything Now (Todo Ya) - Remix por Bomba Estéreo,0,2025-11-13 23:08:00
Indie Rock,4. Jueves,Julian Casablancas,11th Dimension,0,2025-11-13 23:08:00
Indie Rock,4. Jueves,Vampire Weekend,A-Punk,0,2025-11-13 23:08:00
Rock Argentino,4. Jueves,Palo Pandolfo,Tu Amor,0,2025-11-13 23:08:00
Rock Argentino,4. Jueves,Los Piojos,Murguita,0,2025-11-13 23:08:00
Rock Argentino,4. Jueves,Divididos,Agua En Buenos Aires,0,2025-11-13 23:08:00
Indie Rock,4. Jueves,Las Ligas Menores,Crecer,0,2025-11-13 23:09:00
Rock Argentino,4. Jueves,Las Pelotas,Capitán América,188000,2025-11-13 23:16:00
Indie Pop,4. Jueves,Los Mundos Posibles,La Guerra del Japón,14630,2025-11-13 23:17:00
Rock Argentino,4. Jueves,Los Piojos,Murguita,0,2025-11-13 23:17:00
Indie Rock,4. Jueves,Las Ligas Menores,Accidente,0,2025-11-13 23:18:00
Rock Argentino,4. Jueves,Patricio Rey y sus Redonditos de Ricota,Juguetes Perdidos,0,2025-11-13 23:18:00
Indie Pop,4. Jueves,Los Mundos Posibles,La Ciudad Mas Austral del Mundo,0,2025-11-13 23:18:00
Indie Rock,4. Jueves,Marina Fages,Tu Modo Amable,0,2025-11-13 23:23:00
Indie Rock,4. Jueves,boygenius,$20,0,2025-11-13 23:23:00
Indie Rock,4. Jueves,Marina Fages,El Límite,248007,2025-11-13 23:27:00
Indie Pop,4. Jueves,The Smiths,Stretch out and Wait - 2008 Remaster,4037,2025-11-13 23:28:00
Rock Argentino,4. Jueves,Charly García,Cuchillos,0,2025-11-13 23:29:00
Rock Argentino,4. Jueves,Babasonicos,Soy Rock,0,2025-11-13 23:29:00
Rock Argentino,4. Jueves,La Renga,Triste Canción De Amor,0,2025-11-13 23:30:00
Indie Rock,4. Jueves,El Mató a un Policía Motorizado,Terrorismo en la Copa del Mundo,0,2025-11-13 23:30:00
Rock Argentino,4. Jueves,Las Pelotas,Bombachitas Rosas,0,2025-11-13 23:30:00
Rock Argentino,4. Jueves,Patricio Rey y sus Redonditos de Ricota,Nuestro Amo Juega al Esclavo,0,2025-11-13 23:30:00
Rock Argentino,4. Jueves,Charly García,Locomotion,4520,2025-11-13 23:30:00
Indie Rock,4. Jueves,Arcade Fire,Everything Now (Todo Ya) - Remix por Bomba Estéreo,0,2025-11-13 23:31:00
Rock Argentino,4. Jueves,Charly García,Víctima,0,2025-11-13 23:31:00
Rock Argentino,4. Jueves,Fabiana Cantilo,Una Tregua,0,2025-11-13 23:31:00
Indie Rock,4. Jueves,Arcade Fire,Neighborhood #1 (Tunnels),0,2025-11-13 23:33:00
Indie Rock,4. Jueves,Las Ligas Menores,Todo Lo Que Pienso Hoy,0,2025-11-13 23:33:00
Indie Rock,4. Jueves,El Mató a un Policía Motorizado,Mi Próximo Movimiento,0,2025-11-13 23:38:00
Indie Rock,4. Jueves,Rosario Bléfari,Vidrieras,0,2025-11-13 23:38:00
Indie Rock,4. Jueves,boygenius,$20,0,2025-11-13 23:39:00
Rock Argentino,4. Jueves,Babasonicos,El ídolo,0,2025-11-13 23:39:00
Indie Rock,4. Jueves,Usted Señalemelo,Las Flores Sangran,0,2025-11-13 23:39:00
Indie Rock,4. Jueves,El Mató a un Policía Motorizado,Diamante Roto,0,2025-11-13 23:39:00
Rock Argentino,4. Jueves,Babasonicos,Las Demás,0,2025-11-13 23:39:00
Indie Pop,4. Jueves,Ainda,Arriba y abajo,0,2025-11-13 23:43:00
Indie Rock,4. Jueves,El Mató a un Policía Motorizado,Sábado,188653,2025-11-13 23:43:00
Rock Argentino,4. Jueves,Miguel Abuelo,Verili,0,2025-11-13 23:43:00
Indie Rock,4. Jueves,Rosario Bléfari,Estaciones,0,2025-11-13 23:43:00
Rock Argentino,4. Jueves,Marilina Bertoldi,Cosa Mía,0,2025-11-13 23:43:00
Urbano Latino,4. Jueves,Trueno,TIERRA ZANTA,0,2025-11-13 23:43:00
Rock Argentino,4. Jueves,Bersuit Vergarabat,Danza De Los Muertos Pobres - Live In Buenos Aires / 2001,0,2025-11-13 23:43:00
Rock Argentino,4. Jueves,Palo Pandolfo,La Idea,0,2025-11-13 23:43:00
Rock Argentino,4. Jueves,Luis Alberto Spinetta,Vidami,0,2025-11-13 23:43:00
Rock Argentino,4. Jueves,Miguel Abuelo,Dónde Está la Ternura - Inédito - En Vivo,0,2025-11-13 23:43:00
Indie Rock,4. Jueves,Usted Señalemelo,Horizonte,0,2025-11-13 23:44:00
Indie Rock,4. Jueves,Usted Señalemelo,Horizonte,0,2025-11-13 23:45:00
Indie Pop,4. Jueves,Lucas Martí,El murgón,977,2025-11-13 23:45:00
Indie Pop,4. Jueves,Axel Fiks,Ojitos de Md,137053,2025-11-13 23:47:00
Indie Rock,4. Jueves,Arctic Monkeys,Body Paint,0,2025-11-13 23:47:00
Indie Pop,4. Jueves,Isla de Caras,Idiota,0,2025-11-13 23:47:00
Indie Folk,4. Jueves,Román Martino,Vecina,23,2025-11-13 23:47:00
Rock Argentino,4. Jueves,Serú Girán,Salir De La Melancolía,0,2025-11-13 23:47:00
Rock Argentino,4. Jueves,Marilina Bertoldi,Sushi en Lata,0,2025-11-13 23:47:00
Rock Argentino,4. Jueves,Charly García,Música Del Alma - En Vivo,0,2025-11-13 23:48:00
Rock Argentino,4. Jueves,Charly García,La Gente Es la Misma,0,2025-11-13 23:48:00
Rock Argentino,4. Jueves,Luis Alberto Spinetta,Correr Frente a Ti - En Vivo,0,2025-11-13 23:48:00
Rock Argentino,4. Jueves,Babasonicos,Perfume Casino,995,2025-11-13 23:48:00
Indie Pop,4. Jueves,Lykke Li,I Follow Rivers - The Magician Remix,121213,2025-11-13 23:53:00
Rock Argentino,4. Jueves,Los Piojos,Gris,1627,2025-11-13 23:53:00
Rock Argentino,4. Jueves,Oscar Moro,Como Me Gustaria Ser Negro,2053,2025-11-13 23:54:00
Indie Folk,4. Jueves,Karina Vismara,Sola por la Ciudad,4024,2025-11-13 23:54:00
Urbano Latino,4. Jueves,Bad Bunny,BAILE INoLVIDABLE,0,2025-11-13 23:54:00
Urbano Latino,5. Viernes,CA7RIEL & Paco Amoroso,RE FORRO,185896,2025-11-14 00:33:00
Indie Rock,5. Viernes,Arcade Fire,Haiti,92933,2025-11-14 00:34:00
Rock Argentino,5. Viernes,Charly García,La Ruta del Tentempié,1301,2025-11-14 01:59:00
Indie Rock,5. Viernes,The Strokes,Threat of Joy,264725,2025-11-14 02:03:00
Urbano Latino,5. Viernes,Dillom,Cirugía,1590,2025-11-14 02:04:00
Indie Pop,5. Viernes,Lykke Li,I Follow Rivers - The Magician Remix,16222,2025-11-14 02:04:00
Rock Argentino,5. Viernes,Babasonicos,Curtis,207131,2025-11-14 02:10:00
Indie Pop,5. Viernes,The Smiths,Ask - 2011 Remaster,2387,2025-11-14 02:14:00
Rock Argentino,5. Viernes,Babasonicos,Trinchera,200624,2025-11-14 02:14:00
Rock Argentino,5. Viernes,Babasonicos,Perfume Casino,1850,2025-11-14 02:14:00
Indie Pop,5. Viernes,The Magic Numbers,Love Me Like You,257920,2025-11-14 02:18:00
Urbano Latino,5. Viernes,Bad Bunny,Neverita,1047,2025-11-14 02:19:00
Indie Rock,5. Viernes,Marina Fages,El Límite,1532,2025-11-14 02:19:00
Indie Rock,5. Viernes,Marina Fages,Tu Modo Amable,109,2025-11-14 11:10:00
Rock Argentino,5. Viernes,Serú Girán,Separata - 2021 Remasterizado,5363,2025-11-14 20:03:00
Rock Argentino,5. Viernes,Charly García,Reloj de Plastilina,7391,2025-11-14 20:03:00
Rock Argentino,5. Viernes,Charly García,Reloj de Plastilina,462,2025-11-14 20:03:00
Rock Argentino,5. Viernes,Charly García,Reloj de Plastilina,2034,2025-11-14 20:03:00
Rock Argentino,5. Viernes,Charly García,Reloj de Plastilina,1063,2025-11-14 20:03:00
Rock Argentino,5. Viernes,Charly García,Anhedonia,0,2025-11-14 20:03:00
Rock Argentino,5. Viernes,Charly García,Anhedonia,1447,2025-11-14 20:03:00
Rock Argentino,5. Viernes,Charly García,Anhedonia,10727,2025-11-14 20:03:00
Rock Argentino,5. Viernes,Charly García,Víctima,8602,2025-11-14 20:04:00
Rock Argentino,5. Viernes,Charly García,Filosofía Barata y Zapatos de Goma,42327,2025-11-14 20:04:00
Rock Argentino,5. Viernes,Sui Generis,Cuando Ya Me Empiece a Quedar Solo,34800,2025-11-14 20:05:00
Rock Argentino,7. Domingo,Babasonicos,Ingrediente,23095,2025-11-16 11:14:00
Indie Rock,7. Domingo,Usted Señalemelo,Matarme con vos,3387,2025-11-16 11:24:00
Indie Rock,7. Domingo,Usted Señalemelo,Matarme con vos,5239,2025-11-16 11:24:00
Indie Rock,7. Domingo,El Mató a un Policía Motorizado,Chica de Oro,233587,2025-11-16 11:37:00
Indie Rock,7. Domingo,Usted Señalemelo,Matarme con vos,0,2025-11-16 12:37:00
Indie Rock,7. Domingo,Usted Señalemelo,Matarme con vos,251,2025-11-16 12:40:00
Indie Rock,7. Domingo,Usted Señalemelo,Matarme con vos,2126,2025-11-16 12:41:00
Indie Rock,7. Domingo,Usted Señalemelo,Matarme con vos,69,2025-11-16 12:49:00
Indie Rock,7. Domingo,Arctic Monkeys,Fluorescent Adolescent,183893,2025-11-16 12:54:00
Indie Rock,7. Domingo,The Strokes,Someday,183573,2025-11-16 13:16:00
Indie Rock,7. Domingo,Arctic Monkeys,Mardy Bum,175440,2025-11-16 13:19:00
Indie Rock,7. Domingo,The Strokes,Selfless,27454,2025-11-16 13:24:00
Indie Rock,7. Domingo,Arcade Fire,Age of Anxiety II (Rabbit Hole),23008,2025-11-16 13:29:00
Indie Rock,7. Domingo,The Strokes,Threat of Joy,183520,2025-11-16 13:36:00
Indie Rock,7. Domingo,Arctic Monkeys,Leave Before The Lights Come On,14960,2025-11-16 13:38:00
Rock Argentino,7. Domingo,Luis Alberto Spinetta,Fina Ropa Blanca,847,2025-11-16 13:41:00
Indie Rock,7. Domingo,boygenius,$20,120200,2025-11-16 13:55:00
Urbano Latino,7. Domingo,CA7RIEL & Paco Amoroso,RE FORRO,55910,2025-11-16 13:56:00
Indie Rock,1. Lunes,Usted Señalemelo,Seúl,3139,2025-11-17 10:37:00
Rock Argentino,2. Martes,Charly García,La Ruta del Tentempié,77588,2025-11-18 11:11:00
Indie Rock,2. Martes,Usted Señalemelo,Seúl,392,2025-11-18 21:41:00
Indie Rock,3. Miércoles,Arcade Fire,Neighborhood #1 (Tunnels),217,2025-11-19 11:15:00
Urbano Latino,3. Miércoles,Trueno,FRESH - Red Bull Symphonic,0,2025-11-19 12:52:00
Indie Rock,3. Miércoles,Autos Robados,Insisto,35944,2025-11-19 17:03:00
Indie Rock,3. Miércoles,Autos Robados,Gente Rota,43287,2025-11-19 17:03:00
Indie Rock,3. Miércoles,Autos Robados,Insisto,171126,2025-11-19 17:06:00
Indie Rock,3. Miércoles,Autos Robados,Los Ángeles,213158,2025-11-19 17:10:00
Indie Rock,3. Miércoles,Autos Robados,Remedios,1173,2025-11-19 19:38:00
Indie Rock,3. Miércoles,Autos Robados,Remedios,131,2025-11-19 22:56:00
Indie Rock,3. Miércoles,Autos Robados,Gente Rota,45409,2025-11-19 22:57:00
Indie Rock,3. Miércoles,Autos Robados,Insisto,205816,2025-11-19 23:01:00
Indie Rock,3. Miércoles,Autos Robados,Los Ángeles,213158,2025-11-19 23:04:00
Indie Rock,3. Miércoles,Autos Robados,Remedios,198397,2025-11-19 23:08:00
Indie Rock,3. Miércoles,Autos Robados,Laberintos,38889,2025-11-19 23:21:00
Indie Rock,4. Jueves,Las Ligas Menores,Accidente,83,2025-11-20 11:30:00
Indie Pop,4. Jueves,Ainda,ROMPECABEZAS,1320,2025-11-20 12:07:00
Urbano Latino,4. Jueves,Trueno,RAIN III - Red Bull Symphonic,0,2025-11-20 19:30:00
Urbano Latino,6. Sábado,Trueno,FEEL ME?? - Red Bull Symphonic,270,2025-11-22 13:00:00
Rock Argentino,6. Sábado,Patricio Rey y sus Redonditos de Ricota,Rock para el Negro Atila,240107,2025-11-22 13:04:00
Indie Pop,6. Sábado,Los Besos,Chica de los trenes,202250,2025-11-22 13:08:00
Indie Rock,6. Sábado,Rosario Bléfari,Lobo,208573,2025-11-22 13:11:00
Indie Pop,6. Sábado,The Smiths,Stretch out and Wait - 2008 Remaster,54547,2025-11-22 13:25:00
Indie Pop,6. Sábado,The Smiths,Stretch out and Wait - 2008 Remaster,111000,2025-11-22 14:58:00
Rock Argentino,6. Sábado,Serú Girán,Salir De La Melancolía,125733,2025-11-22 15:00:00
Rock Argentino,6. Sábado,Charly García,Bancate Ese Defecto,163346,2025-11-22 15:13:00
Rock Argentino,6. Sábado,Charly García,Bancate Ese Defecto,131649,2025-11-22 15:52:00
Indie Pop,6. Sábado,Srta. Trueno Negro,Fusilada,7453,2025-11-22 15:53:00
Indie Folk,6. Sábado,The Lumineers,Patience,5389,2025-11-22 15:53:00
Indie Rock,6. Sábado,Valle de Muñecas,Gotas en la Frente,244387,2025-11-22 15:57:00
Indie Rock,6. Sábado,Arcade Fire,The Lightning II,6096,2025-11-22 15:57:00
Rock Argentino,6. Sábado,La Renga,Psilosibe Mexicana,1897,2025-11-22 15:57:00
Indie Rock,6. Sábado,Suarez,Excursiones,65890,2025-11-22 16:16:00
Indie Rock,6. Sábado,Valle de Muñecas,Gotas en la Frente,244387,2025-11-22 19:04:00
Rock Argentino,7. Domingo,Almendra,A Estos Hombres Tristes,1167,2025-11-23 00:00:00
Rock Argentino,7. Domingo,Luis Alberto Spinetta,Será Que La Canción Llegó Hasta El Sol,201800,2025-11-23 00:00:00
Indie Rock,7. Domingo,The Strokes,12:51,20905,2025-11-23 00:00:00
Rock Argentino,7. Domingo,Babasonicos,Gratis,8859,2025-11-23 00:04:00
Rock Argentino,7. Domingo,Patricio Rey y sus Redonditos de Ricota,Nuestro Amo Juega al Esclavo,1261,2025-11-23 00:04:00
Rock Argentino,7. Domingo,Sui Generis,El Tuerto y los Ciegos,1727,2025-11-23 00:04:00
Rock Argentino,7. Domingo,Los Piojos,Gris,12282,2025-11-23 00:04:00
Indie Pop,7. Domingo,Ainda,El equilibrio,1691,2025-11-23 00:07:00
Indie Folk,7. Domingo,Kings of Convenience,Misread,1839,2025-11-23 00:07:00
Indie Rock,7. Domingo,Rosario Bléfari,Reservado,18197,2025-11-23 00:07:00
Indie Pop,7. Domingo,Srta. Trueno Negro,Si Supiese Escribir,170027,2025-11-23 00:07:00
Rock Argentino,7. Domingo,Marilina Bertoldi,Sexo Con Modelos,1305,2025-11-23 00:07:00
Indie Pop,7. Domingo,The Smiths,Ask - 2011 Remaster,198147,2025-11-23 00:11:00
Indie Pop,7. Domingo,Los Besos,Matemática sentimental,3917,2025-11-23 00:11:00
Rock Argentino,7. Domingo,Fito Paez,Ambar Violeta,14802,2025-11-23 00:11:00
Indie Rock,7. Domingo,Rosario Bléfari,Cartas,124587,2025-11-23 00:24:00
Indie Rock,7. Domingo,The Strokes,Threat of Joy,264725,2025-11-23 00:29:00
Rock Argentino,7. Domingo,Babasonicos,Tormento,563,2025-11-23 11:30:00
Urbano Latino,7. Domingo,Trueno,FEEL ME?? - Red Bull Symphonic,3177,2025-11-23 12:16:00
Urbano Latino,7. Domingo,Trueno,FEEL ME?? - Red Bull Symphonic,3326,2025-11-23 12:16:00
Urbano Latino,7. Domingo,Trueno,FEEL ME?? - Red Bull Symphonic,0,2025-11-23 12:16:00
Urbano Latino,7. Domingo,Trueno,FEEL ME?? - Red Bull Symphonic,1031,2025-11-23 12:24:00
Urbano Latino,7. Domingo,Trueno,FEEL ME?? - Red Bull Symphonic,537,2025-11-23 20:10:00
Urbano Latino,7. Domingo,Trueno,FEEL ME?? - Red Bull Symphonic,0,2025-11-23 20:10:00
Indie Pop,7. Domingo,Lesbiandrama,Trago Sin Terminar,2768,2025-11-23 20:13:00
Indie Pop,7. Domingo,The Smiths,Unloveable - 2011 Remaster,2368,2025-11-23 20:13:00
Rock Argentino,7. Domingo,Serú Girán,Perro Andaluz - 2019 Remasterizado,296648,2025-11-23 21:28:00
Indie Rock,7. Domingo,El Mató a un Policía Motorizado,La Noche Eterna,327739,2025-11-23 21:34:00
Indie Rock,7. Domingo,Rosario Bléfari,Viento Helado,178013,2025-11-23 21:37:00
Rock Argentino,7. Domingo,Serú Girán,Mientras Miro Las Nuevas Olas - En Vivo,137648,2025-11-23 23:00:00
Indie Folk,1. Lunes,José González,El Invento,73,2025-11-24 11:10:00
Indie Folk,1. Lunes,San Pedro Bonfim,Tu amor es como la piel de las manzanas,8715,2025-11-24 22:32:00
Indie Folk,1. Lunes,San Pedro Bonfim,Corazón de guagua,191321,2025-11-24 22:32:00
Indie Folk,1. Lunes,Esmeralda Escalante,Volcán,13452,2025-11-24 22:37:00
Indie Rock,1. Lunes,XENEZE,When i Wake,221333,2025-11-24 22:44:00
Rock Argentino,1. Lunes,Bersuit Vergarabat,Toco Y Me Voy,180680,2025-11-24 23:07:00
Indie Rock,2. Martes,Mora y los Metegoles,Vestida para Morir,153800,2025-11-25 22:31:00
Rock Argentino,2. Martes,Charly García,Peluca Telefónica,301040,2025-11-25 22:44:00
Rock Argentino,2. Martes,Charly García,Cuchillos,269067,2025-11-25 22:52:00
Rock Argentino,2. Martes,Fito Paez,She's Mine,273133,2025-11-25 22:56:00
Rock Argentino,2. Martes,Charly García,No Se Va A Llamar Mi Amor,1667,2025-11-25 22:57:00
Indie Pop,2. Martes,Isla de Caras,Idiota,1425,2025-11-25 22:57:00
Indie Pop,2. Martes,Los Besos,¿Cómo estás?,175099,2025-11-25 23:00:00
Rock Argentino,2. Martes,Luis Alberto Spinetta,Ni Cuenta Te Das,215920,2025-11-25 23:04:00
Indie Pop,2. Martes,Cupido,El Tiempo Es Oro,241246,2025-11-25 23:08:00
Indie Folk,2. Martes,Alex Eugenio,YO-A-O,24640,2025-11-25 23:16:00
Indie Pop,2. Martes,Ainda,Válsamo,0,2025-11-25 23:16:00
Indie Pop,2. Martes,Ainda,Válsamo,691,2025-11-25 23:16:00
Indie Folk,2. Martes,Alex Eugenio,YO-A-O,2113,2025-11-25 23:17:00
Indie Folk,2. Martes,San Pedro Bonfim,Corazón de guagua,191321,2025-11-25 23:20:00
Indie Rock,2. Martes,Mora y los Metegoles,Adscriptos,123019,2025-11-25 23:22:00
Indie Rock,2. Martes,Flix Pussy Cola,Ivy,249917,2025-11-25 23:26:00
Indie Folk,2. Martes,Alex Eugenio,Añoranza Del Amor,178466,2025-11-25 23:29:00
Indie Pop,2. Martes,Santi Muk,notas,96817,2025-11-25 23:31:00
Indie Folk,2. Martes,Alex Eugenio,Quizás (La Historia de Nosotros),203762,2025-11-25 23:38:00
Indie Folk,2. Martes,Zuaraz,Siempre Simón y Nunca Nel,241616,2025-11-25 23:42:00
Indie Folk,2. Martes,Zuaraz,Sin Yolanda,230875,2025-11-25 23:46:00
Indie Pop,2. Martes,Una Canción Bonita,Me Gusta,256859,2025-11-25 23:50:00
Indie Rock,2. Martes,Mariscos,Lo Único Que Tenemos Que Ver Tú y Yo Es Lo de en Frente,99091,2025-11-25 23:52:00
Indie Rock,3. Miércoles,El Fin Del Cuento,Lo Que Dura el Atardecer,12965,2025-11-26 00:05:00
Rock Argentino,3. Miércoles,Charly García,La Gente Es la Misma,15996,2025-11-26 00:10:00
Indie Rock,3. Miércoles,Rosario Bléfari,Vidrieras,9851,2025-11-26 00:11:00
Rock Argentino,3. Miércoles,Fito Paez,Solo La La La,61326,2025-11-26 00:13:00
Rock Argentino,3. Miércoles,Luis Alberto Spinetta,Cada Luz,214467,2025-11-26 00:16:00
Rock Argentino,3. Miércoles,Los Piojos,Murguita,212040,2025-11-26 00:20:00
Rock Argentino,3. Miércoles,Pescado Rabioso,Credulidad,184693,2025-11-26 00:24:00
Urbano Latino,3. Miércoles,Bad Bunny,NUEVAYoL,183685,2025-11-26 00:27:00
Rock Argentino,3. Miércoles,Charly García,Locomotion,130733,2025-11-26 00:29:00
Indie Pop,3. Miércoles,Los Besos,Destino,106920,2025-11-26 00:37:00
Indie Pop,3. Miércoles,Lucas Martí,El murgón,175311,2025-11-26 00:40:00
Rock Argentino,3. Miércoles,Babasonicos,Perfume Casino,260787,2025-11-26 00:50:00
Rock Argentino,3. Miércoles,Luis Alberto Spinetta,Cielo De Ti,162627,2025-11-26 00:53:00
Rock Argentino,3. Miércoles,Babasonicos,Tormento,215387,2025-11-26 01:25:00
Rock Argentino,3. Miércoles,Divididos,Paisano De Hurlingham,19609,2025-11-26 01:29:00
Urbano Latino,3. Miércoles,DJ MÄMI,La Barca,195165,2025-11-26 01:29:00
Indie Rock,5. Viernes,Rosario Bléfari,Viento Helado,84,2025-11-28 13:10:00
Indie Pop,6. Sábado,Lykke Li,I Follow Rivers - The Magician Remix,1162,2025-11-29 11:15:00
Indie Rock,6. Sábado,Mora y los Metegoles,Todo Lo Que,194087,2025-11-29 11:46:00
Indie Rock,6. Sábado,Mora y los Metegoles,Falkor,116014,2025-11-29 11:48:00
Indie Rock,6. Sábado,Mora y los Metegoles,A 100 en Bajada,202000,2025-11-29 11:51:00
Indie Rock,6. Sábado,Mora y los Metegoles,Adscriptos,123019,2025-11-29 11:53:00
Indie Rock,6. Sábado,Mora y los Metegoles,Gran Remera,77500,2025-11-29 11:54:00
Indie Rock,6. Sábado,Mora y los Metegoles,Terrícola,124000,2025-11-29 11:56:00
Indie Rock,6. Sábado,Mora y los Metegoles,Avisame Cuando Llegues,158569,2025-11-29 11:59:00
Indie Rock,6. Sábado,Mora y los Metegoles,Cuidado,118847,2025-11-29 12:01:00
Indie Rock,6. Sábado,Mac DeMarco,Shining,187089,2025-11-29 12:04:00
Indie Rock,6. Sábado,Mac DeMarco,Sweeter,178510,2025-11-29 12:07:00
Indie Rock,6. Sábado,Mac DeMarco,Phantom,109401,2025-11-29 12:09:00
Indie Rock,6. Sábado,Mac DeMarco,Nightmare,113560,2025-11-29 12:33:00
Indie Rock,6. Sábado,Usted Señalemelo,"Puedo Morir, Puedo Caer",246600,2025-11-29 13:28:00
Rock Argentino,6. Sábado,Sui Generis,El Tuerto y los Ciegos,62707,2025-11-29 13:30:00
Indie Rock,6. Sábado,El Mató a un Policía Motorizado,Doctora Muerte,146467,2025-11-29 13:35:00
Rock Argentino,6. Sábado,Babasonicos,Madera Ideológica,245884,2025-11-29 13:39:00
Urbano Latino,6. Sábado,Bad Bunny,Neverita,173119,2025-11-29 15:59:00
Indie Folk,6. Sábado,José González,Valle Local,143280,2025-11-29 16:13:00
Urbano Latino,6. Sábado,Dillom,Cirugía,68336,2025-11-29 16:14:00
Indie Rock,6. Sábado,Mac DeMarco,For the First Time,5123,2025-11-29 16:21:00
Rock Argentino,6. Sábado,Luis Alberto Spinetta,Llama y Verás,16993,2025-11-29 16:21:00
Indie Rock,6. Sábado,Mac DeMarco,My Kind of Woman,35856,2025-11-29 16:25:00
Indie Rock,6. Sábado,Mac DeMarco,Chamber Of Reflection,231724,2025-11-29 16:25:00
Indie Rock,6. Sábado,Mac DeMarco,My Kind of Woman,155015,2025-11-29 16:42:00
Indie Rock,6. Sábado,Mac DeMarco,Moonlight on the River,422613,2025-11-29 16:49:00
Indie Rock,6. Sábado,Mac DeMarco,No Other Heart,173118,2025-11-29 16:52:00
Indie Rock,6. Sábado,Mac DeMarco,Freaking Out the Neighborhood,173889,2025-11-29 16:55:00
Indie Rock,6. Sábado,Mac DeMarco,Watching Him Fade Away,143080,2025-11-29 16:58:00
Indie Rock,6. Sábado,Mac DeMarco,Still Beating,181587,2025-11-29 17:01:00
Indie Rock,6. Sábado,Mac DeMarco,20191009 I Like Her,136888,2025-11-29 17:03:00
Indie Rock,6. Sábado,Mac DeMarco,Another One,160991,2025-11-29 17:06:00
Indie Rock,6. Sábado,Mac DeMarco,Preoccupied,239646,2025-11-29 17:10:00
Indie Rock,6. Sábado,Mac DeMarco,20201203,258522,2025-11-29 17:14:00
Indie Rock,6. Sábado,Mac DeMarco,A Heart Like Hers,241861,2025-11-29 17:18:00
Indie Rock,6. Sábado,Mac DeMarco,Phantom,110173,2025-11-29 17:20:00
Indie Rock,6. Sábado,Mac DeMarco,Finally Alone,144757,2025-11-29 17:22:00
Indie Rock,6. Sábado,Mac DeMarco,Salad Days,145893,2025-11-29 17:25:00
Indie Rock,6. Sábado,Mac DeMarco,One More Love Song,241067,2025-11-29 17:29:00
Indie Rock,6. Sábado,Mac DeMarco,Sweeter,179253,2025-11-29 17:32:00
Indie Rock,6. Sábado,Mac DeMarco,Ode to Viceroy,233818,2025-11-29 17:36:00
Indie Rock,6. Sábado,Mac DeMarco,Passing Out Pieces,167091,2025-11-29 17:38:00
Indie Rock,6. Sábado,Mac DeMarco,On the Level,227653,2025-11-29 17:42:00
Indie Rock,6. Sábado,Mac DeMarco,Nightmare,136933,2025-11-29 17:44:00
Indie Rock,6. Sábado,Mac DeMarco,Without Me,177196,2025-11-29 17:47:00
Indie Rock,6. Sábado,Mac DeMarco,Treat Her Better,229121,2025-11-29 17:51:00
Indie Rock,6. Sábado,Mac DeMarco,20191012 Fooled By Love,197719,2025-11-29 17:55:00
Indie Rock,6. Sábado,Mac DeMarco,Punishment,120960,2025-11-29 17:57:00
Indie Rock,6. Sábado,Mac DeMarco,On The Square,209393,2025-11-29 18:00:00
Indie Rock,6. Sábado,Mac DeMarco,Blue Boy,126224,2025-11-29 18:02:00
Indie Rock,6. Sábado,Mac DeMarco,Dreaming,147324,2025-11-29 18:05:00
Indie Rock,6. Sábado,Mac DeMarco,Shining,188013,2025-11-29 18:08:00
Indie Rock,6. Sábado,Mac DeMarco,Another One - Demo #2,166834,2025-11-29 18:11:00
Indie Rock,6. Sábado,Mac DeMarco,Let Her Go,182607,2025-11-29 18:14:00
Indie Rock,6. Sábado,Mac DeMarco,The Stars Keep On Calling My Name,142769,2025-11-29 18:16:00
Indie Rock,6. Sábado,Mac DeMarco,Terror,183800,2025-11-29 18:19:00
Indie Rock,6. Sábado,Mac DeMarco,20200819 She Get The Gold Star,161190,2025-11-29 18:22:00
Indie Rock,6. Sábado,Mac DeMarco,The Way You'd Love Her,156430,2025-11-29 18:24:00
Indie Rock,6. Sábado,Mac DeMarco,Nobody,212460,2025-11-29 18:28:00
Indie Rock,6. Sábado,Mac DeMarco,She's Really All I Need,183920,2025-11-29 18:31:00
Indie Rock,6. Sábado,Mac DeMarco,20200229 2,822709,2025-11-29 18:45:00
Indie Rock,6. Sábado,Mac DeMarco,Don Juan,116863,2025-11-29 18:47:00
Indie Rock,6. Sábado,Mac DeMarco,K,70457,2025-11-29 18:48:00
Indie Rock,6. Sábado,Mora y los Metegoles,Adscriptos,26951,2025-11-29 21:34:00
Indie Rock,6. Sábado,Mora y los Metegoles,Todo Lo Que,29250,2025-11-29 21:34:00
Indie Pop,6. Sábado,FLORIAN,COMO DOS EXTRAÑOS (feat. Santiago Motorizado),7484,2025-11-29 22:03:00
Indie Rock,6. Sábado,O Terno,volta e meia,195067,2025-11-29 22:15:00
Indie Rock,6. Sábado,Gregory Rogove,"The Last Salt Maker, Be Careful of Who You Fall in Love With, Family Surf (feat. Devendra Banhart)",206451,2025-11-29 22:42:00
Indie Pop,6. Sábado,Gabriel Rios,La torre (feat. Devendra Banhart),34774,2025-11-29 22:47:00
Indie Folk,6. Sábado,José González,Open Book,28800,2025-11-29 22:53:00
Urbano Latino,7. Domingo,CA7RIEL & Paco Amoroso,RE FORRO,6477,2025-11-30 11:56:00
Indie Rock,7. Domingo,Valle de Muñecas,Gotas en la Frente,1775,2025-11-30 11:57:00
Indie Pop,7. Domingo,Lykke Li,I Follow Rivers - The Magician Remix,1671,2025-11-30 11:57:00
Indie Pop,7. Domingo,Srta. Trueno Negro,La Cura,192821,2025-11-30 12:00:00
Indie Pop,7. Domingo,Srta. Trueno Negro,Si Supiese Escribir,155399,2025-11-30 12:38:00
Indie Pop,7. Domingo,Srta. Trueno Negro,Fusilada,1413,2025-11-30 13:14:00
Rock Argentino,7. Domingo,Pescado Rabioso,Dulce 3 Nocturno,1191,2025-11-30 13:14:00
Rock Argentino,7. Domingo,Babasonicos,Capricho,4378,2025-11-30 13:14:00
Indie Pop,7. Domingo,Srta. Trueno Negro,Si Supiese Escribir,2834,2025-11-30 13:14:00
Rock Argentino,7. Domingo,Patricio Rey y sus Redonditos de Ricota,Rock para el Negro Atila,240107,2025-11-30 13:18:00
Indie Pop,7. Domingo,FLORIAN,COMO DOS EXTRAÑOS (feat. Santiago Motorizado),160,2025-11-30 13:22:00
Rock Argentino,7. Domingo,Los Piojos,Gris,80791,2025-11-30 13:24:00
Rock Argentino,7. Domingo,Serú Girán,Perro Andaluz - 2019 Remasterizado,296648,2025-11-30 13:29:00
Rock Argentino,7. Domingo,Babasonicos,Sharon Tate,53147,2025-11-30 13:30:00
Rock Argentino,7. Domingo,Patricio Rey y sus Redonditos de Ricota,Juguetes Perdidos,44964,2025-11-30 13:42:00
Rock Argentino,7. Domingo,Patricio Rey y sus Redonditos de Ricota,Juguetes Perdidos,355058,2025-11-30 14:00:00
Indie Pop,7. Domingo,FLORIAN,COMO DOS EXTRAÑOS (feat. Santiago Motorizado),0,2025-11-30 14:06:00
Indie Pop,7. Domingo,Los Besos,Matemática sentimental,5581,2025-11-30 15:03:00
Rock Argentino,7. Domingo,Fito Paez,Yo Vengo A Ofrecer Mi Corazon,3022,2025-11-30 15:07:00
Rock Argentino,7. Domingo,Charly García,Fantasy,6923,2025-11-30 15:55:00
Rock Argentino,7. Domingo,Fabiana Cantilo,Una Tregua,210427,2025-11-30 15:59:00
Rock Argentino,7. Domingo,Fito Paez,D.L.G.,12097,2025-11-30 16:03:00
Indie Rock,7. Domingo,Usted Señalemelo,Horizonte,170000,2025-11-30 20:23:00
Indie Folk,7. Domingo,José González,Head On,6428,2025-11-30 20:23:00
Indie Rock,7. Domingo,Arcade Fire,Unconditional I (Lookout Kid),2911,2025-11-30 20:24:00
Indie Pop,7. Domingo,Srta. Trueno Negro,Si Supiese Escribir,0,2025-11-30 21:44:00
Indie Pop,7. Domingo,Srta. Trueno Negro,La Cura,0,2025-11-30 21:45:00
Indie Pop,7. Domingo,Srta. Trueno Negro,La Cura,192821,2025-11-30 22:07:00
Indie Rock,7. Domingo,Arcade Fire,Age of Anxiety II (Rabbit Hole),401253,2025-11-30 22:13:00
Rock Argentino,7. Domingo,Fito Paez,Lo que el viento nunca se llevó,258960,2025-11-30 22:22:00
Rock Argentino,7. Domingo,Divididos,Amapola del 66,259105,2025-11-30 22:30:00
Indie Pop,1. Lunes,Melanie Williams,NT al sol,15122,2025-12-01 12:41:00
Indie Pop,1. Lunes,Audrey,You'll Lose a Good Thing,37353,2025-12-01 22:39:00
Indie Pop,1. Lunes,Srta. Trueno Negro,La Cura,192821,2025-12-01 22:45:00
Indie Pop,1. Lunes,Srta. Trueno Negro,Si Supiese Escribir,170027,2025-12-01 22:48:00
Indie Pop,1. Lunes,Axel Fiks,Ojitos de Md,137053,2025-12-01 22:51:00
Rock Argentino,1. Lunes,Almendra,A Estos Hombres Tristes,1138,2025-12-01 22:51:00
Indie Pop,1. Lunes,Srta. Trueno Negro,Fusilada,0,2025-12-01 22:52:00
Indie Rock,2. Martes,MGNA Crrrta,BFF,0,2025-12-02 22:21:00
Indie Rock,2. Martes,MGNA Crrrta,BFF,4189,2025-12-02 22:22:00
Indie Folk,2. Martes,Mumford & Sons,For Those Below,6274,2025-12-02 22:25:00
Rock Argentino,2. Martes,Fito Paez,She's Mine,13046,2025-12-02 22:27:00
Indie Pop,2. Martes,Los Besos,El Dron,139869,2025-12-02 22:29:00
Indie Pop,2. Martes,Los Besos,Telón,190488,2025-12-02 22:32:00
Indie Pop,2. Martes,Los Besos,Copia Viva,183988,2025-12-02 22:35:00
Indie Pop,2. Martes,Los Besos,Destino,106092,2025-12-02 22:37:00
Indie Pop,2. Martes,Los Besos,En Mis Sueños,146324,2025-12-02 22:40:00
Indie Pop,2. Martes,Los Besos,Barón Biza,142156,2025-12-02 22:42:00
Indie Pop,2. Martes,Los Besos,Amazonas,134801,2025-12-02 22:44:00
Indie Pop,2. Martes,Los Besos,Albañil,187833,2025-12-02 22:47:00
Indie Pop,2. Martes,Los Besos,Las melodías,181561,2025-12-02 22:51:00
Indie Pop,2. Martes,Los Besos,La Cascada de Tu Pelo Enredado,196600,2025-12-02 22:54:00
Indie Pop,2. Martes,Los Besos,El Dron,98447,2025-12-02 22:55:00
Indie Pop,2. Martes,Los Besos,Un Preámbulo,206012,2025-12-02 22:59:00
Indie Pop,2. Martes,Los Besos,Un Preámbulo,17930,2025-12-02 22:59:00
Indie Pop,2. Martes,Los Besos,El Cielo,259606,2025-12-02 23:04:00
Indie Pop,2. Martes,Los Besos,El Cielo,50614,2025-12-02 23:05:00
Indie Rock,2. Martes,MGNA Crrrta,BFF,0,2025-12-02 23:06:00
Rock Argentino,3. Miércoles,Divididos,Haciendo Cosas Raras,983,2025-12-03 12:51:00
Indie Rock,3. Miércoles,MGNA Crrrta,BFF,480,2025-12-03 14:54:00
Indie Rock,4. Jueves,Marina Fages,El Límite,228,2025-12-04 11:54:00
Rock Argentino,5. Viernes,Charly García,Canción De Dos Por Tres,1012,2025-12-05 12:18:00
Rock Argentino,6. Sábado,Patricio Rey y sus Redonditos de Ricota,Rock para el Negro Atila,240107,2025-12-06 13:17:00
Rock Argentino,6. Sábado,Ella Es Tan Cargosa,En Redondel,267440,2025-12-06 13:32:00
Urbano Latino,6. Sábado,Calle 13,Muerte En Hawaii,189867,2025-12-06 13:36:00
Rock Argentino,6. Sábado,Babasonicos,Putita,225707,2025-12-06 13:40:00
Rock Argentino,6. Sábado,Patricio Rey y sus Redonditos de Ricota,Ji Ji Ji,1974,2025-12-06 13:40:00
Rock Argentino,6. Sábado,Divididos,¿Qué Ves?,3156,2025-12-06 13:40:00
Indie Rock,6. Sábado,Pembroke,Vendaval,1822,2025-12-06 13:40:00
Urbano Latino,6. Sábado,Maluma,Hawái,0,2025-12-06 13:44:00
Rock Argentino,6. Sábado,Andrés Calamaro,Cuando no estás,202822,2025-12-06 13:52:00
Rock Argentino,6. Sábado,Los Piojos,Como Alí,0,2025-12-06 13:57:00
Indie Pop,6. Sábado,Juan Mango,Portal,53443,2025-12-06 16:17:00
Indie Rock,6. Sábado,Arcade Fire,Neighborhood #1 (Tunnels),2876,2025-12-06 16:22:00
Rock Argentino,6. Sábado,Serú Girán,Perro Andaluz - 2019 Remasterizado,296648,2025-12-06 16:22:00
Indie Rock,6. Sábado,Santiago Motorizado,No Recuerdo Nada,205000,2025-12-06 16:26:00
Indie Rock,6. Sábado,Santiago Motorizado,Muchacha de los Ojos Negros,238512,2025-12-06 16:38:00
Indie Rock,6. Sábado,Rosario Bléfari,Lobo,208573,2025-12-06 16:41:00
Rock Argentino,6. Sábado,Babasonicos,Gratis,185173,2025-12-06 16:48:00
Rock Argentino,6. Sábado,Fito Paez,Lo que el viento nunca se llevó,258960,2025-12-06 16:55:00
Rock Argentino,6. Sábado,La Renga,Triste Canción De Amor,307387,2025-12-06 17:01:00
Rock Argentino,6. Sábado,Cuentos Borgeanos,Eternidad,209733,2025-12-06 17:08:00
Rock Argentino,6. Sábado,Charly García,Vos También Estabas Verde,188507,2025-12-06 17:17:00
Rock Argentino,6. Sábado,Gustavo Cerati,A Merced,388480,2025-12-06 17:23:00
Rock Argentino,6. Sábado,Miguel Abuelo,Verili,98053,2025-12-06 17:25:00
Indie Rock,7. Domingo,El Mató a un Policía Motorizado,Medalla de Oro,4102,2025-12-07 11:50:00
Rock Argentino,7. Domingo,Babasonicos,Un Flash,294,2025-12-07 13:01:00
Rock Argentino,7. Domingo,Cruzando El Charco,Lo Nuestro Tiene Magia,19460,2025-12-07 14:54:00
Rock Argentino,7. Domingo,Los Piojos,Todo Pasa,338000,2025-12-07 15:51:00
Indie Rock,1. Lunes,El Mató a un Policía Motorizado,Sábado,17263,2025-12-08 12:00:00
Rock Argentino,1. Lunes,Los Piojos,Todo Pasa,338000,2025-12-08 14:31:00
Rock Argentino,2. Martes,Charly García,Piano Bar,127,2025-12-09 11:10:00
Urbano Latino,2. Martes,Bad Bunny,EoO,2191,2025-12-09 16:39:00
Rock Argentino,2. Martes,Babasonicos,Las Demás,160747,2025-12-09 17:14:00
Indie Pop,2. Martes,Los Besos,Soy tu ventana,18853,2025-12-09 17:14:00
Indie Pop,2. Martes,Astro,Colombo,225613,2025-12-09 23:21:00
Indie Pop,2. Martes,Astro,Maestro Distorsión,234987,2025-12-09 23:25:00
Indie Pop,2. Martes,Bandalos Chinos,Vámonos De Viaje,236160,2025-12-09 23:34:00
Indie Pop,2. Martes,Tunacola,El Viento Que Nos Lleva a los Dos,244329,2025-12-09 23:38:00
Indie Pop,2. Martes,Dënver,Diane Keaton,233027,2025-12-09 23:42:00
Indie Pop,2. Martes,Astro,Ciervos,209773,2025-12-09 23:45:00
Indie Rock,2. Martes,Panico,Transpiralo,239920,2025-12-09 23:49:00
Indie Rock,2. Martes,Bam Bam,Ragatrón,164804,2025-12-09 23:55:00
Indie Pop,3. Miércoles,Lara Pedrosa,Melodía de Extrañar.,81783,2025-12-10 09:05:00
Indie Pop,3. Miércoles,Astro,Maestro Distorsión,234987,2025-12-10 22:39:00
Indie Pop,3. Miércoles,Astro,Colombo,225613,2025-12-10 22:43:00
Indie Pop,3. Miércoles,Astro,Maestro Distorsión,234987,2025-12-10 23:04:00
Indie Pop,3. Miércoles,Astro,Colombo,104534,2025-12-10 23:06:00
Indie Pop,3. Miércoles,Astro,Colombo,12601,2025-12-10 23:09:00
Indie Pop,3. Miércoles,Astro,Panda,169093,2025-12-10 23:09:00
Indie Pop,3. Miércoles,Astro,Ciervos,209773,2025-12-10 23:12:00
Indie Pop,3. Miércoles,Astro,Maestro Distorsión,211447,2025-12-10 23:33:00
Indie Pop,4. Jueves,Astro,Maestro Distorsión,17798,2025-12-11 11:11:00
Indie Pop,4. Jueves,Astro,Maestro Distorsión,234987,2025-12-11 14:12:00
Indie Rock,4. Jueves,Usted Señalemelo,Nuevo Comienzo,33383,2025-12-11 14:13:00
Indie Pop,4. Jueves,doppel gangs,Ya No Puedo Más,124609,2025-12-11 14:15:00
Indie Pop,4. Jueves,doppel gangs,Sin Drogas,23463,2025-12-11 14:16:00
Indie Pop,4. Jueves,doppel gangs,METEORO,183906,2025-12-11 14:19:00
Indie Pop,4. Jueves,doppel gangs,EL CAMINO,71093,2025-12-11 14:20:00
Indie Pop,4. Jueves,doppel gangs,PRONTO,57595,2025-12-11 14:21:00
Indie Pop,4. Jueves,doppel gangs,SCI FI,132759,2025-12-11 14:23:00
Indie Pop,4. Jueves,doppel gangs,DOPPEL,139107,2025-12-11 14:25:00
Indie Pop,4. Jueves,doppel gangs,SOMNUS,55136,2025-12-11 14:26:00
Indie Pop,4. Jueves,doppel gangs,EL CAMINO,181399,2025-12-11 14:29:00
Indie Pop,4. Jueves,doppel gangs,VAMPIROS,214103,2025-12-11 14:33:00
Indie Pop,4. Jueves,doppel gangs,ECLIPSE,188580,2025-12-11 14:36:00
Indie Pop,4. Jueves,doppel gangs,ATLAS,108494,2025-12-11 14:38:00
Indie Pop,4. Jueves,doppel gangs,AMULETO,170534,2025-12-11 14:41:00
Indie Pop,4. Jueves,doppel gangs,DMT,143880,2025-12-11 14:43:00
Indie Pop,4. Jueves,doppel gangs,909,51799,2025-12-11 14:44:00
Indie Pop,4. Jueves,Astro,Maestro Distorsión,234987,2025-12-11 14:52:00
Indie Pop,4. Jueves,Los Besos,El Dron,140650,2025-12-11 14:58:00
Urbano Latino,4. Jueves,Sara Hebe,Desesperada,15174,2025-12-11 22:13:00
Urbano Latino,4. Jueves,Sara Hebe,Tuve que quemar,128766,2025-12-11 22:16:00
Urbano Latino,4. Jueves,Sara Hebe,Pucha,191919,2025-12-11 22:19:00
Urbano Latino,4. Jueves,Sara Hebe,Cacho,295525,2025-12-11 22:24:00
Urbano Latino,4. Jueves,Sara Hebe,Kevin,219311,2025-12-11 22:27:00
Urbano Latino,4. Jueves,Sara Hebe,Patria de Patrullas,187480,2025-12-11 22:40:00
Indie Pop,4. Jueves,Astro,Maestro Distorsión,234987,2025-12-11 22:43:00
Indie Rock,4. Jueves,Mac DeMarco,Moonlight on the River,422613,2025-12-11 22:50:00
Rock Argentino,4. Jueves,Charly García,Filosofía Barata y Zapatos de Goma,231733,2025-12-11 23:00:00
Rock Argentino,4. Jueves,Divididos,Haciendo Cosas Raras,13678,2025-12-11 23:03:00
Indie Pop,4. Jueves,Zenon Pereyra,Bossanova,201878,2025-12-11 23:03:00
Urbano Latino,4. Jueves,CA7RIEL & Paco Amoroso,RE FORRO,108188,2025-12-11 23:34:00
Rock Argentino,6. Sábado,Marilina Bertoldi,Sexo Con Modelos,51649,2025-12-13 00:34:00
Rock Argentino,6. Sábado,Los Piojos,Muévelo,261133,2025-12-13 01:05:00
Indie Pop,6. Sábado,Los Besos,Soy tu ventana,93256,2025-12-13 11:41:00
Indie Pop,6. Sábado,Astro,Maestro Distorsión,234987,2025-12-13 11:46:00
Indie Pop,6. Sábado,Bandalos Chinos,Los Puntos,226520,2025-12-13 11:50:00
Rock Argentino,6. Sábado,Gustavo Cerati,Amor Amarillo,335338,2025-12-13 11:56:00
Rock Argentino,6. Sábado,Gustavo Cerati,Lisa,229128,2025-12-13 12:00:00
Indie Rock,6. Sábado,Suarez,Excursiones,6285,2025-12-13 12:00:00
Rock Argentino,6. Sábado,Gustavo Cerati,Rombos (Un Cuarto Lleno de Rombos),23924,2025-12-13 12:04:00
Rock Argentino,6. Sábado,Gustavo Cerati,Te Llevo para Que Me Lleves,224093,2025-12-13 12:04:00
Rock Argentino,6. Sábado,Gustavo Cerati,Tabú,287612,2025-12-13 12:09:00
Rock Argentino,6. Sábado,Gustavo Cerati,Bocanada,3001,2025-12-13 12:13:00
Rock Argentino,6. Sábado,Gustavo Cerati,Engaña,251010,2025-12-13 12:13:00
Rock Argentino,6. Sábado,Gustavo Cerati,Puente,2102,2025-12-13 12:18:00
Rock Argentino,6. Sábado,Gustavo Cerati,Balsa,22553,2025-12-13 12:18:00
Rock Argentino,6. Sábado,Gustavo Cerati,Alma,276184,2025-12-13 12:18:00
Rock Argentino,6. Sábado,Gustavo Cerati,Rio Babel,102842,2025-12-13 12:20:00
Rock Argentino,6. Sábado,Gustavo Cerati,Me Quedo Aquí,1466,2025-12-13 12:21:00
Rock Argentino,6. Sábado,Gustavo Cerati,Lago en el Cielo,1636,2025-12-13 12:21:00
Rock Argentino,6. Sábado,Gustavo Cerati,Al Fin Sucede,5415,2025-12-13 12:21:00
Rock Argentino,6. Sábado,Gustavo Cerati,Madre Tierra,4281,2025-12-13 12:21:00
Rock Argentino,6. Sábado,Gustavo Cerati,Tu Medicina,18136,2025-12-13 12:21:00
Rock Argentino,6. Sábado,Gustavo Cerati,# - Numeral,23956,2025-12-13 12:21:00
Rock Argentino,6. Sábado,Gustavo Cerati,Dios Nos Libre,7930,2025-12-13 12:21:00
Rock Argentino,6. Sábado,Gustavo Cerati,Médium,35731,2025-12-13 12:22:00
Indie Pop,6. Sábado,Astro,Ciervos,209773,2025-12-13 12:33:00
Indie Pop,6. Sábado,Dënver,Revista de Gimnasia - Remezcla 2023,35400,2025-12-13 12:37:00
Indie Folk,6. Sábado,San Pedro Bonfim,Corazón de guagua,23108,2025-12-13 12:38:00
Indie Folk,6. Sábado,San Pedro Bonfim,Río arriba y río abajo,73620,2025-12-13 12:39:00
Indie Folk,6. Sábado,San Pedro Bonfim,Vacío,67301,2025-12-13 12:40:00
Indie Folk,6. Sábado,San Pedro Bonfim,De terciopelo negro,274893,2025-12-13 12:45:00
Indie Folk,6. Sábado,San Pedro Bonfim,Muerto barato,137966,2025-12-13 12:47:00
Indie Folk,6. Sábado,San Pedro Bonfim,Mascara o espejo,50560,2025-12-13 12:50:00
Indie Pop,6. Sábado,Astro,Maestro Distorsión,234987,2025-12-13 12:54:00
Indie Rock,6. Sábado,Usted Señalemelo,la vivida noche,186336,2025-12-13 12:57:00
Rock Argentino,6. Sábado,Luis Alberto Spinetta,Sinfín,366840,2025-12-13 13:03:00
Indie Folk,6. Sábado,Perro Segovia,Awita de Coco,165512,2025-12-13 13:11:00
Rock Argentino,6. Sábado,Babasonicos,Tormento,215387,2025-12-13 13:15:00
Indie Pop,6. Sábado,Los Besos,Copia Viva,184750,2025-12-13 13:18:00
Rock Argentino,6. Sábado,Babasonicos,Un Flash,147693,2025-12-13 13:24:00
Rock Argentino,6. Sábado,Charly García,Víctima,301200,2025-12-13 13:29:00
Rock Argentino,6. Sábado,Las Pelotas,Bombachitas Rosas,210027,2025-12-13 13:32:00
Rock Argentino,6. Sábado,Pescado Rabioso,Credulidad,179604,2025-12-13 13:46:00
Rock Argentino,6. Sábado,Pescado Rabioso,Credulidad,5104,2025-12-13 15:18:00
Rock Argentino,6. Sábado,Almendra,A Estos Hombres Tristes,21062,2025-12-13 15:19:00
Rock Argentino,6. Sábado,Luis Alberto Spinetta,La Bengala Perdida,4615,2025-12-13 15:19:00
Rock Argentino,6. Sábado,Serú Girán,La Grasa de las Capitales - 2019 Remasterizado,2023,2025-12-13 15:20:00
Rock Argentino,6. Sábado,Babasonicos,Examenes,1166,2025-12-13 15:20:00
Indie Folk,6. Sábado,José González,El Invento - Sofia Kourtesis Remix,3144,2025-12-13 15:20:00
Indie Rock,6. Sábado,Arcade Fire,Haiti,0,2025-12-13 15:20:00
Rock Argentino,6. Sábado,Divididos,Haciendo Cosas Raras,1040,2025-12-13 15:28:00
Indie Pop,6. Sábado,FLORIAN,TKM,17443,2025-12-13 15:28:00
Indie Pop,6. Sábado,Astro,Maestro Distorsión,234987,2025-12-13 15:54:00
Indie Rock,6. Sábado,Mora y los Metegoles,Adscriptos,123019,2025-12-13 16:14:00
Rock Argentino,6. Sábado,Marilina Bertoldi,En mi,1541,2025-12-13 16:18:00
Rock Argentino,6. Sábado,León Gieco,Principe Azul,1431,2025-12-13 16:18:00
Rock Argentino,6. Sábado,Los Piojos,Murguita,212040,2025-12-13 16:25:00
Rock Argentino,6. Sábado,Gustavo Cerati,A Merced,388480,2025-12-13 16:38:00
Rock Argentino,6. Sábado,Fito Paez,Lo que el viento nunca se llevó,258960,2025-12-13 16:47:00
Indie Folk,6. Sábado,Kings of Convenience,Misread,188400,2025-12-13 16:50:00
Indie Pop,6. Sábado,Los Besos,La Cascada de Tu Pelo Enredado,196600,2025-12-13 16:53:00
Rock Argentino,6. Sábado,Luis Alberto Spinetta,Vamos al Bosque,252920,2025-12-13 16:57:00
Indie Rock,6. Sábado,Arcade Fire,Neighborhood #1 (Tunnels),288333,2025-12-13 17:02:00
Rock Argentino,6. Sábado,Serú Girán,Lo Que Dice La Lluvia,306013,2025-12-13 17:07:00
Indie Rock,6. Sábado,Viva Elastico,Yo Te Quiero Más,155688,2025-12-13 17:10:00
Indie Pop,7. Domingo,Astro,Maestro Distorsión,234987,2025-12-14 11:56:00
Indie Folk,7. Domingo,San Pedro Bonfim,Débil como una piedra,139896,2025-12-14 11:59:00
Urbano Latino,7. Domingo,Irepelusa,Aguacero,27916,2025-12-14 12:05:00
Indie Pop,7. Domingo,Lorena Blume,Alma Sola,148007,2025-12-14 12:08:00
Indie Pop,7. Domingo,Flor de Jamaica,Canto,8840,2025-12-14 12:08:00
Indie Folk,7. Domingo,La Lá,Sí,43321,2025-12-14 12:09:00
Indie Pop,7. Domingo,Jósean Log,Chachachá,215236,2025-12-14 12:12:00
Indie Pop,7. Domingo,Jósean Log,Beso,27831,2025-12-14 12:13:00
Indie Pop,7. Domingo,Jósean Log,Doma,8433,2025-12-14 12:13:00
Indie Folk,7. Domingo,Zuaraz,Siempre Simón y Nunca Nel,208659,2025-12-14 12:19:00
Indie Folk,7. Domingo,Frazey Ford,Done,6267,2025-12-14 12:28:00
Indie Pop,7. Domingo,MGMT,When You Die,249410,2025-12-14 12:32:00
Indie Folk,7. Domingo,San Pedro Bonfim,Corazón de guagua,191321,2025-12-14 13:55:00
Indie Folk,7. Domingo,San Pedro Bonfim,Débil como una piedra,139896,2025-12-14 13:58:00
Indie Pop,7. Domingo,Jósean Log,Chachachá,92482,2025-12-14 13:59:00
Indie Pop,7. Domingo,Astro,Ciervos,5434,2025-12-14 14:01:00
Indie Pop,7. Domingo,Astro,Colombo,7403,2025-12-14 14:01:00
Indie Pop,7. Domingo,Astro,Caribbean,46894,2025-12-14 14:02:00
Indie Pop,7. Domingo,Astro,Coco,19899,2025-12-14 14:03:00
Indie Pop,7. Domingo,Astro,Manglares,69482,2025-12-14 14:03:00
Indie Pop,7. Domingo,Astro,Drogas Mágicas,160933,2025-12-14 14:06:00
Indie Pop,7. Domingo,Astro,Hawaii,298973,2025-12-14 14:11:00
Indie Pop,7. Domingo,Astro,Volteretas,259093,2025-12-14 14:15:00
Indie Pop,7. Domingo,Astro,Uno,372433,2025-12-14 14:25:00
Indie Pop,7. Domingo,Astro,Hongo Atomic,201880,2025-12-14 14:31:00
Indie Pop,7. Domingo,Astro,Druida,319724,2025-12-14 14:37:00
Indie Pop,7. Domingo,Astro,Star Solo - Demo 2009,200000,2025-12-14 14:40:00
Indie Pop,7. Domingo,Astro,Raifilter,219853,2025-12-14 14:44:00
Indie Pop,7. Domingo,Astro,Chicos de la Luz,241735,2025-12-14 14:48:00
Indie Pop,7. Domingo,Astro,Le Golden Ballon,121493,2025-12-14 14:53:00
Indie Pop,7. Domingo,Astro,Danza Celestial,341269,2025-12-14 14:58:00
Indie Pop,7. Domingo,Astro,Ea Dem!,89761,2025-12-14 15:00:00
Indie Pop,7. Domingo,Astro,Ea Dem!,12172,2025-12-14 16:15:00
Indie Pop,7. Domingo,Astro,Maestro Distorsión,234987,2025-12-14 16:19:00
Indie Pop,7. Domingo,Juan Mango,Portal,8612,2025-12-14 16:19:00
Indie Pop,7. Domingo,Bandalos Chinos,Súper V,172613,2025-12-14 16:22:00
Indie Rock,7. Domingo,Usted Señalemelo,F.T,250538,2025-12-14 16:27:00
Indie Rock,7. Domingo,Las Ligas Menores,A 1200 Km,193588,2025-12-14 16:44:00
Indie Folk,7. Domingo,Feli Colina,Susurrito,2476,2025-12-14 19:31:00
Indie Rock,7. Domingo,Las Ligas Menores,A 1200 Km,36284,2025-12-14 19:31:00
Indie Rock,7. Domingo,Mora y los Metegoles,Todo Lo Que,179809,2025-12-14 19:46:00
Indie Folk,7. Domingo,San Pedro Bonfim,Débil como una piedra,139896,2025-12-14 19:49:00
Indie Rock,7. Domingo,Bestia Bebé,El rock and roll pasó de moda,241297,2025-12-14 20:02:00
Indie Pop,7. Domingo,Ainda,ROMPECABEZAS,129727,2025-12-14 20:04:00
Indie Rock,7. Domingo,Julian Casablancas,11th Dimension,5052,2025-12-14 20:11:00
Rock Argentino,7. Domingo,Serú Girán,Perro Andaluz - 2019 Remasterizado,278914,2025-12-14 20:11:00
Rock Argentino,7. Domingo,Don Cornelio Y La Zona,Tazas De Té Chino - Remastered,4957,2025-12-14 20:15:00
Indie Rock,7. Domingo,El Mató a un Policía Motorizado,Chica de Oro,233587,2025-12-14 20:15:00
Rock Argentino,7. Domingo,Marilina Bertoldi,En mi,179307,2025-12-14 20:18:00
Rock Argentino,7. Domingo,Charly García,Dos Cero Uno,128493,2025-12-14 20:34:00
Indie Rock,1. Lunes,Wilco,Hot Sun,180627,2025-12-15 01:05:00
Urbano Latino,1. Lunes,Bad Bunny,Neverita,8283,2025-12-15 11:28:00
Indie Folk,1. Lunes,San Pedro Bonfim,Débil como una piedra,139896,2025-12-15 11:28:00
Indie Folk,1. Lunes,San Pedro Bonfim,Débil como una piedra,79,2025-12-15 11:30:00
Rock Argentino,1. Lunes,Los Piojos,Gris,12993,2025-12-15 11:39:00
Rock Argentino,1. Lunes,Gustavo Cerati,Llegaste,13873,2025-12-15 11:40:00
Indie Pop,1. Lunes,Ainda,Chacarera del Mono,136196,2025-12-15 11:43:00
Indie Pop,1. Lunes,Ainda,Canción de Bañar la Luna,4033,2025-12-15 11:44:00
Rock Argentino,1. Lunes,Babasonicos,Sharon Tate,2743,2025-12-15 11:44:00
Indie Folk,1. Lunes,San Pedro Bonfim,Débil como una piedra,210,2025-12-15 12:10:00
Indie Rock,2. Martes,boygenius,$20,150,2025-12-16 11:40:00
Indie Folk,3. Miércoles,Lola Parda,Alturas Confusas,146,2025-12-17 12:10:00
Indie Pop,3. Miércoles,Astro,Maestro Distorsión,234987,2025-12-17 12:50:00
Rock Argentino,4. Jueves,Las Pelotas,Bombachitas Rosas,3343,2025-12-18 09:04:00
Rock Argentino,4. Jueves,Serú Girán,Salir De La Melancolía,81,2025-12-18 12:10:00
Indie Folk,6. Sábado,San Pedro Bonfim,Débil como una piedra,139896,2025-12-20 09:10:00
Indie Folk,6. Sábado,José González,Horizons,196893,2025-12-20 09:13:00
Rock Argentino,6. Sábado,Serú Girán,Mientras Miro Las Nuevas Olas - En Vivo,197440,2025-12-20 09:23:00
Indie Rock,6. Sábado,Suarez,Porvenir,223706,2025-12-20 09:33:00
Rock Argentino,6. Sábado,Marilina Bertoldi,O No?,94432,2025-12-20 10:02:00
Rock Argentino,6. Sábado,Charly García,Canción De Dos Por Tres,1137,2025-12-20 10:22:00
Indie Folk,6. Sábado,San Pedro Bonfim,Débil como una piedra,139896,2025-12-20 10:24:00
Indie Rock,6. Sábado,Usted Señalemelo,Horizonte,1723,2025-12-20 10:25:00
Indie Pop,6. Sábado,Axel Fiks,Mili,1164,2025-12-20 10:25:00
Indie Rock,6. Sábado,El Mató a un Policía Motorizado,Mi Próximo Movimiento,2795,2025-12-20 10:29:00
Rock Argentino,6. Sábado,Divididos,Paisano De Hurlingham,2086,2025-12-20 10:29:00
Rock Argentino,6. Sábado,Serú Girán,¿Cuánto Tiempo Más Llevará? - Remastered 2012,1336,2025-12-20 10:33:00
Rock Argentino,6. Sábado,Sui Generis,Estación,1041,2025-12-20 10:33:00
Urbano Latino,6. Sábado,Trueno,TIERRA ZANTA,1795,2025-12-20 10:33:00
Indie Pop,6. Sábado,Cupido,El Tiempo Es Oro,241246,2025-12-20 10:33:00
Rock Argentino,6. Sábado,Charly García,Transatlántico Art Deco,10347,2025-12-20 10:34:00
Rock Argentino,6. Sábado,La Renga,Psilosibe Mexicana,3179,2025-12-20 10:34:00
Indie Folk,6. Sábado,Feli Colina,AVENIDO,1294,2025-12-20 10:34:00
Indie Rock,6. Sábado,Usted Señalemelo,Horizonte,1226,2025-12-20 10:38:00
Rock Argentino,6. Sábado,La Renga,Blues De Bolivia - Live,271672,2025-12-20 10:38:00
Indie Rock,6. Sábado,Las Ligas Menores,Accidente,1456,2025-12-20 10:39:00
Rock Argentino,6. Sábado,Luis Alberto Spinetta,Llama y Verás,3703,2025-12-20 10:39:00
Indie Pop,6. Sábado,Lesbiandrama,Trago Sin Terminar,1384,2025-12-20 10:39:00
Rock Argentino,6. Sábado,Luis Alberto Spinetta,Parlante,856,2025-12-20 10:39:00
Rock Argentino,6. Sábado,Fito Paez,D.L.G.,2838,2025-12-20 10:39:00
Indie Pop,6. Sábado,Luca Bocci,Paraíso Corazón,2567,2025-12-20 10:39:00
Indie Pop,6. Sábado,Melanie Williams,NT al sol,1268,2025-12-20 10:39:00
Indie Pop,6. Sábado,Los Besos,Soy tu ventana,2125,2025-12-20 10:39:00
Indie Rock,6. Sábado,Cat Power,Sea of Love,1025,2025-12-20 10:45:00
Rock Argentino,6. Sábado,Charly García,Alguien en el Mundo Piensa en Mí,1230,2025-12-20 10:45:00
Indie Rock,6. Sábado,Usted Señalemelo,F.T,9202,2025-12-20 10:45:00
Rock Argentino,6. Sábado,Fito Paez,Tres Agujas,7626,2025-12-20 10:45:00
Rock Argentino,6. Sábado,Fito Paez,Cable A Tierra,0,2025-12-20 10:45:00
Indie Rock,6. Sábado,Usted Señalemelo,Mañana,2525,2025-12-20 10:45:00
Rock Argentino,6. Sábado,Luis Alberto Spinetta,Halo Lunar,0,2025-12-20 10:45:00
Indie Rock,6. Sábado,Usted Señalemelo,"Puedo Morir, Puedo Caer",165554,2025-12-20 10:48:00
Indie Pop,6. Sábado,Astro,Maestro Distorsión,217021,2025-12-20 10:54:00
Indie Pop,6. Sábado,Astro,Colombo,1692,2025-12-20 10:54:00
Urbano Latino,6. Sábado,CA7RIEL & Paco Amoroso,RE FORRO,0,2025-12-20 10:54:00
Indie Pop,6. Sábado,Los Besos,¿Cómo estás?,6533,2025-12-20 10:56:00
Indie Rock,6. Sábado,Rosario Bléfari,Lobo,208573,2025-12-20 10:59:00
Rock Argentino,6. Sábado,Marilina Bertoldi,Sushi en Lata,99763,2025-12-20 11:08:00
Indie Rock,6. Sábado,Sophia Chablau e Uma Enorme Perda de Tempo,As coisas que não te ensinam na faculdade de filosofia,200738,2025-12-20 11:16:00
Indie Rock,6. Sábado,Rosario Bléfari,Reservado,4172,2025-12-20 11:17:00
Rock Argentino,6. Sábado,Gustavo Cerati,Hoy Ya No Soy Yo,1929,2025-12-20 11:17:00
Rock Argentino,6. Sábado,Los Piojos,Murguita,974,2025-12-20 11:17:00
Indie Folk,6. Sábado,Julio y Agosto,Amigo,200173,2025-12-20 11:25:00
Indie Rock,6. Sábado,Rosario Bléfari,Reservado,802,2025-12-20 11:29:00
Indie Folk,6. Sábado,Julio y Agosto,Amigo,747,2025-12-20 11:29:00
Rock Argentino,6. Sábado,Gustavo Cerati,Hoy Ya No Soy Yo,1194,2025-12-20 11:29:00
Indie Pop,6. Sábado,Los Besos,¿Cómo estás?,175099,2025-12-20 11:32:00
Indie Rock,6. Sábado,Rosario Bléfari,Cartas,124587,2025-12-20 11:34:00
Indie Rock,6. Sábado,Mora y los Metegoles,Adscriptos,8725,2025-12-20 11:38:00
Indie Rock,6. Sábado,Mora y los Metegoles,Todo Lo Que,194087,2025-12-20 11:38:00
Indie Rock,6. Sábado,Valle de Muñecas,Gotas en la Frente,244387,2025-12-20 11:42:00
Indie Pop,6. Sábado,Lykke Li,I Follow Rivers - The Magician Remix,1910,2025-12-20 11:46:00
Rock Argentino,6. Sábado,Los Piojos,Amor de Perros,263467,2025-12-20 14:43:00
Rock Argentino,6. Sábado,Divididos,Como un Cuento,286240,2025-12-20 14:59:00
Indie Folk,7. Domingo,San Pedro Bonfim,Débil como una piedra,30307,2025-12-21 12:29:00
Indie Rock,1. Lunes,Mora y los Metegoles,Adscriptos,1689,2025-12-22 11:22:00
Indie Folk,1. Lunes,San Pedro Bonfim,Débil como una piedra,310,2025-12-22 12:10:00
Indie Folk,1. Lunes,San Pedro Bonfim,Débil como una piedra,139586,2025-12-22 16:05:00
Indie Pop,1. Lunes,Astro,Maestro Distorsión,234987,2025-12-22 16:09:00
Indie Pop,1. Lunes,Astro,Colombo,15335,2025-12-22 16:09:00
Rock Argentino,1. Lunes,Oscar Moro,Como Me Gustaria Ser Negro,1841,2025-12-22 16:14:00
Indie Folk,2. Martes,San Pedro Bonfim,Débil como una piedra,4640,2025-12-23 11:37:00
Indie Pop,3. Miércoles,Ainda,ROMPECABEZAS,129727,2025-12-24 12:02:00
Rock Argentino,3. Miércoles,Luis Alberto Spinetta,Viento del Azur,261485,2025-12-24 12:44:00
Indie Rock,4. Jueves,Franz Ferdinand,Love Illumination,9790,2025-12-25 02:03:00
Indie Rock,4. Jueves,Franz Ferdinand,This fffire - New Version,16774,2025-12-25 02:03:00
Indie Rock,4. Jueves,Franz Ferdinand,Do You Want To,17707,2025-12-25 02:03:00
Indie Rock,4. Jueves,Franz Ferdinand,The Dark Of The Matinée,1450,2025-12-25 02:03:00
Indie Rock,4. Jueves,Franz Ferdinand,The Dark Of The Matinée,19684,2025-12-25 02:03:00
Indie Rock,4. Jueves,Franz Ferdinand,Ulysses,15252,2025-12-25 02:04:00
Indie Rock,4. Jueves,Franz Ferdinand,Evil Eye,14391,2025-12-25 02:04:00
Indie Rock,4. Jueves,Franz Ferdinand,Walk Away,7440,2025-12-25 02:14:00
Indie Rock,4. Jueves,Rosario Bléfari,Lobo,626,2025-12-25 12:18:00
Indie Rock,4. Jueves,Rosario Bléfari,Lobo,127719,2025-12-25 22:06:00
Indie Rock,4. Jueves,Fonso,Salir del Confort,1493,2025-12-25 22:09:00
Rock Argentino,4. Jueves,Pescado Rabioso,Como el Viento Voy a Ver,8482,2025-12-25 22:09:00
Indie Rock,4. Jueves,El Mató a un Policía Motorizado,Doctora Muerte,146467,2025-12-25 22:09:00
Indie Folk,4. Jueves,Julian Mourin,Manos en el Aire,168096,2025-12-25 22:12:00
Rock Argentino,4. Jueves,Gustavo Cerati,Desastre,216413,2025-12-25 22:16:00
Indie Rock,4. Jueves,Suarez,Río Paraná,188639,2025-12-25 22:53:00
Rock Argentino,4. Jueves,Pescado Rabioso,Bajan,204467,2025-12-25 22:56:00
Rock Argentino,4. Jueves,Babasonicos,Deshoras - Version For USA,213907,2025-12-25 23:09:00
Rock Argentino,4. Jueves,Charly García,Me Siento Mucho Mejor,184667,2025-12-25 23:16:00
Urbano Latino,4. Jueves,Dillom,Ciudad de la Paz,3636,2025-12-25 23:16:00
Rock Argentino,4. Jueves,Luis Alberto Spinetta,No Te Alejes Tanto De Mí,209893,2025-12-25 23:19:00
Rock Argentino,4. Jueves,Las Pelotas,Brilla (Shine),58687,2025-12-25 23:48:00
Indie Rock,5. Viernes,Fruit Bats,Humbug Mountain Song,33583,2025-12-26 21:52:00
Indie Rock,5. Viernes,Houndmouth,Sedona,5523,2025-12-26 21:52:00
Indie Rock,5. Viernes,Rainbow Kitten Surprise,All's Well That Ends,3428,2025-12-26 21:53:00
Indie Rock,5. Viernes,Rainbow Kitten Surprise,Painkillers,212808,2025-12-26 21:56:00
Rock Argentino,5. Viernes,Los Espiritus,La Mirada,322,2025-12-26 22:04:00
Indie Folk,5. Viernes,Milky Chance,Love Again,739,2025-12-26 22:04:00
Indie Rock,5. Viernes,Hippo Campus,Vines,5817,2025-12-26 22:04:00
Indie Pop,5. Viernes,Biig Piig,Feels Right,2754,2025-12-26 22:04:00
Indie Rock,5. Viernes,Portugal. The Man,So Young,2235,2025-12-26 22:07:00
Indie Folk,5. Viernes,Joe Kaplow,Rock and Roll,190983,2025-12-26 22:07:00
Indie Rock,5. Viernes,Plant,know you,197,2025-12-26 22:08:00
Indie Rock,5. Viernes,Plant,skin,14111,2025-12-26 22:08:00
Indie Rock,5. Viernes,Plant,hideaway,7731,2025-12-26 22:08:00
Indie Rock,5. Viernes,Sticky Fingers,How To Fly,202187,2025-12-26 22:12:00
Indie Rock,5. Viernes,Sticky Fingers,Australia Street,219027,2025-12-26 22:15:00
Indie Rock,5. Viernes,Sticky Fingers,Cyclone (The Village Sessions),270774,2025-12-26 22:20:00
Indie Rock,5. Viernes,Sticky Fingers,Rum Rage,252300,2025-12-26 22:24:00
Indie Rock,5. Viernes,Sticky Fingers,Gold Snafu,218903,2025-12-26 22:28:00
Indie Rock,5. Viernes,Sticky Fingers,Bootleg Rascal,11461,2025-12-26 22:28:00
Indie Rock,5. Viernes,Sticky Fingers,How To Fly,202187,2025-12-26 22:31:00
Indie Rock,5. Viernes,Sticky Fingers,Clouds & Cream,53933,2025-12-26 22:32:00
Rock Argentino,5. Viernes,Las Pelotas,Nunca Te Jugaste - En Casa,1345,2025-12-26 22:42:00
Rock Argentino,6. Sábado,Gustavo Cerati,Llegaste,16050,2025-12-27 11:20:00
Indie Pop,6. Sábado,Audrey,You'll Lose a Good Thing,2311,2025-12-27 13:00:00
Indie Pop,6. Sábado,Los Besos,Hoy no,1531,2025-12-27 13:00:00
Rock Argentino,6. Sábado,Charly García,Adela en el Carrousell,1651,2025-12-27 13:00:00
Indie Rock,6. Sábado,Usted Señalemelo,Nuevo Comienzo,186202,2025-12-27 13:06:00
Indie Pop,6. Sábado,Los Besos,Matemática sentimental,3165,2025-12-27 13:07:00
Rock Argentino,6. Sábado,Charly García,Canción De Dos Por Tres,2761,2025-12-27 13:09:00
Indie Rock,6. Sábado,Arcade Fire,Intervention,240847,2025-12-27 13:39:00
Indie Rock,6. Sábado,Arcade Fire,Intervention,1986,2025-12-27 14:01:00
Rock Argentino,6. Sábado,Charly García,Kurosawa,350867,2025-12-27 14:06:00
Indie Pop,6. Sábado,Los Besos,Limeña,212160,2025-12-27 15:13:00
Indie Pop,6. Sábado,Los Besos,Limeña,24143,2025-12-27 15:19:00
Indie Rock,6. Sábado,Usted Señalemelo,"Nena, dime algo.",6314,2025-12-27 15:27:00
Indie Pop,6. Sábado,Srta. Trueno Negro,Fusilada,1940,2025-12-27 15:51:00
Indie Pop,6. Sábado,slenderbodies,anemone,228062,2025-12-27 16:17:00
Indie Pop,6. Sábado,SALES,Renee,179125,2025-12-27 16:29:00
Indie Rock,6. Sábado,Santangelo,Cave In,290888,2025-12-27 16:39:00
Indie Pop,6. Sábado,Mou,Chemise,209113,2025-12-27 16:45:00
Indie Pop,6. Sábado,SALES,Big Sis,166400,2025-12-27 16:48:00
Indie Pop,6. Sábado,infinite bisous,Lost in Translation /1,200524,2025-12-27 16:55:00
Indie Pop,6. Sábado,The Marías,Clueless,227234,2025-12-27 16:59:00
Indie Pop,6. Sábado,infinite bisous,Teen Sex,237999,2025-12-27 17:03:00
Indie Folk,6. Sábado,La Lá,Selva Negra,134000,2025-12-27 22:15:00
Indie Folk,6. Sábado,Lola Parda,COLAPSO,126463,2025-12-27 22:17:00
Indie Folk,6. Sábado,Onda Vaga,Quedate Luna,33045,2025-12-27 22:18:00
Indie Folk,6. Sábado,Onda Vaga,Rendición,239412,2025-12-27 22:22:00
Indie Folk,6. Sábado,Juana Aguirre,Ven a Visitarme,139678,2025-12-27 22:24:00
Rock Argentino,6. Sábado,Los Espiritus,Vamos A La Luna,12409,2025-12-27 22:25:00
Indie Folk,6. Sábado,Onda Vaga,Revolución,235833,2025-12-27 22:29:00
Indie Folk,6. Sábado,San Pedro Bonfim,Tu amor es como la piel de las manzanas,13332,2025-12-27 22:29:00
Indie Pop,6. Sábado,Lucas Martí,La Memoria de un Beso,16568,2025-12-27 22:30:00
Indie Folk,6. Sábado,Onda Vaga,Mambeado,16238,2025-12-27 22:30:00
Indie Folk,6. Sábado,Onda Vaga,Infinito,2394,2025-12-27 22:34:00
Indie Folk,6. Sábado,San Pedro Bonfim,De terciopelo negro,4096,2025-12-27 22:34:00
Indie Folk,6. Sábado,Onda Vaga,Tataralí,11572,2025-12-27 22:34:00
Indie Folk,6. Sábado,Onda Vaga,Parque,3641,2025-12-27 22:39:00
Rock Argentino,7. Domingo,Babasonicos,Madera Ideológica,6317,2025-12-28 11:00:00
Indie Folk,7. Domingo,San Pedro Bonfim,Débil como una piedra,139896,2025-12-28 11:02:00
Rock Argentino,7. Domingo,Bersuit Vergarabat,Toco Y Me Voy,66357,2025-12-28 11:06:00
Indie Folk,7. Domingo,Onda Vaga,Rendición,239412,2025-12-28 11:13:00
Indie Folk,7. Domingo,Onda Vaga,Revolución,235833,2025-12-28 11:17:00
Indie Folk,7. Domingo,Onda Vaga,Mambeado,86545,2025-12-28 11:19:00
Indie Folk,7. Domingo,Juana Aguirre,El Gigante,145653,2025-12-28 11:25:00
Indie Folk,7. Domingo,Kings of Convenience,Know How,5777,2025-12-28 11:26:00
Rock Argentino,7. Domingo,Gustavo Cerati,Tabú,3836,2025-12-28 11:32:00
Indie Folk,7. Domingo,Julio y Agosto,La niebla y la autopista,4047,2025-12-28 11:32:00
Indie Pop,7. Domingo,Bandalos Chinos,Vámonos De Viaje,5241,2025-12-28 11:32:00
Indie Folk,7. Domingo,Juana Aguirre,Configuraciones Onduladas,130471,2025-12-28 11:40:00
Indie Folk,7. Domingo,Juana Aguirre,Configuraciones Onduladas,943,2025-12-28 11:42:00
Indie Folk,7. Domingo,Juana Aguirre,Configuraciones Onduladas,18211,2025-12-28 11:42:00
Indie Folk,7. Domingo,Kings of Convenience,Mrs. Cold,88154,2025-12-28 11:42:00
Indie Folk,7. Domingo,Kings of Convenience,Mrs. Cold,773,2025-12-28 11:42:00
Indie Folk,7. Domingo,Onda Vaga,Leona,79388,2025-12-28 12:02:00
Indie Pop,7. Domingo,Mercedes Nasta,Paricutín,2864,2025-12-28 12:02:00
Indie Folk,7. Domingo,Cotton Jones,I Am The Changer,394840,2025-12-28 12:08:00
Indie Folk,7. Domingo,Juana Aguirre,Configuraciones Onduladas,130471,2025-12-28 16:55:00
Indie Pop,7. Domingo,Lucas Martí,La Memoria de un Beso,182812,2025-12-28 17:11:00
Indie Folk,7. Domingo,San Pedro Bonfim,Débil como una piedra,139896,2025-12-28 17:13:00
Indie Pop,7. Domingo,Astro,Maestro Distorsión,234987,2025-12-28 17:17:00
Indie Pop,7. Domingo,Astro,Colombo,202905,2025-12-28 17:21:00
Indie Pop,7. Domingo,The Marías,Clueless,227234,2025-12-28 17:24:00
Indie Pop,7. Domingo,infinite bisous,Teen Sex,16079,2025-12-28 17:25:00
Indie Rock,7. Domingo,Self Sabotage,Pool Party,238000,2025-12-28 17:32:00
Indie Pop,7. Domingo,Reno Rojas,PELÍCULA,252932,2025-12-28 17:45:00
Indie Folk,7. Domingo,Tati Falco,Sueño Nómade,180674,2025-12-28 17:48:00
Indie Pop,7. Domingo,chicarica,la noche de ayer,255592,2025-12-28 18:22:00
Indie Pop,7. Domingo,Buscabulla,Ta Que Tiembla - Pachyman Remix,201290,2025-12-28 18:45:00
Indie Rock,7. Domingo,El Mató a un Policía Motorizado,El Magnetismo,848,2025-12-28 21:49:00
Indie Rock,7. Domingo,Santiago Motorizado,Google Maps,6845,2025-12-28 21:53:00
Indie Pop,7. Domingo,Lucas Martí,El murgón,2327,2025-12-28 21:53:00
Rock Argentino,7. Domingo,Marilina Bertoldi,EL GORDO,12175,2025-12-28 21:56:00
Rock Argentino,7. Domingo,Divididos,Haciendo Cosas Raras,184973,2025-12-28 21:56:00
Indie Rock,7. Domingo,El Mató a un Policía Motorizado,El Magnetismo,88880,2025-12-28 21:58:00
Rock Argentino,7. Domingo,Charly García,Cuchillos,269067,2025-12-28 22:09:00
Rock Argentino,7. Domingo,Babasonicos,Curtis,21036,2025-12-28 22:14:00
Rock Argentino,7. Domingo,Babasonicos,Soy Rock,9559,2025-12-28 22:14:00
Rock Argentino,7. Domingo,Gustavo Cerati,Llegaste,6628,2025-12-28 22:14:00
Rock Argentino,7. Domingo,Las Pelotas,Brilla (Shine),190867,2025-12-28 22:17:00
Rock Argentino,7. Domingo,Las Pelotas,Bombachitas Rosas,185327,2025-12-28 22:34:00
Indie Folk,1. Lunes,Juana Aguirre,Configuraciones Onduladas,355,2025-12-29 11:10:00
Indie Pop,1. Lunes,MGMT,The Youth,9587,2025-12-29 12:46:00
Indie Folk,1. Lunes,Juana Aguirre,Configuraciones Onduladas,130471,2025-12-29 18:49:00
Indie Folk,1. Lunes,José González,El Invento - Sofia Kourtesis Remix,4889,2025-12-29 18:49:00
Rock Argentino,1. Lunes,Gustavo Cerati,Hoy Ya No Soy Yo,21846,2025-12-29 18:54:00
Indie Folk,1. Lunes,San Pedro Bonfim,Débil como una piedra,139896,2025-12-29 18:57:00
Indie Pop,1. Lunes,Bandalos Chinos,Veccar,346131,2025-12-29 19:03:00
Indie Pop,1. Lunes,Astro,Maestro Distorsión,234987,2025-12-29 19:07:00
Indie Folk,1. Lunes,Juana Aguirre,Configuraciones Onduladas,130471,2025-12-29 21:14:00
Indie Pop,1. Lunes,Los Besos,La Cascada de Tu Pelo Enredado,2446,2025-12-29 21:25:00
Rock Argentino,1. Lunes,Fito Paez,Tres Agujas,1514,2025-12-29 21:25:00
Indie Rock,1. Lunes,Las Ligas Menores,Crecer,4074,2025-12-29 21:25:00
Indie Pop,1. Lunes,Ainda,INFINITO,2713,2025-12-29 21:25:00
Indie Rock,1. Lunes,Rosario Bléfari,Viento Helado,178013,2025-12-29 21:28:00
Rock Argentino,1. Lunes,La Renga,Vende Patria Clon,1220,2025-12-29 21:31:00
Rock Argentino,1. Lunes,Charly García,Música Del Alma - En Vivo,3091,2025-12-29 21:31:00
Rock Argentino,1. Lunes,Pescado Rabioso,Por,2952,2025-12-29 21:31:00
Rock Argentino,1. Lunes,Fito Paez,Cable A Tierra,876,2025-12-29 21:31:00
Rock Argentino,1. Lunes,Luis Alberto Spinetta,La Bengala Perdida,1400,2025-12-29 21:31:00
Indie Folk,1. Lunes,Karina Vismara,Sola por la Ciudad,19868,2025-12-29 21:31:00
Rock Argentino,1. Lunes,Sui Generis,El Tuerto y los Ciegos,1141,2025-12-29 21:31:00
Rock Argentino,1. Lunes,Luis Alberto Spinetta,Fina Ropa Blanca,992,2025-12-29 21:34:00
Indie Rock,1. Lunes,Rosario Bléfari,Estaciones,188173,2025-12-29 21:46:00
Urbano Latino,1. Lunes,Dillom,Reiki y yoga,193701,2025-12-29 21:54:00
Rock Argentino,1. Lunes,Divididos,Haciendo Cosas Raras,184973,2025-12-29 21:57:00
Indie Pop,1. Lunes,Galean,Sube a la Nube,218978,2025-12-29 22:05:00
Indie Rock,1. Lunes,El Mató a un Policía Motorizado,El Magnetismo,88880,2025-12-29 22:06:00
Indie Rock,1. Lunes,Suarez,Porvenir,223706,2025-12-29 22:10:00
Indie Rock,1. Lunes,Marina Fages,Tu Modo Amable,27226,2025-12-29 23:15:00
Indie Folk,2. Martes,Juana Aguirre,Configuraciones Onduladas,130471,2025-12-30 13:23:00
Indie Folk,2. Martes,Juana Aguirre,Configuraciones Onduladas,130471,2025-12-30 13:34:00
Indie Pop,2. Martes,Cupido,El Tiempo Es Oro,34270,2025-12-30 13:35:00
Indie Folk,2. Martes,San Pedro Bonfim,Corazón de guagua,191321,2025-12-30 13:41:00
Indie Folk,2. Martes,San Pedro Bonfim,Débil como una piedra,139896,2025-12-30 13:44:00
Indie Pop,2. Martes,Jósean Log,Chachachá,215986,2025-12-30 13:47:00
Indie Folk,2. Martes,La Lá,Caramelo,53793,2025-12-30 13:54:00
Indie Folk,2. Martes,Buendia,Desde Dentro,266240,2025-12-30 13:58:00
Indie Folk,2. Martes,Lola Parda,COLAPSO,56223,2025-12-30 14:02:00
Indie Folk,2. Martes,Los Mil Jinetes,No te olvides de mi,2280,2025-12-30 14:05:00
Rock Argentino,2. Martes,Gustavo Cerati,Alma,9970,2025-12-30 14:19:00
Indie Folk,2. Martes,Buendia,Desde Dentro,266240,2025-12-30 14:19:00
Indie Folk,2. Martes,Onda Vaga,Rendición,239412,2025-12-30 14:23:00
Indie Folk,2. Martes,Onda Vaga,Revolución,215810,2025-12-30 14:27:00
Indie Folk,2. Martes,Juana Aguirre,Configuraciones Onduladas,130471,2025-12-30 14:29:00
Rock Argentino,2. Martes,Babasonicos,Lajotape,251760,2025-12-30 14:38:00
Indie Rock,2. Martes,Sophia Chablau e Uma Enorme Perda de Tempo,As coisas que não te ensinam na faculdade de filosofia,200738,2025-12-30 14:42:00
Indie Pop,2. Martes,Galean,Sube a la Nube,218978,2025-12-30 14:45:00
Urbano Latino,2. Martes,Bad Bunny,Si Veo a Tu Mamá,170972,2025-12-30 14:48:00
Indie Rock,2. Martes,Mac DeMarco,Moonlight on the River,422613,2025-12-30 14:59:00
Indie Folk,2. Martes,Juana Aguirre,Configuraciones Onduladas,141264,2025-12-30 15:33:00
Rock Argentino,2. Martes,Los Visitantes,Playas Oscuras,241067,2025-12-30 15:37:00
Indie Folk,2. Martes,José González,Head On,224940,2025-12-30 15:43:00
Indie Folk,2. Martes,Feli Colina,Susurrito,1313,2025-12-30 15:54:00
Rock Argentino,2. Martes,Sui Generis,Juan Represión,1303,2025-12-30 15:54:00
Indie Pop,2. Martes,Astro,Colombo,1443,2025-12-30 15:54:00
Indie Pop,2. Martes,Juan Mango,Portal,132370,2025-12-30 15:54:00
Indie Rock,2. Martes,Rosario Bléfari,Ningún Mensaje,186707,2025-12-30 15:57:00
Indie Rock,2. Martes,Arcade Fire,Neighborhood #1 (Tunnels),2983,2025-12-30 16:04:00
Indie Rock,2. Martes,Vampire Weekend,A-Punk,1853,2025-12-30 16:04:00
Indie Rock,2. Martes,Viva Elastico,Yo Te Quiero Más,2043,2025-12-30 16:04:00
Indie Rock,2. Martes,The Strokes,Threat of Joy,213,2025-12-30 16:05:00
Indie Rock,2. Martes,The Strokes,Threat of Joy,123,2025-12-30 16:05:00
Urbano Latino,2. Martes,Dillom,Cirugía,1003,2025-12-30 16:05:00
Rock Argentino,2. Martes,Los Piojos,Sudestada,1413,2025-12-30 16:05:00
Indie Rock,2. Martes,Mora y los Metegoles,Vestida para Morir,153673,2025-12-30 16:07:00
Indie Pop,2. Martes,LOUTA,AYER TE VI (feat. Zoe Gotusso),973,2025-12-30 16:07:00
Rock Argentino,2. Martes,Charly García,Locomotion,1463,2025-12-30 16:07:00
Indie Folk,2. Martes,Juana Aguirre,Configuraciones Onduladas,130471,2025-12-30 22:00:00
Indie Pop,2. Martes,Lucas Martí,La Memoria de un Beso,182812,2025-12-30 22:16:00
Indie Folk,2. Martes,San Pedro Bonfim,Débil como una piedra,139896,2025-12-30 22:19:00
Indie Pop,2. Martes,Astro,Maestro Distorsión,53088,2025-12-30 22:20:00
Indie Folk,2. Martes,San Pedro Bonfim,Débil como una piedra,1514,2025-12-30 22:22:00
Indie Pop,2. Martes,Lucas Martí,La Memoria de un Beso,2105,2025-12-30 22:22:00
Indie Pop,2. Martes,Astro,Maestro Distorsión,1129,2025-12-30 22:22:00
Indie Pop,2. Martes,Astro,Colombo,947,2025-12-30 22:22:00
Indie Folk,2. Martes,Juana Aguirre,Configuraciones Onduladas,130471,2025-12-30 22:22:00
Indie Rock,2. Martes,Valle de Muñecas,Gotas en la Frente,5743,2025-12-30 22:37:00
Urbano Latino,2. Martes,CA7RIEL & Paco Amoroso,RE FORRO,51926,2025-12-30 22:37:00
Indie Pop,2. Martes,Lykke Li,I Follow Rivers - The Magician Remix,191452,2025-12-30 22:44:00
Indie Pop,2. Martes,Srta. Trueno Negro,La Cura,192821,2025-12-30 22:47:00
Indie Pop,2. Martes,Srta. Trueno Negro,Si Supiese Escribir,170027,2025-12-30 22:50:00
Indie Pop,2. Martes,Srta. Trueno Negro,Fusilada,171127,2025-12-30 22:53:00
Rock Argentino,2. Martes,Pescado Rabioso,Dulce 3 Nocturno,167361,2025-12-30 23:04:00
Indie Rock,2. Martes,El Mató a un Policía Motorizado,El Magnetismo,88880,2025-12-30 23:12:00
Indie Folk,2. Martes,Buendia,Desde Dentro,266240,2025-12-30 23:49:00
Rock Argentino,2. Martes,Gustavo Cerati,Alma,277093,2025-12-30 23:53:00
Indie Folk,3. Miércoles,San Pedro Bonfim,Corazón de guagua,191321,2025-12-31 00:00:00
Indie Folk,3. Miércoles,San Pedro Bonfim,Débil como una piedra,139896,2025-12-31 00:02:00
Indie Pop,3. Miércoles,Jósean Log,Chachachá,215986,2025-12-31 00:06:00
Indie Pop,3. Miércoles,Astro,Maestro Distorsión,172957,2025-12-31 00:13:00
Indie Folk,3. Miércoles,Juana Aguirre,Configuraciones Onduladas,13179,2025-12-31 11:00:00
Indie Folk,3. Miércoles,Buendia,Desde Dentro,307219,2025-12-31 11:05:00
Indie Folk,3. Miércoles,Onda Vaga,Rendición,239412,2025-12-31 11:09:00
Rock Argentino,3. Miércoles,Gustavo Cerati,Alma,1582,2025-12-31 11:12:00
Indie Folk,3. Miércoles,San Pedro Bonfim,Débil como una piedra,139896,2025-12-31 11:14:00
Indie Folk,3. Miércoles,Onda Vaga,Revolución,207764,2025-12-31 11:28:00
Urbano Latino,3. Miércoles,CA7RIEL & Paco Amoroso,EN EL AFTER,7228,2025-12-31 12:06:00
Urbano Latino,3. Miércoles,CA7RIEL & Paco Amoroso,EN EL AFTER,25766,2025-12-31 12:10:00
Urbano Latino,3. Miércoles,Bad Bunny,VeLDÁ,235337,2025-12-31 12:10:00
Urbano Latino,3. Miércoles,Trueno,Ñeri,2328,2025-12-31 12:11:00
Urbano Latino,3. Miércoles,CA7RIEL & Paco Amoroso,AGUA,129658,2025-12-31 12:16:00
Urbano Latino,3. Miércoles,Bad Bunny,KLOuFRENS,199115,2025-12-31 12:22:00
Urbano Latino,3. Miércoles,CA7RIEL & Paco Amoroso,EN EL AFTER,1181,2025-12-31 12:31:00
Urbano Latino,3. Miércoles,Trueno,THE ROOF IS ON FIRE,37955,2025-12-31 12:44:00
Urbano Latino,3. Miércoles,CA7RIEL & Paco Amoroso,EL ÚNICO,0,2025-12-31 12:50:00
Urbano Latino,3. Miércoles,Bad Bunny,KETU TeCRÉ,250789,2025-12-31 12:56:00
Urbano Latino,3. Miércoles,Bad Bunny,EL CLúB,222569,2025-12-31 13:02:00
Urbano Latino,3. Miércoles,Bad Bunny,Aguacero,210989,2025-12-31 13:06:00
Urbano Latino,3. Miércoles,Trueno,DANCE CRIP,165019,2025-12-31 13:18:00
Urbano Latino,3. Miércoles,CA7RIEL & Paco Amoroso,COSAS RICAS,160093,2025-12-31 13:23:00
Urbano Latino,3. Miércoles,Trueno,Sangría - con WOS,154956,2025-12-31 13:30:00
Urbano Latino,3. Miércoles,Bad Bunny,Neverita,173119,2025-12-31 13:33:00
Urbano Latino,3. Miércoles,CA7RIEL & Paco Amoroso,SHEESH,136407,2025-12-31 13:36:00
Urbano Latino,3. Miércoles,CA7RIEL & Paco Amoroso,DUMBAI,1766,2025-12-31 13:51:00
Urbano Latino,3. Miércoles,Bad Bunny,Otro Atardecer,1271,2025-12-31 13:51:00
Urbano Latino,3. Miércoles,Trueno,LO TENGO,4747,2025-12-31 13:54:00
Urbano Latino,3. Miércoles,Bad Bunny,Ojitos Lindos,867,2025-12-31 14:03:00
Urbano Latino,3. Miércoles,Tokischa,Linda,144019,2025-12-31 14:05:00
Urbano Latino,3. Miércoles,CA7RIEL & Paco Amoroso,"LA QUE PUEDE, PUEDE",82414,2025-12-31 14:07:00
Indie Pop,3. Miércoles,Astro,Maestro Distorsión,234987,2025-12-31 14:11:00
Indie Folk,3. Miércoles,Onda Vaga,Rendición,6273,2025-12-31 14:11:00
Indie Pop,3. Miércoles,Jósean Log,Chachachá,215986,2025-12-31 14:15:00
Indie Folk,3. Miércoles,San Pedro Bonfim,Corazón de guagua,191321,2025-12-31 14:18:00
Rock Argentino,3. Miércoles,Gustavo Cerati,Alma,239579,2025-12-31 15:03:00
Indie Rock,3. Miércoles,Wilco,"Jesus, Etc. - 2022 Remaster",22850,2025-12-31 22:13:00
Indie Rock,3. Miércoles,Wilco,"Jesus, Etc. - 2022 Remaster",16589,2025-12-31 22:24:00
Indie Folk,3. Miércoles,Cotton Jones,I Am The Changer,3108,2025-12-31 22:24:00
Indie Pop,3. Miércoles,Feist,One Evening,5037,2025-12-31 22:32:00
Indie Folk,3. Miércoles,Cotton Jones,Gone The Bells,144298,2025-12-31 22:34:00
Indie Rock,3. Miércoles,Wilco,If I Ever Was a Child,175947,2025-12-31 22:37:00
Indie Pop,3. Miércoles,Feist,Mushaboom,223413,2025-12-31 22:50:00
Indie Folk,3. Miércoles,Cotton Jones,Some Strange Rain,74085,2025-12-31 23:14:00
Indie Folk,4. Jueves,Cotton Jones,Some Strange Rain,7287,2026-01-01 00:52:00
Rock Argentino,4. Jueves,Divididos,Par Mil,10248,2026-01-01 21:35:00
Rock Argentino,4. Jueves,Los Piojos,Y Quemás,0,2026-01-01 21:36:00
Rock Argentino,4. Jueves,Los Piojos,Todo Pasa,8276,2026-01-01 22:04:00
Indie Folk,5. Viernes,Buendia,Desde Dentro,266240,2026-01-02 10:03:00
Indie Folk,5. Viernes,Buendia,Desde Dentro,266240,2026-01-02 10:12:00
Indie Folk,5. Viernes,San Pedro Bonfim,"Señor sol, señora luna",182880,2026-01-02 10:23:00
Indie Rock,5. Viernes,El Mató a un Policía Motorizado,Mas o Menos Bien,253520,2026-01-02 10:27:00
Urbano Latino,5. Viernes,Calle 13,La Vuelta Al Mundo,234133,2026-01-02 10:31:00
Indie Folk,5. Viernes,Buendia,Desde Dentro,266240,2026-01-02 14:01:00
Rock Argentino,5. Viernes,Gustavo Cerati,Alma,277093,2026-01-02 14:05:00
Indie Folk,5. Viernes,San Pedro Bonfim,Corazón de guagua,191321,2026-01-02 14:12:00
Indie Folk,5. Viernes,San Pedro Bonfim,Débil como una piedra,139896,2026-01-02 14:14:00
Indie Pop,5. Viernes,Jósean Log,Chachachá,7950,2026-01-02 16:07:00
Indie Folk,5. Viernes,Buendia,Desde Dentro,266240,2026-01-02 23:19:00
Indie Folk,5. Viernes,Onda Vaga,Mambeado,220695,2026-01-02 23:22:00
Indie Folk,5. Viernes,San Pedro Bonfim,Débil como una piedra,139896,2026-01-02 23:28:00
Indie Pop,5. Viernes,Jósean Log,Chachachá,215986,2026-01-02 23:36:00
Indie Folk,6. Sábado,Buendia,Desde Dentro,266240,2026-01-03 11:51:00
Indie Folk,6. Sábado,San Pedro Bonfim,Corazón de guagua,44234,2026-01-03 11:56:00
Indie Folk,6. Sábado,Juana Aguirre,Configuraciones Onduladas,130471,2026-01-03 11:58:00
Indie Folk,6. Sábado,San Pedro Bonfim,Débil como una piedra,1867,2026-01-03 11:59:00
Indie Pop,6. Sábado,Lucas Martí,La Memoria de un Beso,1409,2026-01-03 11:59:00
Indie Pop,6. Sábado,Astro,Maestro Distorsión,18639,2026-01-03 12:58:00
Indie Pop,6. Sábado,Astro,Maestro Distorsión,90019,2026-01-03 12:58:00
Rock Argentino,6. Sábado,Los Piojos,Al Atardecer,287240,2026-01-03 15:32:00
Indie Pop,6. Sábado,Jósean Log,Alguien Como Tú,214273,2026-01-03 16:21:00
Indie Folk,7. Domingo,Juana Aguirre,Configuraciones Onduladas,130471,2026-01-04 13:11:00
Indie Pop,7. Domingo,Lucas Martí,La Memoria de un Beso,73635,2026-01-04 13:12:00
Indie Folk,7. Domingo,San Pedro Bonfim,Débil como una piedra,2414,2026-01-04 13:13:00
Indie Pop,7. Domingo,Astro,Maestro Distorsión,1766,2026-01-04 13:13:00
Indie Pop,7. Domingo,Astro,Colombo,1386,2026-01-04 13:13:00
Indie Pop,7. Domingo,Srta. Trueno Negro,Fusilada,694,2026-01-04 15:10:00
Indie Rock,7. Domingo,Valle de Muñecas,Gotas en la Frente,1423,2026-01-04 15:10:00
Rock Argentino,7. Domingo,Pescado Rabioso,Dulce 3 Nocturno,796,2026-01-04 15:10:00
Urbano Latino,7. Domingo,CA7RIEL & Paco Amoroso,RE FORRO,864,2026-01-04 15:10:00
Indie Pop,7. Domingo,Srta. Trueno Negro,La Cura,926,2026-01-04 15:10:00
Rock Argentino,7. Domingo,Babasonicos,Capricho,1333,2026-01-04 15:10:00
Indie Pop,7. Domingo,Lykke Li,I Follow Rivers - The Magician Remix,858,2026-01-04 15:10:00
Indie Pop,7. Domingo,Srta. Trueno Negro,Si Supiese Escribir,599,2026-01-04 15:10:00
Rock Argentino,7. Domingo,Patricio Rey y sus Redonditos de Ricota,Rock para el Negro Atila,240107,2026-01-04 15:14:00
Rock Argentino,7. Domingo,Los Piojos,Gris,6467,2026-01-04 15:18:00
Rock Argentino,7. Domingo,Serú Girán,Perro Andaluz - 2019 Remasterizado,296648,2026-01-04 15:23:00
Rock Argentino,7. Domingo,Sui Generis,Mariel y el Capitán,1007,2026-01-04 15:24:00
Rock Argentino,7. Domingo,Babasonicos,Sharon Tate,16152,2026-01-04 15:24:00
Urbano Latino,7. Domingo,Bad Bunny,Moscow Mule,884,2026-01-04 15:24:00
Rock Argentino,7. Domingo,Oscar Moro,Como Me Gustaria Ser Negro,202480,2026-01-04 15:27:00
Rock Argentino,7. Domingo,Conociendo Rusia,Loco en el Desierto,257177,2026-01-04 21:48:00
Indie Folk,1. Lunes,Buendia,Desde Dentro,266240,2026-01-05 22:09:00
Rock Argentino,1. Lunes,Gustavo Cerati,Alma,64125,2026-01-05 22:10:00
Rock Argentino,1. Lunes,Los Piojos,Todo Pasa,338000,2026-01-05 22:27:00
Rock Argentino,1. Lunes,Los Piojos,Y Quemás,292400,2026-01-05 22:45:00
Rock Argentino,1. Lunes,Divididos,Como un Cuento,286240,2026-01-05 23:13:00
Rock Argentino,4. Jueves,Charly García,Dos Cero Uno,1000,2026-01-08 11:51:00
Indie Folk,4. Jueves,Juana Aguirre,Configuraciones Onduladas,130471,2026-01-08 22:29:00
Rock Argentino,4. Jueves,Serú Girán,La Grasa de las Capitales - 2019 Remasterizado,60614,2026-01-08 22:30:00
Rock Argentino,4. Jueves,Serú Girán,A Los Jóvenes De Ayer - Remastered 2012,569453,2026-01-08 22:39:00
Rock Argentino,4. Jueves,Serú Girán,Llorando En El Espejo,242760,2026-01-08 22:43:00
Rock Argentino,4. Jueves,Patricio Rey y sus Redonditos de Ricota,Ella Debe Estar Tan Linda,18547,2026-01-08 22:51:00
Indie Rock,4. Jueves,Marina Fages,El Límite,248007,2026-01-08 23:00:00
Indie Rock,4. Jueves,Suarez,Excursiones,254093,2026-01-08 23:04:00
Rock Argentino,4. Jueves,Bersuit Vergarabat,Toco Y Me Voy,5797,2026-01-08 23:05:00
Urbano Latino,4. Jueves,Bad Bunny,Ojitos Lindos,792,2026-01-08 23:05:00
Indie Rock,4. Jueves,Mi Amigo Invencible,Olimpica,1502,2026-01-08 23:05:00
Rock Argentino,4. Jueves,León Gieco,Principe Azul,1299,2026-01-08 23:05:00
Indie Folk,4. Jueves,San Pedro Bonfim,Débil como una piedra,139896,2026-01-08 23:07:00
Indie Rock,4. Jueves,Sophia Chablau e Uma Enorme Perda de Tempo,As coisas que não te ensinam na faculdade de filosofia,200738,2026-01-08 23:10:00
Rock Argentino,4. Jueves,Luis Alberto Spinetta,Correr Frente a Ti - En Vivo,19330,2026-01-08 23:11:00
Indie Pop,4. Jueves,Los Besos,El Dron,1590,2026-01-08 23:17:00
Indie Rock,4. Jueves,Mac DeMarco,Moonlight on the River,352552,2026-01-08 23:17:00
Indie Pop,4. Jueves,Lucas Martí,El murgón,175311,2026-01-08 23:24:00
Rock Argentino,4. Jueves,Patricio Rey y sus Redonditos de Ricota,Nuestro Amo Juega al Esclavo,14483,2026-01-08 23:44:00
Indie Rock,5. Viernes,Arcade Fire,The Lightning II,102,2026-01-09 11:10:00
Rock Argentino,5. Viernes,Los Piojos,Ando Ganas (Llora Llora),67,2026-01-09 13:03:00
Indie Folk,6. Sábado,Juana Aguirre,Configuraciones Onduladas,130471,2026-01-10 12:27:00
Indie Pop,6. Sábado,Axel Fiks,Ojitos de Md,137053,2026-01-10 12:46:00
Indie Pop,6. Sábado,Bandalos Chinos,Súper V,6353,2026-01-10 12:46:00
Indie Rock,6. Sábado,Santiago Motorizado,Google Maps,31842,2026-01-10 22:18:00
Indie Pop,6. Sábado,LOUTA,AYER TE VI (feat. Zoe Gotusso),1011,2026-01-10 22:18:00
Indie Folk,6. Sábado,Juana Aguirre,Configuraciones Onduladas,158660,2026-01-10 22:18:00
Indie Folk,6. Sábado,Esmeralda Escalante,Volcán,2385,2026-01-10 22:26:00
Indie Rock,6. Sábado,Rosario Bléfari,Reservado,10235,2026-01-10 22:35:00
Indie Rock,6. Sábado,Mora y los Metegoles,Todo Lo Que,3898,2026-01-10 22:35:00
Rock Argentino,6. Sábado,Marilina Bertoldi,Cosa Mía,1110,2026-01-10 22:36:00
Rock Argentino,6. Sábado,Charly García,Raros Peinados Nuevos,1143,2026-01-10 22:36:00
Rock Argentino,6. Sábado,Serú Girán,A Los Jóvenes De Ayer - Remastered 2012,569453,2026-01-10 22:45:00
Rock Argentino,6. Sábado,Charly García,Filosofía Barata y Zapatos de Goma,231733,2026-01-10 22:57:00
Rock Argentino,6. Sábado,Fito Paez,Cable A Tierra,740,2026-01-10 23:06:00
Indie Pop,6. Sábado,Srta. Trueno Negro,La Cura,192821,2026-01-10 23:09:00
Rock Argentino,6. Sábado,Charly García,Alguien en el Mundo Piensa en Mí,267240,2026-01-10 23:14:00
Indie Folk,6. Sábado,Román Martino,Vecina,165821,2026-01-10 23:16:00
Indie Pop,6. Sábado,Lucas Martí,Basta de Berlín,1217,2026-01-10 23:17:00
Rock Argentino,6. Sábado,Babasonicos,Soy Rock,1081,2026-01-10 23:17:00
Indie Folk,6. Sábado,Lola Parda,Alturas Confusas,155427,2026-01-10 23:19:00
Indie Rock,6. Sábado,El Mató a un Policía Motorizado,Sábado,0,2026-01-10 23:22:00
Indie Pop,6. Sábado,Los Besos,Soy tu ventana,145090,2026-01-10 23:22:00
Rock Argentino,6. Sábado,Miguel Abuelo,Dónde Está la Ternura - Inédito - En Vivo,0,2026-01-10 23:22:00
Indie Rock,6. Sábado,Usted Señalemelo,Laser 420,260133,2026-01-10 23:27:00
Rock Argentino,6. Sábado,Luis Alberto Spinetta,Parlante,0,2026-01-10 23:28:00
Rock Argentino,6. Sábado,Babasonicos,Un Flash,2789,2026-01-10 23:28:00
Indie Pop,6. Sábado,Zenon Pereyra,Bossanova,10582,2026-01-10 23:34:00
Indie Rock,6. Sábado,Suarez,Excursiones,1369,2026-01-10 23:34:00
Indie Folk,6. Sábado,San Pedro Bonfim,Débil como una piedra,139896,2026-01-10 23:37:00
Indie Pop,6. Sábado,Lykke Li,I Follow Rivers - The Magician Remix,10461,2026-01-10 23:37:00
Indie Rock,6. Sábado,Valle de Muñecas,Gotas en la Frente,244387,2026-01-10 23:41:00
Indie Pop,6. Sábado,Los Mundos Posibles,La Guerra del Japón,1522,2026-01-10 23:41:00
Indie Rock,6. Sábado,Las Ligas Menores,Crecer,1269,2026-01-10 23:41:00
Rock Argentino,6. Sábado,Los Piojos,Y Quemás,1052,2026-01-10 23:41:00
Indie Rock,6. Sábado,Suarez,Pájaros,177551,2026-01-10 23:44:00
Indie Rock,6. Sábado,Arcade Fire,The Suburbs (continued),87627,2026-01-10 23:50:00
Rock Argentino,6. Sábado,Gustavo Cerati,A Merced,388480,2026-01-10 23:57:00
Indie Rock,7. Domingo,Rosario Bléfari,Viento Helado,178013,2026-01-11 00:00:00
Indie Pop,7. Domingo,Astro,Maestro Distorsión,234987,2026-01-11 00:04:00
Indie Pop,7. Domingo,Astro,Colombo,1096,2026-01-11 00:04:00
Rock Argentino,7. Domingo,Serú Girán,Perro Andaluz - 2019 Remasterizado,13494,2026-01-11 00:04:00
Rock Argentino,7. Domingo,Los Piojos,Gris,692,2026-01-11 00:04:00
Urbano Latino,7. Domingo,Kiddie Gang,Morfina,2074,2026-01-11 00:04:00
Rock Argentino,7. Domingo,Patricio Rey y sus Redonditos de Ricota,Nuestro Amo Juega al Esclavo,9459,2026-01-11 00:10:00
Indie Rock,7. Domingo,Viva Elastico,Yo Te Quiero Más,155688,2026-01-11 00:10:00
Indie Rock,7. Domingo,Marina Fages,Tu Modo Amable,1685,2026-01-11 00:11:00
Rock Argentino,7. Domingo,Charly García,Cerca De La Revolucion,3844,2026-01-11 00:12:00
Rock Argentino,7. Domingo,Serú Girán,Salir De La Melancolía,4263,2026-01-11 00:12:00
Rock Argentino,7. Domingo,Pescado Rabioso,"A Starosta, el Idiota",4794,2026-01-11 00:12:00
Rock Argentino,7. Domingo,La Renga,Vende Patria Clon,8603,2026-01-11 00:17:00
Indie Rock,7. Domingo,Fonso,Salir del Confort,1255,2026-01-11 00:17:00
Rock Argentino,7. Domingo,Los Piojos,Murguita,1809,2026-01-11 00:17:00
Rock Argentino,7. Domingo,Fito Paez,Yo Vengo A Ofrecer Mi Corazon,1102,2026-01-11 00:17:00
Rock Argentino,7. Domingo,Marilina Bertoldi,Fumar de día,2690,2026-01-11 00:17:00
Indie Rock,7. Domingo,Julian Casablancas,11th Dimension,5991,2026-01-11 00:21:00
Indie Rock,7. Domingo,Arcade Fire,Intervention,4866,2026-01-11 00:26:00
Indie Rock,7. Domingo,El Mató a un Policía Motorizado,Mi Próximo Movimiento,267760,2026-01-11 00:26:00
Urbano Latino,7. Domingo,DJ MÄMI,La Barca,3650,2026-01-11 00:26:00
Rock Argentino,7. Domingo,Patricio Rey y sus Redonditos de Ricota,Tarea Fina,215640,2026-01-11 05:06:00
Indie Rock,7. Domingo,Mi Amigo Invencible,LA ARAÑA,1477,2026-01-11 11:42:00
Rock Argentino,7. Domingo,Los Piojos,Sudestada,241747,2026-01-11 16:28:00
Rock Argentino,7. Domingo,Los Piojos,Muévelo,96113,2026-01-11 21:58:00
Rock Argentino,7. Domingo,Los Piojos,Muévelo,165054,2026-01-11 23:01:00
Indie Pop,1. Lunes,Ainda,Arriba y abajo,82,2026-01-12 13:20:00
Indie Folk,1. Lunes,Buendia,Desde Dentro,266240,2026-01-12 22:21:00
Rock Argentino,1. Lunes,Gustavo Cerati,Alma,71102,2026-01-12 22:22:00
Indie Folk,1. Lunes,San Pedro Bonfim,Corazón de guagua,29722,2026-01-12 22:26:00
Rock Argentino,1. Lunes,Serú Girán,"Viernes, 3AM - 2019 Remasterizado",88347,2026-01-12 22:48:00
Indie Folk,1. Lunes,San Pedro Bonfim,Corazón de guagua,191321,2026-01-12 23:21:00
Indie Folk,1. Lunes,San Pedro Bonfim,Débil como una piedra,139896,2026-01-12 23:24:00
Indie Pop,1. Lunes,Jósean Log,Chachachá,215986,2026-01-12 23:27:00
Indie Pop,1. Lunes,Astro,Maestro Distorsión,234987,2026-01-12 23:36:00
Indie Folk,1. Lunes,Onda Vaga,Rendición,239412,2026-01-12 23:47:00
Indie Folk,1. Lunes,Onda Vaga,Revolución,235833,2026-01-12 23:51:00
Indie Folk,1. Lunes,Onda Vaga,Mambeado,220695,2026-01-12 23:55:00
Indie Folk,2. Martes,Buendia,Desde Dentro,51902,2026-01-13 00:04:00
Rock Argentino,2. Martes,Marilina Bertoldi,O No?,432,2026-01-13 13:53:00
Indie Pop,3. Miércoles,Los Besos,Limeña,41,2026-01-14 12:00:00
Rock Argentino,3. Miércoles,Luis Alberto Spinetta,Ni Cuenta Te Das,215920,2026-01-14 19:23:00
Indie Rock,3. Miércoles,Usted Señalemelo,"Puedo Morir, Puedo Caer",246600,2026-01-14 19:30:00
Indie Rock,4. Jueves,Rosario Bléfari,Vidrieras,743,2026-01-15 11:38:00
Rock Argentino,4. Jueves,Los Piojos,Muévelo,1028,2026-01-15 22:04:00
Rock Argentino,4. Jueves,Conociendo Rusia,Loco en el Desierto,24472,2026-01-15 22:09:00
Indie Folk,6. Sábado,Juana Aguirre,Configuraciones Onduladas,130471,2026-01-17 11:24:00
Indie Pop,6. Sábado,Ainda,NO TE ALEJES,25054,2026-01-17 11:28:00
Indie Pop,6. Sábado,Lucas Martí,El murgón,0,2026-01-17 11:28:00
Indie Rock,6. Sábado,Santiago Motorizado,Google Maps,71697,2026-01-17 11:30:00
Rock Argentino,6. Sábado,Marilina Bertoldi,EL GORDO,1086,2026-01-17 11:30:00
Rock Argentino,6. Sábado,Divididos,Haciendo Cosas Raras,1865,2026-01-17 11:30:00
Indie Rock,6. Sábado,El Mató a un Policía Motorizado,El Magnetismo,88880,2026-01-17 11:38:00
Rock Argentino,6. Sábado,Charly García,Cuchillos,3616,2026-01-17 11:48:00
Rock Argentino,6. Sábado,Babasonicos,Curtis,12233,2026-01-17 11:53:00
Indie Folk,6. Sábado,Juana Aguirre,Configuraciones Onduladas,130471,2026-01-17 11:55:00
Indie Pop,6. Sábado,Cupido,El Tiempo Es Oro,241246,2026-01-17 12:05:00
Rock Argentino,6. Sábado,Palo Pandolfo,Tu Amor,230625,2026-01-17 12:18:00
Indie Rock,6. Sábado,Suarez,Excursiones,254093,2026-01-17 12:22:00
Indie Rock,6. Sábado,El Mató a un Policía Motorizado,La Noche Eterna,327739,2026-01-17 12:27:00
Indie Rock,6. Sábado,El Mató a un Policía Motorizado,El Mundo Extraño,238311,2026-01-17 12:31:00
Rock Argentino,6. Sábado,Marilina Bertoldi,Sushi en Lata,127724,2026-01-17 12:39:00
Indie Folk,6. Sábado,José González,El Invento - Sofia Kourtesis Remix,264187,2026-01-17 12:43:00
Indie Rock,6. Sábado,Marina Fages,Piedra Marea Fuego,245246,2026-01-17 12:47:00
Rock Argentino,6. Sábado,Los Visitantes,Playas Oscuras,241067,2026-01-17 12:51:00
Indie Folk,6. Sábado,Perro Segovia,Awita de Coco,165512,2026-01-17 12:54:00
Rock Argentino,6. Sábado,Serú Girán,¿Cuánto Tiempo Más Llevará? - Remastered 2012,235667,2026-01-17 13:05:00
Indie Rock,6. Sábado,Las Ligas Menores,A 1200 Km,229843,2026-01-17 13:12:00
Indie Rock,6. Sábado,Las Ligas Menores,Crecer,135451,2026-01-17 13:14:00
Rock Argentino,6. Sábado,Luis Alberto Spinetta,Ni Cuenta Te Das,215920,2026-01-17 13:18:00
Rock Argentino,6. Sábado,Luis Alberto Spinetta,Vamos al Bosque,252920,2026-01-17 13:22:00
Rock Argentino,6. Sábado,Luis Alberto Spinetta,Viento del Azur,46379,2026-01-17 13:23:00
Rock Argentino,6. Sábado,Serú Girán,A Los Jóvenes De Ayer - Remastered 2012,569453,2026-01-17 15:35:00
Indie Folk,6. Sábado,Juana Aguirre,Configuraciones Onduladas,130471,2026-01-17 15:45:00
Rock Argentino,7. Domingo,Serú Girán,A Los Jóvenes De Ayer - Remastered 2012,55025,2026-01-18 12:04:00
Indie Folk,7. Domingo,San Pedro Bonfim,Débil como una piedra,15389,2026-01-18 12:09:00
Indie Folk,7. Domingo,Buendia,Desde Dentro,281966,2026-01-18 12:09:00
Indie Folk,7. Domingo,Juana Aguirre,lo_divino,201920,2026-01-18 12:12:00
Indie Folk,7. Domingo,Juana Aguirre,TORMENTA,129500,2026-01-18 12:18:00
Indie Folk,7. Domingo,Juana Aguirre,El Gigante,29643,2026-01-18 12:18:00
Indie Folk,7. Domingo,Juana Aguirre,las mañanas,123469,2026-01-18 12:20:00
Indie Folk,7. Domingo,Juana Aguirre,la noche,251558,2026-01-18 12:25:00
Indie Folk,7. Domingo,Juana Aguirre,las espinas,130407,2026-01-18 12:27:00
Indie Folk,7. Domingo,Juana Aguirre,automático,177630,2026-01-18 12:30:00
Indie Folk,7. Domingo,Juana Aguirre,VOLVIERON,168085,2026-01-18 12:33:00
Indie Folk,7. Domingo,Juana Aguirre,lo_divino,201008,2026-01-18 12:36:00
Indie Folk,7. Domingo,Juana Aguirre,un nombre propio,186989,2026-01-18 12:39:00
Indie Folk,7. Domingo,Juana Aguirre,TORMENTA,128732,2026-01-18 12:41:00
Indie Folk,7. Domingo,Juana Aguirre,las ramas,180222,2026-01-18 12:44:00
Indie Folk,7. Domingo,Juana Aguirre,los pilares,150250,2026-01-18 12:47:00
Indie Folk,7. Domingo,Juana Aguirre,las mañanas,123329,2026-01-18 12:49:00
Indie Folk,7. Domingo,Juana Aguirre,la noche,251387,2026-01-18 12:54:00
Indie Folk,7. Domingo,Juana Aguirre,las espinas,99460,2026-01-18 13:06:00
Indie Folk,7. Domingo,Juana Aguirre,lo_divino,7928,2026-01-18 17:14:00
Indie Folk,7. Domingo,Juana Aguirre,las espinas,8261,2026-01-18 17:14:00
Indie Folk,7. Domingo,Juana Aguirre,lo_divino,200922,2026-01-18 17:17:00
Indie Folk,7. Domingo,Juana Aguirre,un nombre propio,186824,2026-01-18 17:20:00
Indie Folk,7. Domingo,Juana Aguirre,TORMENTA,128693,2026-01-18 17:23:00
Indie Folk,7. Domingo,Juana Aguirre,las ramas,180293,2026-01-18 17:26:00
Indie Folk,7. Domingo,Juana Aguirre,los pilares,150250,2026-01-18 17:28:00
Indie Folk,7. Domingo,Juana Aguirre,las mañanas,123261,2026-01-18 17:30:00
Indie Folk,7. Domingo,Juana Aguirre,la noche,54156,2026-01-18 17:31:00
Indie Folk,7. Domingo,Juana Aguirre,Vacío,68068,2026-01-18 17:32:00
Indie Folk,7. Domingo,Juana Aguirre,Fuego,216778,2026-01-18 17:36:00
Indie Folk,7. Domingo,Juana Aguirre,Configuraciones Onduladas,129641,2026-01-18 17:38:00
Indie Folk,7. Domingo,Juana Aguirre,Tu Contorno,194432,2026-01-18 17:41:00
Indie Folk,7. Domingo,Juana Aguirre,Violeta,160575,2026-01-18 17:44:00
Indie Folk,7. Domingo,Juana Aguirre,Nocturno,171359,2026-01-18 17:47:00
Indie Folk,7. Domingo,Juana Aguirre,Clarøscuro,146327,2026-01-18 17:49:00
Indie Folk,7. Domingo,Juana Aguirre,El Gigante,144715,2026-01-18 17:52:00
Indie Folk,7. Domingo,Juana Aguirre,150m_km,107196,2026-01-18 17:54:00
Indie Pop,1. Lunes,The Smiths,Bigmouth Strikes Again - 2011 Remaster,10350,2026-01-19 16:58:00
Indie Folk,1. Lunes,Juana Aguirre,lo_divino,201920,2026-01-19 16:58:00
Rock Argentino,1. Lunes,Charly García,Vos También Estabas Verde,188507,2026-01-19 17:04:00
Rock Argentino,1. Lunes,Gustavo Cerati,A Merced,222700,2026-01-19 17:20:00
Indie Pop,1. Lunes,Axel Fiks,Mili,180427,2026-01-19 18:35:00
Indie Rock,1. Lunes,Arcade Fire,The Lightning I,181733,2026-01-19 20:22:00
Rock Argentino,1. Lunes,La Renga,Psilosibe Mexicana,7993,2026-01-19 20:38:00
Indie Folk,1. Lunes,Juana Aguirre,lo_divino,201920,2026-01-19 22:13:00
Rock Argentino,1. Lunes,Charly García,Cerca De La Revolucion,17662,2026-01-19 22:13:00
Indie Folk,1. Lunes,Juana Aguirre,Configuraciones Onduladas,130471,2026-01-19 22:15:00
Indie Folk,1. Lunes,Buendia,Desde Dentro,266240,2026-01-19 22:26:00
Indie Folk,1. Lunes,Onda Vaga,Rendición,239412,2026-01-19 22:30:00
Indie Pop,1. Lunes,Astro,Maestro Distorsión,234987,2026-01-19 22:34:00
Indie Folk,1. Lunes,Onda Vaga,Revolución,2230,2026-01-19 22:39:00
Rock Argentino,1. Lunes,Gustavo Cerati,Alma,277093,2026-01-19 22:39:00
Indie Folk,1. Lunes,San Pedro Bonfim,Corazón de guagua,191321,2026-01-19 22:42:00
Indie Pop,1. Lunes,Jósean Log,Chachachá,215986,2026-01-19 22:46:00
Indie Folk,1. Lunes,Onda Vaga,Mambeado,220695,2026-01-19 22:49:00
Urbano Latino,2. Martes,Dillom,Reiki y yoga,126,2026-01-20 13:16:00
Indie Folk,2. Martes,Juana Aguirre,lo_divino,201920,2026-01-20 15:00:00
Indie Rock,2. Martes,Rosario Bléfari,Cartas,6190,2026-01-20 15:03:00
Indie Folk,2. Martes,Juana Aguirre,Configuraciones Onduladas,130471,2026-01-20 15:06:00
Indie Rock,2. Martes,Arcade Fire,Age of Anxiety II (Rabbit Hole),3113,2026-01-20 15:08:00
Rock Argentino,2. Martes,Charly García,Filosofía Barata y Zapatos de Goma,1223,2026-01-20 15:08:00
Rock Argentino,2. Martes,Babasonicos,Soy Rock,1093,2026-01-20 15:08:00
Indie Rock,2. Martes,Rosario Bléfari,Viento Helado,1593,2026-01-20 15:08:00
Indie Pop,2. Martes,Los Besos,Hoy no,248918,2026-01-20 15:13:00
Indie Folk,2. Martes,Kings of Convenience,Misread,188400,2026-01-20 15:24:00
Rock Argentino,2. Martes,Divididos,Agua En Buenos Aires,325960,2026-01-20 15:45:00
Indie Folk,2. Martes,Juana Aguirre,lo_divino,221127,2026-01-20 22:15:00
Indie Rock,2. Martes,Rosario Bléfari,Cartas,124587,2026-01-20 22:26:00
Indie Rock,2. Martes,Mac DeMarco,Chamber Of Reflection,867,2026-01-20 22:29:00
Rock Argentino,2. Martes,Charly García,Filosofía Barata y Zapatos de Goma,1396,2026-01-20 22:29:00
Rock Argentino,2. Martes,Palo Pandolfo,La Idea,1182,2026-01-20 22:29:00
Rock Argentino,2. Martes,Babasonicos,Soy Rock,1982,2026-01-20 22:29:00
Indie Rock,2. Martes,Rosario Bléfari,Viento Helado,1354,2026-01-20 22:29:00
Rock Argentino,2. Martes,Palo Pandolfo,La Idea,179679,2026-01-20 22:32:00
Indie Rock,2. Martes,Mac DeMarco,Chamber Of Reflection,231724,2026-01-20 22:36:00
Rock Argentino,2. Martes,Charly García,La Gente Es la Misma,1575,2026-01-20 22:41:00
Rock Argentino,2. Martes,Gustavo Cerati,Desastre,216413,2026-01-20 22:45:00
Rock Argentino,2. Martes,Pescado Rabioso,Como el Viento Voy a Ver,69659,2026-01-20 22:46:00
Rock Argentino,2. Martes,Soda Stereo,Pasos - MTV Unplugged,1821,2026-01-20 22:50:00
Indie Rock,2. Martes,Fonso,Salir del Confort,3738,2026-01-20 22:50:00
Rock Argentino,2. Martes,Serú Girán,Salir De La Melancolía,27985,2026-01-20 22:50:00
Rock Argentino,2. Martes,Charly García,Bancate Ese Defecto,22349,2026-01-20 22:51:00
Indie Rock,2. Martes,El Mató a un Policía Motorizado,Mi Próximo Movimiento,2790,2026-01-20 22:51:00
Rock Argentino,2. Martes,Charly García,Parte de la Religión,3375,2026-01-20 22:51:00
Urbano Latino,3. Miércoles,Bad Bunny,Moscow Mule,0,2026-01-21 12:20:00
Urbano Latino,3. Miércoles,Bad Bunny,Moscow Mule,1511,2026-01-21 19:37:00
Indie Pop,3. Miércoles,Ainda,El equilibrio,185920,2026-01-21 23:03:00
Indie Rock,3. Miércoles,Mi Amigo Invencible,Olimpica,225424,2026-01-21 23:07:00
Indie Rock,3. Miércoles,Usted Señalemelo,F.T,250538,2026-01-21 23:20:00
Urbano Latino,3. Miércoles,Bad Bunny,BAILE INoLVIDABLE,367725,2026-01-21 23:26:00
Indie Folk,3. Miércoles,Perro Segovia,Awita de Coco,149380,2026-01-21 23:29:00
Indie Folk,3. Miércoles,Juana Aguirre,lo_divino,201920,2026-01-21 23:41:00
Rock Argentino,4. Jueves,Serú Girán,A Los Jóvenes De Ayer - Remastered 2012,532455,2026-01-22 00:40:00
Indie Rock,4. Jueves,Arctic Monkeys,Opening Night,259495,2026-01-22 22:42:00
Indie Rock,4. Jueves,Arctic Monkeys,Opening Night,259495,2026-01-22 22:46:00
Indie Rock,4. Jueves,Arctic Monkeys,Opening Night,3889,2026-01-22 22:47:00
Indie Rock,4. Jueves,Usted Señalemelo,Horizonte,59169,2026-01-22 23:55:00
Indie Rock,5. Viernes,Usted Señalemelo,Mañana,3082,2026-01-23 12:00:00
Rock Argentino,5. Viernes,Charly García,No Se Va A Llamar Mi Amor,0,2026-01-23 18:01:00
Indie Folk,5. Viernes,Juana Aguirre,lo_divino,201920,2026-01-23 22:13:00
Rock Argentino,5. Viernes,Serú Girán,A Los Jóvenes De Ayer - Remastered 2012,569453,2026-01-23 22:28:00
Indie Folk,5. Viernes,Juana Aguirre,Configuraciones Onduladas,130471,2026-01-23 22:38:00
Rock Argentino,6. Sábado,Los Piojos,Vine Hasta Aquí,278387,2026-01-24 00:47:00
Indie Rock,6. Sábado,Suarez,Excursiones,254093,2026-01-24 15:25:00
Indie Pop,6. Sábado,Lucas Martí,Basta de Berlín,211870,2026-01-24 15:29:00
Indie Pop,6. Sábado,Melanie Williams,El Japonés,148918,2026-01-24 15:45:00
Indie Rock,6. Sábado,Mac DeMarco,Salad Days,145893,2026-01-24 15:57:00
Indie Folk,6. Sábado,Karina Vismara,Sola por la Ciudad,280000,2026-01-24 16:01:00
Indie Pop,6. Sábado,Cupido,El Tiempo Es Oro,241246,2026-01-24 16:10:00
Rock Argentino,6. Sábado,Babasonicos,Curtis,207131,2026-01-24 16:13:00
Indie Pop,6. Sábado,Lykke Li,I Follow Rivers - The Magician Remix,279636,2026-01-24 16:38:00
Indie Folk,6. Sábado,Julian Mourin,Manos en el Aire,168096,2026-01-24 16:41:00
Rock Argentino,6. Sábado,Bersuit Vergarabat,Danza De Los Muertos Pobres - Live In Buenos Aires / 2001,271347,2026-01-24 16:53:00
Indie Pop,6. Sábado,Bandalos Chinos,Veccar,346131,2026-01-24 16:59:00
Indie Pop,6. Sábado,Los Besos,Copia Viva,184750,2026-01-24 17:02:00
Rock Argentino,6. Sábado,Sui Generis,Botas Locas,294733,2026-01-24 17:12:00
Rock Argentino,6. Sábado,Serú Girán,San Francisco y el Lobo - 2019 Remasterizado,140604,2026-01-24 17:20:00
Indie Pop,6. Sábado,Los Besos,Matemática sentimental,178996,2026-01-24 17:33:00
Indie Rock,6. Sábado,Arcade Fire,Intervention,259000,2026-01-24 17:37:00
Indie Pop,6. Sábado,Ainda,ROMPECABEZAS,122716,2026-01-24 17:52:00
Indie Pop,6. Sábado,Ainda,ROMPECABEZAS,7050,2026-01-24 22:31:00
Indie Rock,6. Sábado,Usted Señalemelo,"Nena, dime algo.",12612,2026-01-24 22:31:00
Rock Argentino,6. Sábado,Los Piojos,Todo Pasa,26808,2026-01-24 22:32:00
Rock Argentino,6. Sábado,Gustavo Cerati,Sulky,269040,2026-01-24 22:39:00
Rock Argentino,6. Sábado,Almendra,El Mundo Entre las Manos,139227,2026-01-24 22:41:00
Rock Argentino,6. Sábado,Luis Alberto Spinetta,Será Que La Canción Llegó Hasta El Sol,201800,2026-01-24 22:45:00
Rock Argentino,6. Sábado,Babasonicos,Estertor,183092,2026-01-24 22:48:00
Rock Argentino,6. Sábado,Indio Solari,"El Ruiseñor, el Amor y la Muerte",18419,2026-01-24 22:48:00
Indie Pop,6. Sábado,Zenon Pereyra,Bossanova,3674,2026-01-24 22:52:00
Rock Argentino,6. Sábado,Patricio Rey y sus Redonditos de Ricota,Juguetes Perdidos,423353,2026-01-24 22:59:00
Indie Pop,6. Sábado,Srta. Trueno Negro,Fusilada,50080,2026-01-24 23:44:00
Indie Pop,7. Domingo,Srta. Trueno Negro,Fusilada,38348,2026-01-25 00:03:00
Indie Pop,7. Domingo,The Smiths,Unloveable - 2011 Remaster,4830,2026-01-25 00:11:00
Rock Argentino,7. Domingo,Gustavo Cerati,Alma,1111,2026-01-25 11:16:00
Indie Pop,7. Domingo,Srta. Trueno Negro,La Cura,192821,2026-01-25 11:46:00
Indie Pop,7. Domingo,Lucas Martí,La Memoria de un Beso,182812,2026-01-25 11:52:00
Rock Argentino,7. Domingo,Fito Paez,Tres Agujas,65809,2026-01-25 12:00:00
Rock Argentino,7. Domingo,Babasonicos,Madera Ideológica,245884,2026-01-25 12:05:00
Indie Pop,7. Domingo,Lara Pedrosa,Melodía de Extrañar.,35813,2026-01-25 12:09:00
Rock Argentino,7. Domingo,Gustavo Cerati,Llegaste,156020,2026-01-25 12:31:00
Urbano Latino,7. Domingo,Dillom,220,54629,2026-01-25 19:53:00
Indie Rock,1. Lunes,Fonso,Salir del Confort,125,2026-01-26 13:19:00
Indie Rock,2. Martes,El Mató a un Policía Motorizado,Diamante Roto,181766,2026-01-27 16:15:00
Rock Argentino,2. Martes,Gustavo Cerati,Hoy Ya No Soy Yo,3540,2026-01-27 16:19:00
Indie Folk,2. Martes,Mumford & Sons,For Those Below,215837,2026-01-27 16:35:00
Rock Argentino,2. Martes,Sui Generis,Estación,62100,2026-01-27 16:36:00
Rock Argentino,2. Martes,Los Piojos,Murguita,212040,2026-01-27 16:52:00
Rock Argentino,2. Martes,Las Pelotas,Cuándo Podrás Amar,191800,2026-01-27 16:59:00
Rock Argentino,2. Martes,Las Pelotas,Personalmente,12810,2026-01-27 17:00:00
Indie Folk,2. Martes,Juana Aguirre,lo_divino,201920,2026-01-27 17:03:00
Rock Argentino,2. Martes,Fito Paez,Cable A Tierra,178320,2026-01-27 17:06:00
Indie Rock,2. Martes,Mac DeMarco,Salad Days,66170,2026-01-27 17:12:00
Indie Rock,2. Martes,Mac DeMarco,This Old Dog,28623,2026-01-27 17:12:00
Indie Rock,2. Martes,El Mató a un Policía Motorizado,Diamante Roto,181766,2026-01-27 19:32:00
Rock Argentino,2. Martes,Gustavo Cerati,Hoy Ya No Soy Yo,200112,2026-01-27 19:45:00
Rock Argentino,2. Martes,Las Pelotas,Cuándo Podrás Amar,191800,2026-01-27 22:12:00
Indie Folk,2. Martes,Juana Aguirre,lo_divino,95913,2026-01-27 22:28:00
Indie Rock,2. Martes,Valle de Muñecas,Gotas en la Frente,244387,2026-01-27 22:32:00
Indie Pop,2. Martes,Srta. Trueno Negro,La Cura,192821,2026-01-27 22:35:00
Indie Pop,2. Martes,Srta. Trueno Negro,Si Supiese Escribir,170027,2026-01-27 22:38:00
Indie Pop,2. Martes,Srta. Trueno Negro,Fusilada,191787,2026-01-27 22:42:00
Rock Argentino,2. Martes,Patricio Rey y sus Redonditos de Ricota,Nuestro Amo Juega al Esclavo,239907,2026-01-27 23:12:00
Indie Rock,2. Martes,El Mató a un Policía Motorizado,Terrorismo en la Copa del Mundo,242880,2026-01-27 23:16:00
Indie Rock,2. Martes,El Mató a un Policía Motorizado,Doctora Muerte,146467,2026-01-27 23:18:00
Rock Argentino,2. Martes,Las Pelotas,Capitán América,188000,2026-01-27 23:26:00
Indie Rock,2. Martes,El Mató a un Policía Motorizado,Chica de Oro,233587,2026-01-27 23:30:00
Rock Argentino,3. Miércoles,Divididos,Agua En Buenos Aires,225,2026-01-28 13:15:00
Rock Argentino,3. Miércoles,Las Pelotas,Cuándo Podrás Amar,191800,2026-01-28 22:06:00
Rock Argentino,3. Miércoles,Marilina Bertoldi,Sushi en Lata,19867,2026-01-28 22:10:00
Indie Folk,3. Miércoles,Buendia,Desde Dentro,266240,2026-01-28 22:36:00
Indie Folk,3. Miércoles,Onda Vaga,Rendición,39312,2026-01-28 22:37:00
Rock Argentino,3. Miércoles,Los Espiritus,Perdida En El Fuego,18625,2026-01-28 22:37:00
Indie Folk,3. Miércoles,La Lá,Mango,186210,2026-01-28 22:40:00
Rock Argentino,3. Miércoles,Las Pelotas,Cuándo Podrás Amar,191800,2026-01-28 22:44:00
Indie Pop,3. Miércoles,Axel Fiks,Hacedora,8540,2026-01-28 22:44:00
Indie Pop,3. Miércoles,Srta. Trueno Negro,La Cura,192821,2026-01-28 22:47:00
Rock Argentino,3. Miércoles,Divididos,Paisano De Hurlingham,3749,2026-01-28 22:48:00
Rock Argentino,3. Miércoles,Charly García,Filosofía Barata y Zapatos de Goma,1369,2026-01-28 22:48:00
Indie Rock,3. Miércoles,Usted Señalemelo,la vivida noche,40437,2026-01-28 22:48:00
Rock Argentino,3. Miércoles,Pescado Rabioso,Credulidad,3206,2026-01-28 22:48:00
Rock Argentino,3. Miércoles,Charly García,Raros Peinados Nuevos,5600,2026-01-28 22:48:00
Rock Argentino,3. Miércoles,Fito Paez,Parte Del Aire,233360,2026-01-28 23:09:00
Rock Argentino,3. Miércoles,Fito Paez,She's Mine,1077,2026-01-28 23:20:00
Indie Folk,3. Miércoles,Julian Mourin,Manos en el Aire,8077,2026-01-28 23:20:00
Rock Argentino,3. Miércoles,Luis Alberto Spinetta,Fina Ropa Blanca,1648,2026-01-28 23:20:00
Rock Argentino,3. Miércoles,Las Pelotas,Cuándo Podrás Amar,191800,2026-01-28 23:27:00
Indie Rock,4. Jueves,Mora y los Metegoles,Adscriptos,47738,2026-01-29 11:10:00
Indie Rock,4. Jueves,Mora y los Metegoles,Adscriptos,0,2026-01-29 14:15:00
Rock Argentino,4. Jueves,Fabiana Cantilo,Una Tregua,1680,2026-01-29 16:12:00
Rock Argentino,4. Jueves,Las Pelotas,Cuándo Podrás Amar,191800,2026-01-29 16:15:00
Indie Rock,4. Jueves,Arctic Monkeys,Opening Night,259495,2026-01-29 16:22:00
Indie Rock,4. Jueves,Arctic Monkeys,Opening Night,114190,2026-01-29 16:24:00
Urbano Latino,4. Jueves,Bad Bunny,BAILE INoLVIDABLE,367725,2026-01-29 16:40:00
Indie Rock,4. Jueves,Suarez,Pájaros,177551,2026-01-29 16:49:00
Rock Argentino,4. Jueves,Luis Alberto Spinetta,Llama y Verás,209507,2026-01-29 16:52:00
Rock Argentino,4. Jueves,Charly García,Kurosawa,350867,2026-01-29 16:58:00
Indie Rock,4. Jueves,Suarez,Río Paraná,188639,2026-01-29 17:06:00
Indie Rock,4. Jueves,Mora y los Metegoles,Adscriptos,75282,2026-01-29 18:57:00
Rock Argentino,4. Jueves,Fabiana Cantilo,Una Tregua,210427,2026-01-29 19:00:00
Indie Folk,4. Jueves,Buendia,Desde Dentro,107680,2026-01-29 22:18:00
Indie Folk,4. Jueves,Buendia,Desde Dentro,158596,2026-01-29 22:20:00
Indie Folk,4. Jueves,Onda Vaga,Revolución,13912,2026-01-29 22:25:00
Indie Rock,5. Viernes,Arcade Fire,Unconditional I (Lookout Kid),11120,2026-01-30 21:43:00
Rock Argentino,5. Viernes,Las Pelotas,Cuándo Podrás Amar,191800,2026-01-30 21:50:00
Indie Folk,5. Viernes,Juana Aguirre,lo_divino,201920,2026-01-30 22:03:00
Rock Argentino,6. Sábado,Las Pelotas,Cuándo Podrás Amar,191800,2026-01-31 13:08:00
Indie Folk,6. Sábado,Juana Aguirre,lo_divino,3553,2026-01-31 14:45:00
Rock Argentino,6. Sábado,Serú Girán,A Los Jóvenes De Ayer - Remastered 2012,21729,2026-01-31 14:48:00
Indie Folk,6. Sábado,Juana Aguirre,Configuraciones Onduladas,130471,2026-01-31 14:57:00
Indie Pop,7. Domingo,MARO,juro que vi flores,69110,2026-02-01 03:32:00
Indie Folk,2. Martes,Juana Aguirre,lo_divino,201920,2026-02-03 23:23:00
Rock Argentino,2. Martes,Serú Girán,A Los Jóvenes De Ayer - Remastered 2012,170998,2026-02-03 23:29:00
Indie Folk,2. Martes,Juana Aguirre,Configuraciones Onduladas,130471,2026-02-03 23:31:00
Rock Argentino,4. Jueves,Kapanga,No Me Sueltes (Es Posible) - Vivo en Obras,0,2026-02-05 13:31:00
Rock Argentino,5. Viernes,Fito Paez,Solo La La La,623,2026-02-06 11:47:00
Rock Argentino,5. Viernes,Kapanga,No Me Sueltes (Es Posible) - Vivo en Obras,332,2026-02-06 21:35:00
Rock Argentino,5. Viernes,Fito Paez,Solo La La La,10935,2026-02-06 21:36:00
Indie Rock,5. Viernes,El Mató a un Policía Motorizado,Doctora Muerte,146467,2026-02-06 21:42:00
Indie Rock,5. Viernes,Rosario Bléfari,Vidrieras,166880,2026-02-06 21:48:00
Indie Rock,5. Viernes,El Mató a un Policía Motorizado,Terrorismo en la Copa del Mundo,242880,2026-02-06 21:53:00
Rock Argentino,5. Viernes,Gustavo Cerati,Sulky,107333,2026-02-06 22:31:00
Rock Argentino,5. Viernes,Gustavo Cerati,Sulky,161729,2026-02-06 23:23:00
Rock Argentino,5. Viernes,Charly García,No Soy Un Extraño,195733,2026-02-06 23:31:00
Indie Rock,6. Sábado,Arcade Fire,Age of Anxiety II (Rabbit Hole),5836,2026-02-07 11:24:00
Indie Rock,6. Sábado,Arcade Fire,Age of Anxiety II (Rabbit Hole),24722,2026-02-07 12:27:00
Indie Rock,7. Domingo,Jean Dawson,MENTHOL*,4351,2026-02-08 12:23:00
Indie Pop,7. Domingo,The Smiths,Ask - 2011 Remaster,4951,2026-02-08 12:23:00
Rock Argentino,7. Domingo,Pescado Rabioso,Dulce 3 Nocturno,51291,2026-02-08 12:23:00
Indie Pop,7. Domingo,Astro,Colombo,8511,2026-02-08 12:23:00
Rock Argentino,7. Domingo,Las Pelotas,Cuándo Podrás Amar,191800,2026-02-08 12:29:00
Rock Argentino,7. Domingo,Las Pelotas,Pasajeros,47782,2026-02-08 12:30:00
Rock Argentino,7. Domingo,Andrés Calamaro,Cuando te conocí,181800,2026-02-08 13:00:00
Indie Rock,7. Domingo,Marina Fages,Tu Modo Amable,1334,2026-02-08 20:31:00
Indie Rock,7. Domingo,El Mató a un Policía Motorizado,Sábado,188653,2026-02-08 20:31:00
Rock Argentino,7. Domingo,Pescado Rabioso,Por,12883,2026-02-08 20:31:00
Indie Folk,7. Domingo,The Lumineers,Sick In The Head,1601,2026-02-08 20:31:00
Rock Argentino,7. Domingo,Charly García,Transatlántico Art Deco,47420,2026-02-08 20:36:00
Rock Argentino,1. Lunes,Las Pelotas,Cuándo Podrás Amar,996,2026-02-09 04:52:00
Indie Folk,1. Lunes,Román Martino,Vecina,20597,2026-02-09 11:06:00
Indie Rock,1. Lunes,Usted Señalemelo,Deseo,0,2026-02-09 22:02:00
Indie Folk,1. Lunes,Juana Aguirre,lo_divino,116080,2026-02-09 22:15:00
Urbano Latino,1. Lunes,Bad Bunny,VOY A LLeVARTE PA PR,155491,2026-02-09 22:32:00
Urbano Latino,1. Lunes,Bad Bunny,WELTiTA,1367,2026-02-09 22:40:00
Urbano Latino,1. Lunes,Bad Bunny,BAILE INoLVIDABLE,341155,2026-02-09 22:40:00
Urbano Latino,1. Lunes,Bad Bunny,VeLDÁ,234658,2026-02-09 22:43:00
Urbano Latino,1. Lunes,Bad Bunny,EL CLúB,155120,2026-02-09 22:46:00
Urbano Latino,1. Lunes,Bad Bunny,EoO,203889,2026-02-09 22:49:00
Urbano Latino,1. Lunes,Bad Bunny,DtMF,236395,2026-02-09 22:53:00
Urbano Latino,1. Lunes,Bad Bunny,LA MuDANZA,213011,2026-02-09 22:57:00
Urbano Latino,1. Lunes,Bad Bunny,NUEVAYoL,182837,2026-02-09 23:00:00
Urbano Latino,1. Lunes,Bad Bunny,VOY A LLeVARTE PA PR,155555,2026-02-09 23:03:00
Urbano Latino,1. Lunes,Bad Bunny,BAILE INoLVIDABLE,366968,2026-02-09 23:09:00
Urbano Latino,1. Lunes,Bad Bunny,PERFuMITO NUEVO,199873,2026-02-09 23:12:00
Urbano Latino,1. Lunes,Bad Bunny,WELTiTA,0,2026-02-09 23:23:00
Indie Rock,2. Martes,Arcade Fire,Unconditional I (Lookout Kid),266,2026-02-10 12:06:00
Indie Folk,2. Martes,Chechi de Marcos,Casi Nunca Entiendo Nada,193093,2026-02-10 13:03:00
Indie Rock,2. Martes,Fonso,Salir del Confort,66190,2026-02-10 14:17:00
Indie Rock,2. Martes,Usted Señalemelo,Deseo,0,2026-02-10 22:39:00
Rock Argentino,2. Martes,Charly García,Peluca Telefónica,301040,2026-02-10 22:53:00
Indie Rock,2. Martes,Valle de Muñecas,Gotas en la Frente,244387,2026-02-10 22:57:00
Rock Argentino,2. Martes,La Renga,Blues De Bolivia - Live,173874,2026-02-10 23:37:00
Indie Rock,3. Miércoles,Viva Elastico,Rebeldía y Swing,272813,2026-02-11 22:59:00
Rock Argentino,3. Miércoles,Sui Generis,El Tuerto y los Ciegos,124427,2026-02-11 23:06:00
Urbano Latino,3. Miércoles,DJ MÄMI,La Barca,195165,2026-02-11 23:09:00
Indie Pop,4. Jueves,Axel Fiks,Ojitos de Md,137053,2026-02-12 00:28:00
Indie Folk,4. Jueves,Mumford & Sons,For Those Below,24928,2026-02-12 11:23:00
Indie Rock,4. Jueves,El Mató a un Policía Motorizado,Terrorismo en la Copa del Mundo,7303,2026-02-12 13:48:00
Indie Rock,4. Jueves,El Mató a un Policía Motorizado,Terrorismo en la Copa del Mundo,1393,2026-02-12 21:17:00
Indie Rock,4. Jueves,Suarez,Un Rayo de Sol,294307,2026-02-12 22:20:00
Urbano Latino,4. Jueves,Bad Bunny,PERFuMITO NUEVO,38366,2026-02-12 22:30:00
Rock Argentino,4. Jueves,Las Pelotas,Cuándo Podrás Amar,10192,2026-02-12 23:00:00
Indie Folk,4. Jueves,Juana Aguirre,lo_divino,201920,2026-02-12 23:03:00
Rock Argentino,4. Jueves,Serú Girán,A Los Jóvenes De Ayer - Remastered 2012,569453,2026-02-12 23:16:00
Rock Argentino,5. Viernes,Kapanga,No Me Sueltes (Es Posible) - Vivo en Obras,33,2026-02-13 21:18:00
Rock Argentino,5. Viernes,Serú Girán,Voy a Mil - 2021 Remasterizado,185062,2026-02-13 21:24:00
Rock Argentino,5. Viernes,Kapanga,No Me Sueltes (Es Posible) - Vivo en Obras,412,2026-02-13 21:25:00
Urbano Latino,5. Viernes,Bad Bunny,Ojitos Lindos,46370,2026-02-13 21:50:00
Urbano Latino,6. Sábado,CA7RIEL & Paco Amoroso,Hasta Jesús Tuvo un Mal Día,494,2026-02-14 16:56:00
Indie Pop,6. Sábado,Le Mans,Un Rayo De Sol,1675,2026-02-14 17:00:00
Indie Rock,6. Sábado,Suarez,Un Rayo de Sol,294307,2026-02-14 17:05:00
Rock Argentino,6. Sábado,Las Pelotas,Cuándo Podrás Amar,191800,2026-02-14 17:27:00
Indie Folk,6. Sábado,Juana Aguirre,lo_divino,201920,2026-02-14 17:35:00
Rock Argentino,6. Sábado,Serú Girán,A Los Jóvenes De Ayer - Remastered 2012,36320,2026-02-14 17:39:00
Indie Folk,6. Sábado,Juana Aguirre,Configuraciones Onduladas,130471,2026-02-14 17:45:00
Indie Pop,6. Sábado,Lucas Martí,La Memoria de un Beso,20864,2026-02-14 17:59:00
Indie Folk,6. Sábado,Buendia,Desde Dentro,266240,2026-02-14 18:03:00
Rock Argentino,6. Sábado,Gustavo Cerati,Alma,100962,2026-02-14 18:05:00
Indie Pop,6. Sábado,Srta. Trueno Negro,La Cura,192821,2026-02-14 18:13:00
Indie Pop,6. Sábado,Srta. Trueno Negro,Si Supiese Escribir,170027,2026-02-14 18:16:00
Indie Pop,6. Sábado,Srta. Trueno Negro,Fusilada,191787,2026-02-14 18:19:00
Rock Argentino,6. Sábado,Pescado Rabioso,Dulce 3 Nocturno,304827,2026-02-14 18:29:00
Rock Argentino,6. Sábado,Babasonicos,Capricho,158240,2026-02-14 18:34:00
Rock Argentino,6. Sábado,Patricio Rey y sus Redonditos de Ricota,Rock para el Negro Atila,240107,2026-02-14 18:38:00
Rock Argentino,6. Sábado,Los Piojos,Gris,13117,2026-02-14 18:43:00
Rock Argentino,6. Sábado,Serú Girán,Perro Andaluz - 2019 Remasterizado,296648,2026-02-14 18:48:00
Rock Argentino,6. Sábado,Babasonicos,Sharon Tate,148467,2026-02-14 18:50:00
Rock Argentino,6. Sábado,Sui Generis,Mariel y el Capitán,163667,2026-02-14 18:57:00
Urbano Latino,6. Sábado,Bad Bunny,Moscow Mule,245940,2026-02-14 19:02:00
Urbano Latino,7. Domingo,CA7RIEL & Paco Amoroso,Hasta Jesús Tuvo un Mal Día,5799,2026-02-15 00:58:00
Urbano Latino,7. Domingo,CA7RIEL & Paco Amoroso,Hasta Jesús Tuvo un Mal Día,0,2026-02-15 00:58:00
Urbano Latino,7. Domingo,CA7RIEL & Paco Amoroso,Hasta Jesús Tuvo un Mal Día,144891,2026-02-15 01:04:00
Urbano Latino,7. Domingo,Bad Bunny,VOY A LLeVARTE PA PR,142075,2026-02-15 01:07:00
Rock Argentino,7. Domingo,Andrés Calamaro,Cuando no estás,202822,2026-02-15 01:13:00
Rock Argentino,7. Domingo,Andrés Calamaro,Cuando no estás,23433,2026-02-15 01:14:00
Rock Argentino,7. Domingo,Charly García,Total Interferencia,6823,2026-02-15 11:29:00
Indie Rock,7. Domingo,boygenius,$20,200093,2026-02-15 15:50:00
Rock Argentino,7. Domingo,Patricio Rey y sus Redonditos de Ricota,Tarea Fina,223040,2026-02-15 16:02:00
Indie Rock,7. Domingo,XENEZE,When i Wake,20248,2026-02-15 16:35:00
Indie Folk,7. Domingo,Feli Colina,AVENIDO,5617,2026-02-15 19:31:00
Indie Rock,7. Domingo,XENEZE,When i Wake,202174,2026-02-15 19:31:00
Urbano Latino,7. Domingo,Bad Bunny,El Apagón - Live,164,2026-02-15 19:37:00
Urbano Latino,7. Domingo,CA7RIEL & Paco Amoroso,Hasta Jesús Tuvo un Mal Día,0,2026-02-15 19:37:00
Rock Argentino,7. Domingo,Babasonicos,La Izquierda de la Noche,160491,2026-02-15 19:37:00
Urbano Latino,7. Domingo,Bad Bunny,Neverita,173119,2026-02-15 19:45:00
Urbano Latino,7. Domingo,Bad Bunny,Si Veo a Tu Mamá,64503,2026-02-15 20:10:00
Indie Folk,1. Lunes,Phoebe Bridgers,Motion Sickness,229760,2026-02-16 15:36:00
Urbano Latino,1. Lunes,Bad Bunny,Neverita,173119,2026-02-16 15:43:00
Urbano Latino,1. Lunes,Bad Bunny,Si Veo a Tu Mamá,117100,2026-02-16 17:31:00
Urbano Latino,1. Lunes,Bad Bunny,El Apagón - Live,798,2026-02-16 17:35:00
Urbano Latino,1. Lunes,Bad Bunny,El Apagón - Live,8329,2026-02-16 21:44:00
Urbano Latino,1. Lunes,Bad Bunny,Die With a Smile - Live,0,2026-02-16 21:44:00
Rock Argentino,2. Martes,Charly García,Cuchillos,47723,2026-02-17 11:16:00
Rock Argentino,2. Martes,Charly García,Kurosawa,5918,2026-02-17 14:03:00
Urbano Latino,2. Martes,Bad Bunny,Die With a Smile - Live,1845,2026-02-17 22:31:00
Indie Folk,2. Martes,Phoebe Bridgers,Motion Sickness,229760,2026-02-17 22:35:00
Indie Folk,2. Martes,Juana Aguirre,lo_divino,201920,2026-02-17 22:46:00
Indie Folk,2. Martes,Juana Aguirre,Configuraciones Onduladas,130471,2026-02-17 22:53:00
Indie Folk,2. Martes,San Pedro Bonfim,Débil como una piedra,139896,2026-02-17 23:07:00
Indie Pop,2. Martes,Astro,Maestro Distorsión,234987,2026-02-17 23:12:00
Indie Pop,2. Martes,Astro,Colombo,9845,2026-02-17 23:12:00
Indie Rock,2. Martes,El Mató a un Policía Motorizado,Terrorismo en la Copa del Mundo,193920,2026-02-17 23:36:00
Urbano Latino,3. Miércoles,Bad Bunny,Die With a Smile - Live,323,2026-02-18 19:11:00
Indie Folk,3. Miércoles,Phoebe Bridgers,Motion Sickness,229760,2026-02-18 22:47:00
Indie Folk,4. Jueves,Phoebe Bridgers,Motion Sickness,229760,2026-02-19 10:26:00
Rock Argentino,4. Jueves,Luis Alberto Spinetta,Será Que La Canción Llegó Hasta El Sol,43012,2026-02-19 10:27:00
Indie Rock,4. Jueves,Mac DeMarco,Shining,188013,2026-02-19 10:39:00
Indie Rock,4. Jueves,Mac DeMarco,Rooster,145367,2026-02-19 10:41:00
Indie Rock,4. Jueves,Mac DeMarco,Sweeter,179253,2026-02-19 10:44:00
Indie Rock,4. Jueves,Mac DeMarco,Nothing At All,196987,2026-02-19 10:48:00
Indie Rock,4. Jueves,Mac DeMarco,Knockin,140707,2026-02-19 10:50:00
Indie Rock,4. Jueves,Mac DeMarco,Home,131907,2026-02-19 10:52:00
Indie Rock,4. Jueves,Mac DeMarco,Holy,144773,2026-02-19 10:55:00
Indie Rock,4. Jueves,Mac DeMarco,Nightmare,136933,2026-02-19 10:57:00
Indie Rock,4. Jueves,Mac DeMarco,Punishment,120960,2026-02-19 10:59:00
Indie Rock,4. Jueves,Mac DeMarco,Rock And Roll,25335,2026-02-19 11:00:00
Indie Pop,5. Viernes,Ainda,Maremagnum,78,2026-02-20 13:00:00
Rock Argentino,5. Viernes,Los Piojos,Murguita,1927,2026-02-20 14:08:00
Indie Rock,6. Sábado,Suarez,Un Rayo de Sol,294307,2026-02-21 13:14:00
Rock Argentino,6. Sábado,Las Pelotas,Cuándo Podrás Amar,191800,2026-02-21 13:18:00
Indie Pop,6. Sábado,Lucas Martí,El murgón,178561,2026-02-21 13:21:00
Rock Argentino,6. Sábado,Charly García,Parte de la Religión,186600,2026-02-21 14:24:00
Indie Rock,6. Sábado,Suarez,Pájaros,177551,2026-02-21 14:27:00
Indie Rock,6. Sábado,Valle de Muñecas,Gotas en la Frente,244387,2026-02-21 14:31:00
Indie Rock,6. Sábado,Usted Señalemelo,Nuevo Comienzo,115471,2026-02-21 15:17:00
Indie Rock,6. Sábado,Usted Señalemelo,Nuevo Comienzo,70748,2026-02-21 15:28:00
Rock Argentino,6. Sábado,Fabiana Cantilo,Una Tregua,210427,2026-02-21 15:36:00
Rock Argentino,6. Sábado,Charly García,Piano Bar,271979,2026-02-21 16:12:00
Indie Folk,6. Sábado,Phoebe Bridgers,Motion Sickness,229760,2026-02-21 16:21:00
Indie Pop,6. Sábado,Le Mans,Un Rayo De Sol,145377,2026-02-21 16:33:00
Indie Folk,6. Sábado,Onda Vaga,Rendición,1014,2026-02-21 16:38:00
Indie Folk,6. Sábado,San Pedro Bonfim,Débil como una piedra,139896,2026-02-21 16:40:00
Indie Pop,6. Sábado,Jósean Log,Chachachá,215986,2026-02-21 16:44:00
Indie Pop,6. Sábado,Astro,Maestro Distorsión,234987,2026-02-21 16:48:00
Rock Argentino,6. Sábado,Gustavo Cerati,Alma,277093,2026-02-21 16:56:00
Indie Folk,6. Sábado,Onda Vaga,Mambeado,220695,2026-02-21 17:04:00
Indie Folk,6. Sábado,Buendia,Desde Dentro,266240,2026-02-21 17:09:00
Indie Folk,6. Sábado,Onda Vaga,Revolución,235833,2026-02-21 17:13:00
Indie Folk,6. Sábado,San Pedro Bonfim,Corazón de guagua,191321,2026-02-21 17:16:00
Indie Folk,6. Sábado,Onda Vaga,Rendición,239324,2026-02-21 17:36:00
Indie Folk,6. Sábado,San Pedro Bonfim,Débil como una piedra,139744,2026-02-21 17:38:00
Indie Pop,6. Sábado,Jósean Log,Chachachá,215902,2026-02-21 17:41:00
Indie Pop,6. Sábado,Astro,Maestro Distorsión,234916,2026-02-21 17:45:00
Rock Argentino,6. Sábado,Gustavo Cerati,Alma,276964,2026-02-21 17:54:00
Indie Folk,6. Sábado,Onda Vaga,Mambeado,220578,2026-02-21 18:02:00
Indie Folk,6. Sábado,Onda Vaga,Revolución,27185,2026-02-21 18:07:00
Indie Folk,6. Sábado,Buendia,Desde Dentro,266163,2026-02-21 18:07:00
Indie Rock,6. Sábado,Mac DeMarco,Moonlight on the River,422613,2026-02-21 18:19:00
Rock Argentino,6. Sábado,Pescado Rabioso,Como el Viento Voy a Ver,32304,2026-02-21 18:20:00
Indie Folk,6. Sábado,Phoebe Bridgers,Motion Sickness,229760,2026-02-21 18:32:00
Indie Pop,6. Sábado,Los Mundos Posibles,La Guerra del Japón,170326,2026-02-21 18:35:00
Indie Pop,6. Sábado,Los Besos,El Dron,140650,2026-02-21 18:37:00
Rock Argentino,6. Sábado,Charly García,Alguien en el Mundo Piensa en Mí,267240,2026-02-21 18:46:00
Indie Folk,6. Sábado,Juana Aguirre,Configuraciones Onduladas,130471,2026-02-21 18:48:00
Indie Pop,6. Sábado,Cupido,El Tiempo Es Oro,241246,2026-02-21 18:52:00
Indie Folk,6. Sábado,Phoebe Bridgers,Scott Street,2826,2026-02-21 21:38:00
Indie Folk,6. Sábado,Phoebe Bridgers,Scott Street,33038,2026-02-21 21:38:00
Indie Folk,6. Sábado,Phoebe Bridgers,Smoke Signals,323712,2026-02-21 21:44:00
Indie Folk,6. Sábado,Phoebe Bridgers,Motion Sickness,229760,2026-02-21 21:47:00
Indie Folk,6. Sábado,Phoebe Bridgers,Funeral,232373,2026-02-21 21:51:00
Indie Folk,6. Sábado,Phoebe Bridgers,Demi Moore,198532,2026-02-21 21:55:00
Indie Folk,6. Sábado,Phoebe Bridgers,Scott Street,305001,2026-02-21 22:00:00
Indie Folk,6. Sábado,Phoebe Bridgers,Killer,189213,2026-02-21 22:03:00
Indie Folk,6. Sábado,Phoebe Bridgers,Georgia,247307,2026-02-21 22:07:00
Indie Folk,6. Sábado,Phoebe Bridgers,Chelsea,190716,2026-02-21 22:27:00
Rock Argentino,7. Domingo,Luis Alberto Spinetta,Vamos al Bosque,2972,2026-02-22 13:28:00
Rock Argentino,7. Domingo,Luis Alberto Spinetta,Vamos al Bosque,107846,2026-02-22 15:55:00
Indie Rock,7. Domingo,Las Ligas Menores,A 1200 Km,1189,2026-02-22 15:55:00
Rock Argentino,7. Domingo,Serú Girán,Salir De La Melancolía,40757,2026-02-22 16:43:00
Rock Argentino,7. Domingo,Serú Girán,Salir De La Melancolía,56854,2026-02-22 21:16:00
Urbano Latino,7. Domingo,Bad Bunny,Tití Me Preguntó,243717,2026-02-22 21:20:00
Urbano Latino,7. Domingo,Bad Bunny,Tití Me Preguntó,9986,2026-02-22 21:21:00
Urbano Latino,7. Domingo,Bad Bunny,BAILE INoLVIDABLE,367095,2026-02-22 21:27:00
Urbano Latino,7. Domingo,Bad Bunny,VOY A LLeVARTE PA PR,156365,2026-02-22 21:29:00
Urbano Latino,7. Domingo,Bad Bunny,WELTiTA,1715,2026-02-22 21:30:00
Urbano Latino,7. Domingo,Bad Bunny,VOY A LLeVARTE PA PR,27257,2026-02-22 21:30:00
Urbano Latino,7. Domingo,Bad Bunny,VeLDÁ,209125,2026-02-22 21:51:00
Indie Rock,1. Lunes,El Mató a un Policía Motorizado,Sábado,96,2026-02-23 13:35:00
Rock Argentino,3. Miércoles,Serú Girán,Mientras Miro Las Nuevas Olas - En Vivo,78029,2026-02-25 11:20:00
Indie Rock,3. Miércoles,Rosario Bléfari,Lobo,101,2026-02-25 13:37:00
Indie Rock,5. Viernes,Arcade Fire,Haiti,15958,2026-02-27 21:30:00
Indie Rock,5. Viernes,Suarez,Un Rayo de Sol,294307,2026-02-27 21:35:00
Indie Rock,5. Viernes,Suarez,Un Rayo de Sol,13981,2026-02-27 21:55:00
Indie Pop,5. Viernes,Jósean Log,Chachachá,215986,2026-02-27 22:11:00
Indie Pop,5. Viernes,Jósean Log,Chachachá,21651,2026-02-27 22:15:00
Indie Pop,5. Viernes,Jósean Log,Chachachá,215740,2026-02-27 22:15:00
Indie Folk,5. Viernes,Buendia,Desde Dentro,266240,2026-02-27 22:19:00
Indie Pop,5. Viernes,Astro,Maestro Distorsión,234987,2026-02-27 22:24:00
Indie Folk,5. Viernes,San Pedro Bonfim,Corazón de guagua,28344,2026-02-27 22:24:00
Indie Folk,5. Viernes,Juana Aguirre,lo_divino,201920,2026-02-27 22:28:00
Indie Folk,5. Viernes,Chechi de Marcos,Casi Nunca Entiendo Nada,5620,2026-02-27 22:34:00
Indie Rock,5. Viernes,Arcade Fire,Unconditional I (Lookout Kid),1051,2026-02-27 22:34:00
Rock Argentino,5. Viernes,Los Piojos,Gris,907,2026-02-27 22:34:00
Rock Argentino,5. Viernes,Serú Girán,Mientras Miro Las Nuevas Olas - En Vivo,1399,2026-02-27 22:34:00
Urbano Latino,5. Viernes,Bad Bunny,Moscow Mule,245940,2026-02-27 22:38:00
Urbano Latino,6. Sábado,Bad Bunny,Ojitos Lindos,19760,2026-02-28 08:23:00
Indie Rock,6. Sábado,Marina Fages,El Límite,8360,2026-02-28 08:25:00
Indie Folk,6. Sábado,Phoebe Bridgers,Scott Street,8748,2026-02-28 08:50:00
Indie Rock,6. Sábado,Suarez,Un Rayo de Sol,21161,2026-02-28 09:59:00
Indie Folk,6. Sábado,Phoebe Bridgers,Motion Sickness,229760,2026-02-28 10:03:00
Rock Argentino,6. Sábado,Las Pelotas,Cuándo Podrás Amar,17012,2026-02-28 10:08:00
Indie Rock,6. Sábado,Valle de Muñecas,Gotas en la Frente,244387,2026-02-28 10:15:00
Indie Rock,6. Sábado,Usted Señalemelo,F.T,8050,2026-02-28 10:23:00
Indie Rock,6. Sábado,boygenius,$20,200093,2026-02-28 10:26:00
Rock Argentino,6. Sábado,Sui Generis,El Tuerto y los Ciegos,954,2026-02-28 11:10:00
Urbano Latino,6. Sábado,Bad Bunny,VOY A LLeVARTE PA PR,100991,2026-02-28 11:17:00
Urbano Latino,6. Sábado,Bad Bunny,WELTiTA,187507,2026-02-28 11:20:00
Urbano Latino,6. Sábado,Bad Bunny,EL CLúB,42899,2026-02-28 11:21:00
Indie Folk,6. Sábado,Juana Aguirre,Configuraciones Onduladas,130471,2026-02-28 11:23:00
Indie Pop,6. Sábado,Los Mundos Posibles,La Guerra del Japón,170326,2026-02-28 11:31:00
Rock Argentino,6. Sábado,Las Pelotas,Cuándo Podrás Amar,191800,2026-02-28 11:38:00
Rock Argentino,6. Sábado,Los Visitantes,Playas Oscuras,241067,2026-02-28 11:42:00
Urbano Latino,6. Sábado,Bad Bunny,Otro Atardecer,244444,2026-02-28 11:52:00
Rock Argentino,6. Sábado,Las Pelotas,Bombachitas Rosas,170372,2026-02-28 11:55:00
Indie Rock,6. Sábado,Usted Señalemelo,Mañana,205366,2026-02-28 12:06:00
Indie Rock,6. Sábado,Marina Fages,El Límite,248007,2026-02-28 12:10:00
Indie Rock,6. Sábado,Mac DeMarco,Blue Boy,126224,2026-02-28 12:12:00
Indie Rock,6. Sábado,Usted Señalemelo,F.T,250538,2026-02-28 12:25:00
Indie Pop,6. Sábado,Los Mundos Posibles,La Ciudad Mas Austral del Mundo,165095,2026-02-28 12:41:00
Indie Rock,6. Sábado,Usted Señalemelo,"Puedo Morir, Puedo Caer",246600,2026-02-28 12:50:00
Urbano Latino,6. Sábado,Bad Bunny,Neverita,173119,2026-02-28 12:53:00
Indie Rock,6. Sábado,Valle de Muñecas,Gotas en la Frente,244387,2026-02-28 12:57:00
Indie Rock,6. Sábado,Mora y los Metegoles,Vestida para Morir,153800,2026-02-28 13:03:00
Indie Pop,6. Sábado,Los Mundos Posibles,La Guerra del Japón,170326,2026-02-28 13:17:00
Rock Argentino,6. Sábado,Palo Pandolfo,La Idea,179679,2026-02-28 13:20:00
Indie Folk,6. Sábado,Phoebe Bridgers,Motion Sickness,229760,2026-02-28 13:24:00
Indie Folk,6. Sábado,Juana Aguirre,Configuraciones Onduladas,130471,2026-02-28 13:35:00
Urbano Latino,7. Domingo,Bad Bunny,NUEVAYoL - Live,8576,2026-03-01 15:02:00
Rock Argentino,7. Domingo,Las Pelotas,Cuándo Podrás Amar,6896,2026-03-01 15:07:00
Indie Rock,7. Domingo,boygenius,$20,200093,2026-03-01 15:15:00
Urbano Latino,7. Domingo,Bad Bunny,Otro Atardecer,244444,2026-03-01 15:19:00
Rock Argentino,7. Domingo,Los Visitantes,Playas Oscuras,44852,2026-03-01 15:34:00
Indie Folk,7. Domingo,Onda Vaga,Mambeado,25901,2026-03-01 15:46:00
Indie Folk,7. Domingo,Buendia,Desde Dentro,266240,2026-03-01 15:51:00
Indie Folk,7. Domingo,San Pedro Bonfim,Débil como una piedra,139896,2026-03-01 15:56:00
Indie Folk,7. Domingo,Onda Vaga,Rendición,56586,2026-03-01 15:57:00
Indie Pop,7. Domingo,Axel Fiks,Mili,14136,2026-03-01 15:59:00
Indie Folk,7. Domingo,Juana Aguirre,Configuraciones Onduladas,130471,2026-03-01 15:59:00
Rock Argentino,7. Domingo,Charly García,Transatlántico Art Deco,3251,2026-03-01 16:00:00
Indie Folk,7. Domingo,Juana Aguirre,lo_divino,201920,2026-03-01 16:09:00
Indie Folk,7. Domingo,Juana Aguirre,lo_divino,2313,2026-03-01 16:10:00
Indie Folk,7. Domingo,Buendia,Desde Dentro,264004,2026-03-01 17:27:00
Indie Pop,7. Domingo,Jósean Log,Chachachá,1048,2026-03-01 17:34:00
Indie Folk,7. Domingo,San Pedro Bonfim,Corazón de guagua,191321,2026-03-01 17:34:00
Indie Folk,7. Domingo,Onda Vaga,Revolución,939,2026-03-01 17:35:00
Indie Folk,7. Domingo,San Pedro Bonfim,Débil como una piedra,647,2026-03-01 17:35:00
Indie Folk,7. Domingo,Onda Vaga,Mambeado,2264,2026-03-01 17:35:00
Indie Pop,7. Domingo,Astro,Maestro Distorsión,231248,2026-03-01 17:43:00
Indie Folk,7. Domingo,Buendia,Desde Dentro,266240,2026-03-01 18:03:00
Indie Folk,7. Domingo,Onda Vaga,Mambeado,220695,2026-03-01 18:07:00
Indie Pop,7. Domingo,Jósean Log,Chachachá,215986,2026-03-01 18:10:00
Indie Rock,7. Domingo,Arcade Fire,The Lightning I,15801,2026-03-01 18:18:00
Indie Pop,7. Domingo,Lucas Martí,La Memoria de un Beso,10290,2026-03-01 18:28:00
Indie Rock,7. Domingo,Usted Señalemelo,Nuevo Comienzo,186202,2026-03-01 18:31:00
Indie Folk,7. Domingo,Phoebe Bridgers,Motion Sickness,1012,2026-03-01 18:35:00
Rock Argentino,7. Domingo,Los Piojos,Murguita,212040,2026-03-01 18:38:00
Indie Rock,7. Domingo,Santiago Motorizado,No Recuerdo Nada,1653,2026-03-01 18:49:00
Rock Argentino,7. Domingo,Babasonicos,Gratis,22681,2026-03-01 18:49:00
Indie Folk,7. Domingo,Román Martino,Vecina,975,2026-03-01 18:49:00
Indie Folk,7. Domingo,Juana Aguirre,Configuraciones Onduladas,1270,2026-03-01 18:49:00
Rock Argentino,7. Domingo,Las Pelotas,Cuándo Podrás Amar,4854,2026-03-01 18:55:00
Rock Argentino,7. Domingo,Charly García,Kurosawa,179154,2026-03-01 18:55:00
Rock Argentino,7. Domingo,Luis Alberto Spinetta,Vamos al Bosque,2875,2026-03-01 18:55:00
Rock Argentino,7. Domingo,Pescado Rabioso,Dulce 3 Nocturno,1000,2026-03-01 18:55:00
Rock Argentino,7. Domingo,Pescado Rabioso,Como el Viento Voy a Ver,1520,2026-03-01 18:55:00
Rock Argentino,7. Domingo,Charly García,Parte de la Religión,3672,2026-03-01 18:55:00
Indie Pop,7. Domingo,Los Mundos Posibles,La Guerra del Japón,1197,2026-03-01 18:56:00
Indie Pop,7. Domingo,Los Mundos Posibles,La Guerra del Japón,42303,2026-03-01 19:00:00
Rock Argentino,7. Domingo,Luis Alberto Spinetta,Vamos al Bosque,252920,2026-03-01 19:00:00
Indie Pop,7. Domingo,Axel Fiks,Mili,448,2026-03-01 19:00:00
Indie Folk,7. Domingo,Feli Colina,AVENIDO,282,2026-03-01 19:00:00
Rock Argentino,7. Domingo,Serú Girán,Perro Andaluz - 2019 Remasterizado,296648,2026-03-01 19:09:00
Rock Argentino,7. Domingo,Serú Girán,Mientras Miro Las Nuevas Olas - En Vivo,9950,2026-03-01 19:14:00
Indie Rock,7. Domingo,Usted Señalemelo,Mañana,199712,2026-03-01 20:02:00
Rock Argentino,1. Lunes,Babasonicos,Anubis,8502,2026-03-02 14:30:00
Urbano Latino,2. Martes,Bad Bunny,NUEVAYoL - Live,2720,2026-03-03 12:41:00
Urbano Latino,2. Martes,Bad Bunny,Die With a Smile - Live,2701,2026-03-03 12:42:00
Indie Folk,2. Martes,Phoebe Bridgers,Motion Sickness,229760,2026-03-03 12:46:00
Rock Argentino,2. Martes,Luis Alberto Spinetta,Sinfín,157487,2026-03-03 12:48:00
Indie Folk,2. Martes,Juana Aguirre,lo_divino,85600,2026-03-03 12:50:00
Urbano Latino,2. Martes,Bad Bunny,El Apagón - Live,2722,2026-03-03 14:04:00
Rock Argentino,2. Martes,Charly García,Peluca Telefónica,284,2026-03-03 14:04:00
Urbano Latino,2. Martes,Bad Bunny,El Apagón - Live,2646,2026-03-03 14:30:00
Rock Argentino,2. Martes,Charly García,Peluca Telefónica,2352,2026-03-03 14:30:00
Urbano Latino,2. Martes,Bad Bunny,Die With a Smile - Live,7252,2026-03-03 14:37:00
Urbano Latino,2. Martes,Bad Bunny,Die With a Smile - Live,372,2026-03-03 14:38:00
Urbano Latino,2. Martes,Bad Bunny,Die With a Smile - Live,60,2026-03-03 14:38:00
Urbano Latino,2. Martes,Bad Bunny,Die With a Smile - Live,0,2026-03-03 14:38:00
Indie Rock,2. Martes,Valle de Muñecas,Gotas en la Frente,1121,2026-03-03 14:57:00
Rock Argentino,2. Martes,Palo Pandolfo,La Idea,1355,2026-03-03 14:57:00
Indie Pop,2. Martes,Los Mundos Posibles,La Ciudad Mas Austral del Mundo,2029,2026-03-03 14:57:00
Indie Folk,2. Martes,Phoebe Bridgers,Motion Sickness,15122,2026-03-03 15:01:00
Indie Rock,2. Martes,boygenius,$20,200093,2026-03-03 15:04:00
Indie Pop,2. Martes,Los Mundos Posibles,La Guerra del Japón,1364,2026-03-03 15:04:00
Indie Rock,2. Martes,Marina Fages,El Límite,248007,2026-03-03 15:09:00
Indie Rock,2. Martes,Usted Señalemelo,"Puedo Morir, Puedo Caer",246600,2026-03-03 15:13:00
Rock Argentino,2. Martes,Charly García,Víctima,10144,2026-03-03 15:17:00
Indie Rock,2. Martes,Usted Señalemelo,Laser 420,260133,2026-03-03 15:22:00
Indie Pop,2. Martes,Cupido,El Tiempo Es Oro,241246,2026-03-03 15:26:00
Rock Argentino,2. Martes,Charly García,La Gente Es la Misma,18707,2026-03-03 15:27:00
Indie Rock,2. Martes,Rosario Bléfari,Ningún Mensaje,26509,2026-03-03 15:36:00
Indie Folk,2. Martes,The Lumineers,Sick In The Head,29083,2026-03-03 15:37:00
Indie Folk,2. Martes,The Lumineers,Patience,8094,2026-03-03 15:38:00
Indie Folk,2. Martes,The Lumineers,Patience,97051,2026-03-03 15:38:00
Rock Argentino,2. Martes,Serú Girán,Perro Andaluz - 2019 Remasterizado,8392,2026-03-03 15:39:00
Indie Rock,2. Martes,Rosario Bléfari,Reservado,18211,2026-03-03 15:45:00
Rock Argentino,2. Martes,Charly García,La Ruta del Tentempié,853,2026-03-03 15:45:00
Urbano Latino,2. Martes,Bad Bunny,Die With a Smile - Live,958,2026-03-03 19:41:00
Urbano Latino,2. Martes,Bad Bunny,Die With a Smile - Live,3533,2026-03-03 20:00:00
Urbano Latino,2. Martes,Bad Bunny,Die With a Smile - Live,53717,2026-03-03 20:01:00
Urbano Latino,2. Martes,Bad Bunny,Party - Live,0,2026-03-03 20:32:00
Urbano Latino,2. Martes,Bad Bunny,Party - Live,289,2026-03-03 20:32:00
Urbano Latino,3. Miércoles,Bad Bunny,Party - Live,5661,2026-03-04 01:23:00
Urbano Latino,3. Miércoles,Bad Bunny,Die With a Smile - Live,2169,2026-03-04 21:21:00
Urbano Latino,3. Miércoles,Bad Bunny,Party - Live,794,2026-03-04 21:21:00
Urbano Latino,4. Jueves,Bad Bunny,Die With a Smile - Live,2126,2026-03-05 14:57:00
Rock Argentino,4. Jueves,Gustavo Cerati,Alma,277093,2026-03-05 15:14:00
Indie Folk,4. Jueves,San Pedro Bonfim,Corazón de guagua,191321,2026-03-05 15:22:00
Indie Folk,4. Jueves,Onda Vaga,Revolución,919,2026-03-05 15:25:00
Indie Pop,4. Jueves,Astro,Maestro Distorsión,650,2026-03-05 15:25:00
Indie Folk,4. Jueves,San Pedro Bonfim,Débil como una piedra,139896,2026-03-05 15:28:00
Indie Pop,5. Viernes,Luca Bocci,Paraíso Corazón,43339,2026-03-06 14:22:00
Rock Argentino,7. Domingo,Marilina Bertoldi,EL GORDO,196319,2026-03-08 14:25:00
Indie Folk,7. Domingo,Juana Aguirre,Configuraciones Onduladas,130471,2026-03-08 19:14:00
Indie Rock,7. Domingo,Vampire Weekend,A-Punk,26585,2026-03-08 19:15:00
Indie Rock,7. Domingo,Sticky Fingers,How To Fly,202187,2026-03-08 19:18:00
Indie Rock,7. Domingo,Sticky Fingers,Australia Street,219027,2026-03-08 19:22:00
Indie Rock,7. Domingo,Sticky Fingers,Cyclone (The Village Sessions),25573,2026-03-08 19:22:00
Indie Rock,7. Domingo,Sticky Fingers,These Girls,17340,2026-03-08 19:26:00
Indie Rock,7. Domingo,Sticky Fingers,Gold Snafu,218903,2026-03-08 19:26:00
Indie Rock,7. Domingo,Sticky Fingers,Just For You,42554,2026-03-08 19:29:00
Indie Rock,7. Domingo,Sticky Fingers,Feast Your Eyes,152845,2026-03-08 19:29:00
Indie Folk,7. Domingo,Onda Vaga,Mambeado,220695,2026-03-08 19:56:00
Indie Folk,7. Domingo,San Pedro Bonfim,Corazón de guagua,0,2026-03-08 19:56:00
Rock Argentino,7. Domingo,Luis Alberto Spinetta,Será Que La Canción Llegó Hasta El Sol,14377,2026-03-08 19:59:00
Rock Argentino,7. Domingo,Charly García,Bancate Ese Defecto,0,2026-03-08 20:03:00
Rock Argentino,7. Domingo,Charly García,Bancate Ese Defecto,0,2026-03-08 20:11:00
Indie Rock,7. Domingo,Sophia Chablau e Uma Enorme Perda de Tempo,As coisas que não te ensinam na faculdade de filosofia,0,2026-03-08 20:12:00
Indie Pop,7. Domingo,Srta. Trueno Negro,Fusilada,1254,2026-03-08 20:16:00
Indie Rock,7. Domingo,Mac DeMarco,Chamber Of Reflection,0,2026-03-08 20:16:00
Rock Argentino,7. Domingo,Charly García,Locomotion,10291,2026-03-08 20:16:00
Indie Rock,7. Domingo,Wilco,Hot Sun,0,2026-03-08 20:17:00
Indie Folk,7. Domingo,Kings of Convenience,Misread,0,2026-03-08 20:17:00
Urbano Latino,7. Domingo,Bad Bunny,NUEVAYoL,1495,2026-03-08 20:21:00
Indie Rock,7. Domingo,Santiago Motorizado,Google Maps,0,2026-03-08 20:21:00
Rock Argentino,7. Domingo,Babasonicos,Curtis,0,2026-03-08 20:21:00
Rock Argentino,7. Domingo,Charly García,Superhéroes,0,2026-03-08 20:21:00
Rock Argentino,7. Domingo,Sui Generis,Estación,0,2026-03-08 20:21:00
Indie Pop,7. Domingo,Srta. Trueno Negro,La Cura,784,2026-03-08 20:21:00
Rock Argentino,7. Domingo,Palo Pandolfo,Tu Amor,3903,2026-03-08 20:21:00
Indie Folk,7. Domingo,The Lumineers,Patience,2749,2026-03-08 20:21:00
Rock Argentino,7. Domingo,Fito Paez,Cable A Tierra,0,2026-03-08 20:21:00
Rock Argentino,7. Domingo,Marilina Bertoldi,Sexo Con Modelos,0,2026-03-08 20:21:00
Rock Argentino,7. Domingo,Marilina Bertoldi,Fumar de día,0,2026-03-08 20:21:00
Rock Argentino,7. Domingo,Babasonicos,Las Demás,0,2026-03-08 20:22:00
Indie Pop,7. Domingo,Lucas Martí,El murgón,2584,2026-03-08 20:29:00
Indie Folk,7. Domingo,The Lumineers,Sick In The Head,151467,2026-03-08 20:31:00
Indie Folk,3. Miércoles,Perro Segovia,Awita de Coco,52840,2026-03-11 21:36:00
Rock Argentino,4. Jueves,Charly García,Zocacola,5141,2026-03-12 17:08:00
Rock Argentino,4. Jueves,Gustavo Cerati,A Merced,34516,2026-03-12 17:30:00
Indie Pop,4. Jueves,Astro,Maestro Distorsión,112165,2026-03-12 17:36:00
Indie Pop,7. Domingo,Axel Fiks,Hacedora,5319,2026-03-15 16:42:00
Indie Rock,1. Lunes,Sticky Fingers,Feast Your Eyes,153637,2026-03-16 18:06:00
Indie Pop,1. Lunes,Srta. Trueno Negro,Si Supiese Escribir,38008,2026-03-16 18:12:00
Rock Argentino,2. Martes,Charly García,No Soy Un Extraño,74194,2026-03-17 10:21:00
Urbano Latino,2. Martes,CA7RIEL & Paco Amoroso,Goo Goo Ga Ga,1341,2026-03-17 19:10:00
Indie Rock,2. Martes,Sticky Fingers,Feast Your Eyes,3435,2026-03-17 20:59:00
Urbano Latino,2. Martes,CA7RIEL & Paco Amoroso,Goo Goo Ga Ga,0,2026-03-17 20:59:00
Urbano Latino,2. Martes,CA7RIEL & Paco Amoroso,Goo Goo Ga Ga,0,2026-03-17 21:00:00
Indie Rock,2. Martes,Sticky Fingers,Feast Your Eyes,150462,2026-03-17 21:03:00
Indie Pop,2. Martes,Ainda,Maremagnum,52268,2026-03-17 21:04:00
Urbano Latino,2. Martes,CA7RIEL & Paco Amoroso,Goo Goo Ga Ga,0,2026-03-17 21:04:00
Urbano Latino,2. Martes,CA7RIEL & Paco Amoroso,Goo Goo Ga Ga,0,2026-03-17 21:09:00
Rock Argentino,2. Martes,Las Pelotas,Cuándo Podrás Amar,4095,2026-03-17 21:10:00
Urbano Latino,2. Martes,Bad Bunny,NUEVAYoL,2661,2026-03-17 21:17:00
Indie Rock,2. Martes,Rosario Bléfari,Ningún Mensaje,6425,2026-03-17 21:17:00
Indie Folk,2. Martes,Juana Aguirre,lo_divino,138450,2026-03-17 21:24:00
Indie Folk,2. Martes,Juana Aguirre,Configuraciones Onduladas,130471,2026-03-17 21:30:00
Indie Pop,2. Martes,Lucas Martí,La Memoria de un Beso,39373,2026-03-17 21:39:00
Indie Pop,2. Martes,Srta. Trueno Negro,La Cura,549,2026-03-17 21:39:00
Indie Pop,2. Martes,Srta. Trueno Negro,La Cura,192821,2026-03-17 21:42:00
Indie Pop,2. Martes,Srta. Trueno Negro,Si Supiese Escribir,170027,2026-03-17 21:45:00
Indie Pop,2. Martes,Srta. Trueno Negro,Fusilada,191787,2026-03-17 21:48:00
Rock Argentino,2. Martes,Pescado Rabioso,Dulce 3 Nocturno,304827,2026-03-17 21:58:00
Indie Folk,2. Martes,Phoebe Bridgers,Motion Sickness,229760,2026-03-17 22:07:00
Indie Rock,3. Miércoles,Rosario Bléfari,Viento Helado,317,2026-03-18 11:18:00
Urbano Latino,3. Miércoles,CA7RIEL & Paco Amoroso,Goo Goo Ga Ga,0,2026-03-18 20:09:00
Urbano Latino,3. Miércoles,CA7RIEL & Paco Amoroso,Goo Goo Ga Ga,0,2026-03-18 22:55:00
Rock Argentino,3. Miércoles,Serú Girán,Desarma Y Sangra,57109,2026-03-18 23:07:00
Indie Folk,4. Jueves,Esmeralda Escalante,Volcán,357,2026-03-19 11:32:00
Urbano Latino,4. Jueves,CA7RIEL & Paco Amoroso,Goo Goo Ga Ga,221,2026-03-19 20:38:00
Urbano Latino,4. Jueves,CA7RIEL & Paco Amoroso,Goo Goo Ga Ga,0,2026-03-19 20:38:00
Urbano Latino,4. Jueves,CA7RIEL & Paco Amoroso,Goo Goo Ga Ga,0,2026-03-19 20:43:00
Indie Rock,4. Jueves,Suarez,Un Rayo de Sol,248634,2026-03-19 22:03:00
Indie Pop,4. Jueves,Axel Fiks,Mili,180427,2026-03-19 22:19:00
Indie Rock,4. Jueves,Las Ligas Menores,Accidente,145240,2026-03-19 23:24:00
Indie Rock,6. Sábado,Ya Cualquier Cosa,Querido Nonis,393,2026-03-21 11:28:00
Indie Rock,6. Sábado,Ya Cualquier Cosa,Querido Nonis,202967,2026-03-21 11:57:00
Rock Argentino,6. Sábado,Fito Paez,D.L.G.,5066,2026-03-21 11:57:00
Indie Rock,6. Sábado,Usted Señalemelo,"Puedo Morir, Puedo Caer",223735,2026-03-21 12:16:00
Urbano Latino,6. Sábado,CA7RIEL & Paco Amoroso,Nada Nuevo,223,2026-03-21 15:01:00
Indie Pop,6. Sábado,MGMT,Time to Pretend,261000,2026-03-21 15:24:00
Indie Rock,6. Sábado,El Mató a un Policía Motorizado,Doctora Muerte,146467,2026-03-21 15:32:00
Indie Rock,6. Sábado,Mac DeMarco,Salad Days,145893,2026-03-21 15:39:00
Indie Pop,6. Sábado,The Magic Numbers,Forever Lost,257006,2026-03-21 15:48:00
Urbano Latino,6. Sábado,Dillom,Reiki y yoga,193701,2026-03-21 15:52:00
Indie Pop,6. Sábado,Astro,Colombo,225613,2026-03-21 16:02:00
Rock Argentino,6. Sábado,Babasonicos,La Izquierda de la Noche,220795,2026-03-21 16:05:00
Indie Pop,6. Sábado,Los Mundos Posibles,La Guerra del Japón,170326,2026-03-21 16:25:00
Indie Rock,6. Sábado,Usted Señalemelo,Laser 420,260133,2026-03-21 16:30:00
Indie Pop,6. Sábado,LOUTA,AYER TE VI (feat. Zoe Gotusso),209133,2026-03-21 16:38:00
Indie Rock,6. Sábado,Mora y los Metegoles,Todo Lo Que,194087,2026-03-21 16:44:00
Indie Rock,6. Sábado,Mac DeMarco,Moonlight on the River,422613,2026-03-21 16:51:00
Indie Rock,6. Sábado,boygenius,$20,200093,2026-03-21 16:58:00
Indie Pop,6. Sábado,Axel Fiks,Ojitos de Md,137053,2026-03-21 17:00:00
Indie Pop,6. Sábado,Luca Bocci,Paraíso Corazón,360533,2026-03-21 17:11:00
Indie Rock,6. Sábado,Sticky Fingers,Feast Your Eyes,153637,2026-03-21 17:23:00
Urbano Latino,6. Sábado,Bad Bunny,VOY A LLeVARTE PA PR,156365,2026-03-21 17:26:00
Indie Folk,6. Sábado,Phoebe Bridgers,Motion Sickness,229760,2026-03-21 17:36:00
Indie Pop,6. Sábado,Le Mans,Un Rayo De Sol,195787,2026-03-21 17:47:00
Indie Rock,6. Sábado,Suarez,Un Rayo de Sol,294307,2026-03-21 17:52:00
Rock Argentino,6. Sábado,Las Pelotas,Cuándo Podrás Amar,191800,2026-03-21 22:08:00
Indie Folk,6. Sábado,Juana Aguirre,lo_divino,201920,2026-03-21 22:23:00
Rock Argentino,6. Sábado,Serú Girán,A Los Jóvenes De Ayer - Remastered 2012,569453,2026-03-21 22:35:00
Indie Folk,6. Sábado,Juana Aguirre,Configuraciones Onduladas,130471,2026-03-21 22:44:00
Indie Pop,6. Sábado,Lucas Martí,La Memoria de un Beso,182812,2026-03-21 23:01:00
Indie Folk,6. Sábado,San Pedro Bonfim,Débil como una piedra,139896,2026-03-21 23:03:00
Indie Pop,6. Sábado,Astro,Maestro Distorsión,234987,2026-03-21 23:07:00
Indie Pop,6. Sábado,Astro,Colombo,205428,2026-03-21 23:10:00
Urbano Latino,6. Sábado,CA7RIEL & Paco Amoroso,RE FORRO,8902,2026-03-21 23:15:00
Indie Pop,6. Sábado,Lykke Li,I Follow Rivers - The Magician Remix,279636,2026-03-21 23:29:00
Indie Pop,6. Sábado,Srta. Trueno Negro,La Cura,192821,2026-03-21 23:36:00
Indie Pop,6. Sábado,Srta. Trueno Negro,Si Supiese Escribir,170027,2026-03-21 23:39:00
Indie Pop,6. Sábado,Srta. Trueno Negro,Fusilada,191787,2026-03-21 23:43:00
Indie Rock,7. Domingo,El Mató a un Policía Motorizado,Terrorismo en la Copa del Mundo,242880,2026-03-22 00:07:00
Indie Rock,7. Domingo,El Mató a un Policía Motorizado,Doctora Muerte,146467,2026-03-22 00:09:00
Rock Argentino,7. Domingo,Las Pelotas,Capitán América,188000,2026-03-22 00:17:00
Indie Rock,7. Domingo,El Mató a un Policía Motorizado,Chica de Oro,233587,2026-03-22 00:21:00
Rock Argentino,7. Domingo,Las Pelotas,Cuándo Podrás Amar,191800,2026-03-22 00:39:00
Rock Argentino,7. Domingo,Las Pelotas,Cuándo Podrás Amar,191643,2026-03-22 00:46:00
Rock Argentino,7. Domingo,Las Pelotas,Cuándo Podrás Amar,58050,2026-03-22 00:49:00
Urbano Latino,7. Domingo,CA7RIEL & Paco Amoroso,Himno del Mediocre,775,2026-03-22 11:37:00
Urbano Latino,7. Domingo,CA7RIEL & Paco Amoroso,Himno del Mediocre,1072,2026-03-22 11:37:00
Urbano Latino,7. Domingo,CA7RIEL & Paco Amoroso,Himno del Mediocre,0,2026-03-22 11:37:00
Indie Rock,7. Domingo,Sticky Fingers,Feast Your Eyes,1641,2026-03-22 11:47:00
Urbano Latino,7. Domingo,Bad Bunny,VOY A LLeVARTE PA PR,1434,2026-03-22 11:47:00
Indie Folk,7. Domingo,Phoebe Bridgers,Motion Sickness,229760,2026-03-22 11:51:00
Indie Pop,7. Domingo,Srta. Trueno Negro,La Cura,192821,2026-03-22 11:59:00
Indie Pop,7. Domingo,Srta. Trueno Negro,Si Supiese Escribir,170027,2026-03-22 12:02:00
Indie Pop,7. Domingo,Srta. Trueno Negro,Fusilada,66987,2026-03-22 12:03:00
Indie Rock,7. Domingo,Viva Elastico,Yo Te Quiero Más,155688,2026-03-22 12:26:00
Urbano Latino,7. Domingo,CA7RIEL & Paco Amoroso,Nada Nuevo,878,2026-03-22 18:56:00
Urbano Latino,7. Domingo,CA7RIEL & Paco Amoroso,Himno del Mediocre,0,2026-03-22 18:56:00
Rock Argentino,7. Domingo,Soda Stereo,Pasos - MTV Unplugged,2276,2026-03-22 19:01:00
Indie Rock,7. Domingo,Fonso,Salir del Confort,6446,2026-03-22 19:01:00
Rock Argentino,7. Domingo,Serú Girán,Salir De La Melancolía,125733,2026-03-22 19:01:00
Rock Argentino,7. Domingo,Charly García,Bancate Ese Defecto,236975,2026-03-22 19:15:00
Rock Argentino,7. Domingo,Charly García,Bancate Ese Defecto,58085,2026-03-22 19:43:00
Indie Rock,7. Domingo,El Mató a un Policía Motorizado,Mi Próximo Movimiento,267760,2026-03-22 19:48:00
Rock Argentino,7. Domingo,Charly García,Parte de la Religión,162955,2026-03-22 20:12:00
Rock Argentino,7. Domingo,Charly García,Parte de la Religión,23663,2026-03-22 20:33:00
Urbano Latino,1. Lunes,CA7RIEL & Paco Amoroso,Nada Nuevo,0,2026-03-23 13:37:00
Indie Pop,2. Martes,Isla de Caras,Idiota,1278,2026-03-24 11:10:00
Urbano Latino,2. Martes,CA7RIEL & Paco Amoroso,Nada Nuevo,0,2026-03-24 18:13:00
Urbano Latino,2. Martes,CA7RIEL & Paco Amoroso,No Me Sirve Más,0,2026-03-24 21:52:00
Indie Rock,2. Martes,Suarez,Un Rayo de Sol,155,2026-03-24 22:35:00
Indie Folk,2. Martes,Phoebe Bridgers,Motion Sickness,122169,2026-03-24 22:58:00
Rock Argentino,3. Miércoles,Palo Pandolfo,Tu Amor,559,2026-03-25 11:23:00
Indie Folk,4. Jueves,Lola Parda,Alturas Confusas,37,2026-03-26 11:20:00
Urbano Latino,4. Jueves,CA7RIEL & Paco Amoroso,No Me Sirve Más,0,2026-03-26 22:27:00
Indie Rock,4. Jueves,Marina Fages,Tregua,208752,2026-03-26 22:31:00
Indie Rock,4. Jueves,Marina Fages,Gracias a Vos,126700,2026-03-26 22:36:00
Rock Argentino,5. Viernes,Charly García,Reloj de Plastilina,17854,2026-03-27 15:09:00
Rock Argentino,6. Sábado,Charly García,Canción De Dos Por Tres,3915,2026-03-28 11:10:00
Indie Rock,6. Sábado,Las Ligas Menores,Crecer,32267,2026-03-28 11:56:00
Rock Argentino,6. Sábado,Charly García,Reloj de Plastilina,281933,2026-03-28 12:00:00
Indie Pop,6. Sábado,Astro,Maestro Distorsión,47527,2026-03-28 12:01:00
Rock Argentino,6. Sábado,Fito Paez,Solo La La La,1499,2026-03-28 12:19:00
Indie Pop,6. Sábado,Ainda,ROMPECABEZAS,1347,2026-03-28 12:19:00
Indie Pop,6. Sábado,FLORIAN,TKM,958,2026-03-28 12:19:00
Indie Pop,6. Sábado,doppel gangs,tesORO,133335,2026-03-28 12:25:00
Indie Pop,6. Sábado,doppel gangs,tesORO,14565,2026-03-28 12:26:00
Indie Pop,6. Sábado,Lucas Martí,La Memoria de un Beso,31797,2026-03-28 12:32:00
Rock Argentino,6. Sábado,Las Pelotas,Cuándo Podrás Amar,191800,2026-03-28 12:35:00
Rock Argentino,6. Sábado,Fito Paez,D.L.G.,273467,2026-03-28 12:40:00
Rock Argentino,6. Sábado,Patricio Rey y sus Redonditos de Ricota,Rock para el Negro Atila,240107,2026-03-28 12:44:00
Indie Pop,6. Sábado,Axel Fiks,Fellinesca,55468,2026-03-28 12:45:00
Rock Argentino,6. Sábado,Patricio Rey y sus Redonditos de Ricota,Queso Ruso,10712,2026-03-28 12:46:00
Rock Argentino,6. Sábado,Patricio Rey y sus Redonditos de Ricota,Preso en Mi Ciudad,10056,2026-03-28 12:46:00
Rock Argentino,6. Sábado,Patricio Rey y sus Redonditos de Ricota,Semen-Up,320772,2026-03-28 12:51:00
Rock Argentino,6. Sábado,Patricio Rey y sus Redonditos de Ricota,Divina TV. Führer,180497,2026-03-28 12:54:00
Rock Argentino,6. Sábado,Patricio Rey y sus Redonditos de Ricota,Motor Psico,153413,2026-03-28 13:07:00
Rock Argentino,6. Sábado,Cuentos Borgeanos,Eternidad,21110,2026-03-28 15:52:00
Rock Argentino,6. Sábado,Charly García,Reloj de Plastilina,281933,2026-03-28 15:52:00
Rock Argentino,6. Sábado,Los Piojos,Sudestada,241747,2026-03-28 16:10:00
Indie Rock,6. Sábado,Usted Señalemelo,Laser 420,36394,2026-03-28 16:17:00
Rock Argentino,6. Sábado,Charly García,Reloj de Plastilina,281933,2026-03-28 21:35:00
Rock Argentino,6. Sábado,Miguel Abuelo,Verili,30565,2026-03-28 21:39:00
Indie Pop,6. Sábado,Los Besos,La Cascada de Tu Pelo Enredado,196600,2026-03-28 21:39:00
Urbano Latino,6. Sábado,Bad Bunny,Neverita,173119,2026-03-28 21:53:00
Urbano Latino,6. Sábado,Dillom,Ciudad de la Paz,4732,2026-03-28 21:57:00
Rock Argentino,6. Sábado,Serú Girán,Perro Andaluz - 2019 Remasterizado,296648,2026-03-28 22:04:00
Urbano Latino,6. Sábado,Bad Bunny,BAILE INoLVIDABLE,367725,2026-03-28 22:13:00
Indie Pop,6. Sábado,Amor Elefante,Disimulando,85360,2026-03-28 22:18:00
Indie Folk,6. Sábado,Juana Aguirre,lo_divino,3111,2026-03-28 22:46:00
Indie Pop,6. Sábado,Núria Graham,Fire Mountain Oh Sacred Ancient Fountain,6329,2026-03-28 22:51:00
Rock Argentino,6. Sábado,Charly García,Bancate Ese Defecto,294987,2026-03-28 22:51:00
Rock Argentino,6. Sábado,Serú Girán,Desarma Y Sangra,2492,2026-03-28 22:52:00
Indie Folk,6. Sábado,Perro Segovia,Awita de Coco,4872,2026-03-28 22:52:00
Indie Rock,6. Sábado,Valle de Muñecas,Gotas en la Frente,244387,2026-03-28 22:56:00
Indie Pop,6. Sábado,Ainda,Maremagnum,5142,2026-03-28 22:56:00
Indie Pop,6. Sábado,Lykke Li,I Follow Rivers - The Magician Remix,228640,2026-03-28 23:10:00
Indie Pop,7. Domingo,Lykke Li,I Follow Rivers - The Magician Remix,6745,2026-03-29 01:22:00
Indie Pop,7. Domingo,Jósean Log,Chachachá,215986,2026-03-29 01:37:00
Rock Argentino,7. Domingo,Babasonicos,Irresponsables,156198,2026-03-29 01:40:00
Rock Argentino,7. Domingo,Gustavo Cerati,Adiós,233747,2026-03-29 01:58:00
Rock Argentino,7. Domingo,Babasonicos,Como Eran Las Cosas,240520,2026-03-29 02:06:00
Indie Pop,7. Domingo,Jósean Log,Beso,211022,2026-03-29 02:19:00
Indie Rock,7. Domingo,The Killers,Human,245373,2026-03-29 02:41:00
Indie Rock,7. Domingo,The Killers,Mr. Brightside,222973,2026-03-29 02:45:00
Indie Pop,7. Domingo,MGMT,Time to Pretend,261000,2026-03-29 02:57:00
Indie Rock,7. Domingo,The Killers,Read My Mind,151753,2026-03-29 03:03:00
Rock Argentino,7. Domingo,Divididos,El 38,148742,2026-03-29 03:12:00
Rock Argentino,7. Domingo,Divididos,Sábado,256440,2026-03-29 03:16:00
Rock Argentino,7. Domingo,Patricio Rey y sus Redonditos de Ricota,Todo un Palo,440560,2026-03-29 03:28:00
Rock Argentino,7. Domingo,Las Pelotas,Capitán América,188000,2026-03-29 03:31:00
Rock Argentino,7. Domingo,Los Piojos,Luz de Marfil,324787,2026-03-29 03:37:00
Rock Argentino,7. Domingo,Divididos,Dame Un Limón,236947,2026-03-29 03:41:00
Rock Argentino,7. Domingo,Babasonicos,Los Calientes,277011,2026-03-29 03:45:00
Rock Argentino,7. Domingo,Patricio Rey y sus Redonditos de Ricota,Caña Seca y un Membrillo,268227,2026-03-29 03:53:00
Rock Argentino,7. Domingo,Las Pelotas,Personalmente,250358,2026-03-29 03:57:00
Rock Argentino,7. Domingo,Divididos,Cielito Lindo,135679,2026-03-29 03:59:00
Rock Argentino,7. Domingo,La Renga,Voy A Bailar A La Nave Del Olvido - Live,248897,2026-03-29 04:03:00
Indie Pop,7. Domingo,Jósean Log,Doma,188612,2026-03-29 04:29:00
Urbano Latino,7. Domingo,Bad Bunny,TURiSTA,172514,2026-03-29 04:57:00
Urbano Latino,7. Domingo,CA7RIEL & Paco Amoroso,Himno del Mediocre,3020,2026-03-29 16:14:00
Rock Argentino,7. Domingo,Los Piojos,Bicho de Ciudad,320760,2026-03-29 20:01:00
Rock Argentino,7. Domingo,Patricio Rey y sus Redonditos de Ricota,Vencedores Vencidos,208400,2026-03-29 20:04:00
Rock Argentino,7. Domingo,Divididos,Guanuqueando - En Vivo,7384,2026-03-29 20:34:00
Rock Argentino,7. Domingo,Charly García,Reloj de Plastilina,7774,2026-03-29 20:35:00
Indie Rock,7. Domingo,Santiago Motorizado,No Recuerdo Nada,205000,2026-03-29 21:19:00
Indie Rock,7. Domingo,Suarez,Un Rayo de Sol,49390,2026-03-29 21:25:00
Indie Pop,7. Domingo,Lesbiandrama,Trago Sin Terminar,8553,2026-03-29 21:29:00
Indie Rock,7. Domingo,Las Ligas Menores,Todo Lo Que Pienso Hoy,8266,2026-03-29 21:40:00
Rock Argentino,7. Domingo,Patricio Rey y sus Redonditos de Ricota,Juguetes Perdidos,429400,2026-03-29 21:40:00
Urbano Latino,1. Lunes,CA7RIEL & Paco Amoroso,Himno del Mediocre,0,2026-03-30 00:22:00
Rock Argentino,1. Lunes,Fito Paez,Un vestido y un amor,16680,2026-03-30 00:47:00
Urbano Latino,1. Lunes,CA7RIEL & Paco Amoroso,Himno del Mediocre,410,2026-03-30 00:49:00
Indie Folk,1. Lunes,Feli Colina,El Valle Encantado,39886,2026-03-30 00:51:00
Indie Folk,1. Lunes,Julian Mourin,Manos en el Aire,10343,2026-03-30 11:26:00
Indie Folk,1. Lunes,Julian Mourin,Manos en el Aire,157794,2026-03-30 19:14:00
Indie Rock,2. Martes,Santiago Motorizado,Muchacha de los Ojos Negros,62287,2026-03-31 23:15:00
Indie Rock,4. Jueves,Arcade Fire,Unconditional I (Lookout Kid),13888,2026-04-02 12:26:00
Rock Argentino,4. Jueves,Charly García,Reloj de Plastilina,281933,2026-04-02 12:26:00
Indie Rock,4. Jueves,boygenius,$20,5865,2026-04-02 12:27:00
Rock Argentino,4. Jueves,Pescado Rabioso,Credulidad,6279,2026-04-02 12:27:00
Indie Pop,4. Jueves,Zenon Pereyra,Bossanova,4346,2026-04-02 14:16:00
Indie Pop,4. Jueves,Los Besos,La Cascada de Tu Pelo Enredado,2556,2026-04-02 14:16:00
Indie Pop,4. Jueves,Juan Mango,Portal,7207,2026-04-02 14:16:00
Rock Argentino,4. Jueves,Divididos,Amapola del 66,304080,2026-04-02 14:41:00
Rock Argentino,4. Jueves,Divididos,Amapola del 66,66187,2026-04-02 15:18:00
Urbano Latino,4. Jueves,CA7RIEL & Paco Amoroso,RE FORRO,185896,2026-04-02 15:21:00
Rock Argentino,4. Jueves,Divididos,Paisano De Hurlingham,8587,2026-04-02 15:43:00
Indie Pop,4. Jueves,The Smiths,Bigmouth Strikes Again - 2011 Remaster,5456,2026-04-02 21:31:00
Rock Argentino,4. Jueves,Divididos,Paisano De Hurlingham,230187,2026-04-02 21:31:00
Indie Pop,4. Jueves,Audrey,You'll Lose a Good Thing,9164,2026-04-02 21:32:00
Rock Argentino,4. Jueves,Babasonicos,Perfume Casino,260787,2026-04-02 21:36:00
Indie Folk,4. Jueves,José González,The Void,3122,2026-04-02 21:59:00
Indie Rock,4. Jueves,Mora y los Metegoles,Todo Lo Que,194087,2026-04-02 21:59:00
Indie Rock,4. Jueves,El Mató a un Policía Motorizado,Diamante Roto,181766,2026-04-02 22:08:00
Indie Rock,4. Jueves,Suarez,Pájaros,76967,2026-04-02 22:49:00
Indie Rock,6. Sábado,Usted Señalemelo,Nuevo Comienzo,366,2026-04-04 11:10:00
Rock Argentino,6. Sábado,Charly García,Reloj de Plastilina,1295,2026-04-04 11:29:00
Indie Rock,6. Sábado,Wach,5 cosas (with La Llorona y su Jardín de Dragones),176393,2026-04-04 11:29:00
Indie Rock,6. Sábado,Sticky Fingers,Feast Your Eyes,153637,2026-04-04 11:48:00
Urbano Latino,6. Sábado,Bad Bunny,VOY A LLeVARTE PA PR,91650,2026-04-04 11:53:00
Indie Rock,6. Sábado,Wach,5 cosas (with La Llorona y su Jardín de Dragones),176393,2026-04-04 11:59:00
Rock Argentino,6. Sábado,Gustavo Cerati,Paracaidas,209733,2026-04-04 14:51:00
Indie Pop,6. Sábado,Kim Bo,"Mia & Sebastian's Theme (From ""La La Land"") [Piano Version]",87312,2026-04-04 15:18:00
Rock Argentino,6. Sábado,Gustavo Cerati,La Costura De Dios,160307,2026-04-04 15:21:00
Indie Folk,6. Sábado,Felipe Villanueva,Vals Poetico,178933,2026-04-04 15:27:00
Indie Rock,6. Sábado,Wach,5 cosas (with La Llorona y su Jardín de Dragones),176393,2026-04-04 16:37:00
Rock Argentino,6. Sábado,Charly García,Reloj de Plastilina,281933,2026-04-04 16:56:00
Indie Rock,6. Sábado,Wach,5 cosas (with La Llorona y su Jardín de Dragones),176393,2026-04-04 21:13:00
Indie Rock,6. Sábado,Sticky Fingers,Feast Your Eyes,153637,2026-04-04 21:20:00
Urbano Latino,6. Sábado,Bad Bunny,VOY A LLeVARTE PA PR,15850,2026-04-04 21:21:00
Indie Folk,6. Sábado,Phoebe Bridgers,Motion Sickness,229760,2026-04-04 21:24:00
Indie Pop,6. Sábado,Le Mans,Un Rayo De Sol,2074,2026-04-04 21:31:00
Indie Rock,6. Sábado,Suarez,Un Rayo de Sol,294307,2026-04-04 21:38:00
Indie Rock,7. Domingo,Wach,5 cosas (with La Llorona y su Jardín de Dragones),176393,2026-04-05 05:49:00
Rock Argentino,7. Domingo,Charly García,Reloj de Plastilina,281933,2026-04-05 06:09:00
Rock Argentino,7. Domingo,Babasonicos,Madera Ideológica,3704,2026-04-05 11:10:00
Rock Argentino,7. Domingo,Charly García,Bancate Ese Defecto,65717,2026-04-05 12:01:00
Rock Argentino,7. Domingo,Charly García,Superhéroes,267653,2026-04-05 12:34:00
Indie Rock,7. Domingo,Santiago Motorizado,No Recuerdo Nada,205000,2026-04-05 12:38:00
Rock Argentino,7. Domingo,Babasonicos,Tajada,206430,2026-04-05 15:07:00
Rock Argentino,7. Domingo,Luis Alberto Spinetta,Halo Lunar,334227,2026-04-05 15:12:00
Rock Argentino,7. Domingo,Gustavo Cerati,Sulky,269040,2026-04-05 15:17:00
Indie Rock,7. Domingo,Usted Señalemelo,Laser 420,260133,2026-04-05 15:36:00
Indie Rock,7. Domingo,Sophia Chablau e Uma Enorme Perda de Tempo,As coisas que não te ensinam na faculdade de filosofia,200738,2026-04-05 15:53:00
Rock Argentino,7. Domingo,Babasonicos,Perfume Casino,260787,2026-04-05 15:58:00
Indie Folk,7. Domingo,Román Martino,Vecina,5812,2026-04-05 16:38:00
Rock Argentino,7. Domingo,Fito Paez,Solo La La La,6707,2026-04-05 16:38:00
Indie Rock,7. Domingo,Suarez,Porvenir,6618,2026-04-05 16:38:00
Indie Rock,7. Domingo,Mi Amigo Invencible,Olimpica,225424,2026-04-05 16:45:00
Urbano Latino,7. Domingo,Dillom,Cirugía,216837,2026-04-05 16:49:00
Indie Rock,7. Domingo,Usted Señalemelo,Nuevo Comienzo,13239,2026-04-05 18:35:00
Rock Argentino,7. Domingo,Charly García,Fantasy,28384,2026-04-05 19:06:00
Rock Argentino,7. Domingo,Pescado Rabioso,Credulidad,28730,2026-04-05 19:10:00
Indie Rock,7. Domingo,Mac DeMarco,Blue Boy,126224,2026-04-05 19:12:00
Indie Rock,7. Domingo,Valle de Muñecas,Gotas en la Frente,1489,2026-04-05 19:19:00
Indie Rock,7. Domingo,Valle de Muñecas,Gotas en la Frente,1671,2026-04-05 19:19:00
Indie Rock,7. Domingo,Wach,5 cosas (with La Llorona y su Jardín de Dragones),176393,2026-04-05 19:19:00
Indie Pop,7. Domingo,Los Besos,El Dron,140650,2026-04-05 19:22:00
Rock Argentino,7. Domingo,Los Piojos,Murguita,212040,2026-04-05 19:25:00
Rock Argentino,7. Domingo,Los Piojos,Murguita,1891,2026-04-05 19:30:00
Indie Folk,7. Domingo,José González,El Invento - Sofia Kourtesis Remix,264187,2026-04-05 19:30:00
Indie Folk,7. Domingo,José González,El Invento - Sofia Kourtesis Remix,8989,2026-04-05 19:30:00
Indie Pop,7. Domingo,Los Besos,El Dron,14829,2026-04-05 19:31:00
Rock Argentino,7. Domingo,Fito Paez,Tres Agujas,2034,2026-04-05 19:31:00
Rock Argentino,7. Domingo,Los Piojos,Murguita,2471,2026-04-05 19:31:00
Indie Folk,7. Domingo,José González,El Invento - Sofia Kourtesis Remix,1043,2026-04-05 19:31:00
Indie Rock,7. Domingo,Arctic Monkeys,Leave Before The Lights Come On,233947,2026-04-05 19:35:00
Rock Argentino,7. Domingo,Charly García,No Se Va A Llamar Mi Amor,130320,2026-04-05 19:40:00
Urbano Latino,2. Martes,CA7RIEL & Paco Amoroso,Himno del Mediocre,28991,2026-04-07 19:51:00
Urbano Latino,2. Martes,CA7RIEL & Paco Amoroso,Himno del Mediocre,9,2026-04-07 22:43:00
Urbano Latino,2. Martes,CA7RIEL & Paco Amoroso,Himno del Mediocre,1767,2026-04-07 22:43:00
Indie Pop,2. Martes,doppel gangs,ECLIPSE,15044,2026-04-07 22:46:00
Indie Pop,2. Martes,doppel gangs,tesORO,133335,2026-04-07 22:46:00
Rock Argentino,2. Martes,Luis Alberto Spinetta,Viento del Azur,288093,2026-04-07 22:54:00
Indie Rock,2. Martes,Arcade Fire,Haiti,31803,2026-04-07 22:54:00
Indie Folk,2. Martes,Feli Colina,Ancora,96,2026-04-07 22:55:00
Indie Folk,2. Martes,Feli Colina,Ancora,46850,2026-04-07 22:56:00
Indie Rock,2. Martes,Arcade Fire,WE,1961,2026-04-07 22:56:00
Indie Rock,2. Martes,Mi Amigo Invencible,LA ARAÑA,31448,2026-04-07 22:58:00
Urbano Latino,2. Martes,CA7RIEL & Paco Amoroso,Himno del Mediocre,115,2026-04-07 22:58:00
Indie Rock,2. Martes,Mi Amigo Invencible,LA ARAÑA,208962,2026-04-07 23:06:00
Indie Rock,3. Miércoles,Suarez,Excursiones,51,2026-04-08 11:33:00
Rock Argentino,4. Jueves,Pescado Rabioso,Dulce 3 Nocturno,304827,2026-04-09 22:45:00
Rock Argentino,4. Jueves,Babasonicos,Deshoras - Version For USA,213907,2026-04-09 22:51:00
Indie Folk,4. Jueves,Juana Aguirre,lo_divino,201920,2026-04-09 22:55:00
Indie Pop,4. Jueves,Le Mans,Un Rayo De Sol,195787,2026-04-09 23:10:00
Rock Argentino,4. Jueves,Charly García,Adela en el Carrousell,315560,2026-04-09 23:20:00
Rock Argentino,4. Jueves,Babasonicos,Un Flash,147693,2026-04-09 23:32:00
Rock Argentino,4. Jueves,Charly García,La Gente Es la Misma,228240,2026-04-09 23:40:00
Indie Rock,4. Jueves,Arcade Fire,Age of Anxiety II (Rabbit Hole),401253,2026-04-09 23:47:00
Indie Rock,4. Jueves,Sophia Chablau e Uma Enorme Perda de Tempo,As coisas que não te ensinam na faculdade de filosofia,200738,2026-04-09 23:54:00
Indie Pop,4. Jueves,The Magic Numbers,Forever Lost,257006,2026-04-09 23:58:00
Rock Argentino,5. Viernes,Patricio Rey y sus Redonditos de Ricota,Nuestro Amo Juega al Esclavo,239907,2026-04-10 00:02:00
Indie Folk,5. Viernes,José González,Horizons,196893,2026-04-10 00:19:00
Rock Argentino,5. Viernes,Charly García,Transatlántico Art Deco,210067,2026-04-10 00:22:00
Rock Argentino,5. Viernes,Serú Girán,San Francisco y el Lobo - 2019 Remasterizado,140604,2026-04-10 00:25:00
Indie Pop,5. Viernes,Axel Fiks,Mili,180427,2026-04-10 00:28:00
Indie Pop,5. Viernes,Los Besos,Soy tu ventana,145090,2026-04-10 00:30:00
Indie Rock,5. Viernes,Arcade Fire,Sprawl II (Mountains Beyond Mountains),325547,2026-04-10 00:43:00
Rock Argentino,5. Viernes,Fito Paez,D.L.G.,273467,2026-04-10 00:51:00
Rock Argentino,5. Viernes,Babasonicos,Trinchera,200624,2026-04-10 01:02:00
Rock Argentino,5. Viernes,Sui Generis,El Tuerto y los Ciegos,124427,2026-04-10 01:04:00
Rock Argentino,5. Viernes,Fito Paez,Yo Vengo A Ofrecer Mi Corazon,214840,2026-04-10 01:08:00
Rock Argentino,5. Viernes,Luis Alberto Spinetta,Viento del Azur,288093,2026-04-10 01:13:00
Indie Pop,5. Viernes,Ainda,KILÓMETROS,212230,2026-04-10 01:23:00
Indie Folk,5. Viernes,Karina Vismara,Sola por la Ciudad,280000,2026-04-10 01:48:00
Urbano Latino,5. Viernes,Bad Bunny,Otro Atardecer,244444,2026-04-10 01:57:00
Indie Rock,5. Viernes,Wach,5 cosas (with La Llorona y su Jardín de Dragones),176393,2026-04-10 02:10:00
Rock Argentino,5. Viernes,Charly García,Vos También Estabas Verde,188507,2026-04-10 02:13:00
Indie Pop,5. Viernes,Lucas Martí,El murgón,178561,2026-04-10 02:23:00
Indie Rock,5. Viernes,The Strokes,Threat of Joy,264725,2026-04-10 02:36:00
Indie Rock,5. Viernes,Usted Señalemelo,la vivida noche,186336,2026-04-10 02:42:00
Rock Argentino,5. Viernes,Babasonicos,Las Demás,160747,2026-04-10 02:57:00
Indie Rock,5. Viernes,Mac DeMarco,Chamber Of Reflection,231724,2026-04-10 03:01:00
Rock Argentino,5. Viernes,Palo Pandolfo,Tu Amor,230625,2026-04-10 03:09:00
Rock Argentino,5. Viernes,Divididos,Paisano De Hurlingham,238733,2026-04-10 03:13:00
Rock Argentino,5. Viernes,Charly García,Alguien en el Mundo Piensa en Mí,267240,2026-04-10 03:40:00
Rock Argentino,5. Viernes,Sui Generis,Botas Locas,294733,2026-04-10 03:58:00
Indie Pop,5. Viernes,Ainda,ROMPECABEZAS,129727,2026-04-10 04:08:00
Indie Pop,5. Viernes,Los Besos,El Dron,140650,2026-04-10 04:16:00
Rock Argentino,5. Viernes,Marilina Bertoldi,Cosa Mía,60004,2026-04-10 10:24:00
Indie Rock,6. Sábado,Valle de Muñecas,Gotas en la Frente,244387,2026-04-11 11:57:00
Rock Argentino,6. Sábado,Charly García,Cuchillos,269067,2026-04-11 12:02:00
Rock Argentino,6. Sábado,Las Pelotas,Cuándo Podrás Amar,191800,2026-04-11 12:05:00
Rock Argentino,6. Sábado,Serú Girán,¿Cuánto Tiempo Más Llevará? - Remastered 2012,235667,2026-04-11 12:09:00
Rock Argentino,6. Sábado,Charly García,Zocacola,167067,2026-04-11 12:12:00
Indie Pop,6. Sábado,Axel Fiks,Ojitos de Md,1275,2026-04-11 12:13:00
Indie Rock,6. Sábado,Las Ligas Menores,La Paciencia,50521,2026-04-11 12:13:00
Indie Rock,6. Sábado,Rosario Bléfari,Viento Helado,1484,2026-04-11 12:13:00
Rock Argentino,6. Sábado,Los Piojos,Ando Ganas (Llora Llora),4314,2026-04-11 12:13:00
Indie Folk,6. Sábado,Julian Mourin,Manos en el Aire,168096,2026-04-11 12:19:00
Urbano Latino,6. Sábado,Dillom,Ciudad de la Paz,37272,2026-04-11 12:20:00
Rock Argentino,6. Sábado,Charly García,Alguien en el Mundo Piensa en Mí,267240,2026-04-11 12:32:00
Indie Rock,6. Sábado,Ya Cualquier Cosa,Querido Nonis,203359,2026-04-11 12:40:00
Urbano Latino,6. Sábado,Trueno,LO TENGO,800,2026-04-11 13:00:00
Urbano Latino,6. Sábado,Trueno,LO TENGO,10350,2026-04-11 13:21:00
Rock Argentino,6. Sábado,La Renga,Blues De Bolivia - Live,219616,2026-04-11 14:59:00
Indie Rock,6. Sábado,Mi Amigo Invencible,LA ARAÑA,2213,2026-04-11 14:59:00
Rock Argentino,6. Sábado,Fito Paez,Ambar Violeta,36600,2026-04-11 15:03:00
Indie Pop,6. Sábado,Céline Dessberg,l'histoire de ta vie,40961,2026-04-11 16:37:00
Rock Argentino,6. Sábado,Pescado Rabioso,Como el Viento Voy a Ver,311560,2026-04-11 17:57:00
Indie Rock,6. Sábado,Usted Señalemelo,Mañana,205366,2026-04-11 18:01:00
Rock Argentino,6. Sábado,La Renga,Triste Canción De Amor,12843,2026-04-11 18:08:00
Rock Argentino,6. Sábado,Patricio Rey y sus Redonditos de Ricota,Juguetes Perdidos,429400,2026-04-11 18:08:00
Indie Rock,6. Sábado,El Mató a un Policía Motorizado,Terrorismo en la Copa del Mundo,242880,2026-04-11 18:12:00
Rock Argentino,6. Sábado,Luis Alberto Spinetta,Viento del Azur,288093,2026-04-11 18:21:00
Rock Argentino,6. Sábado,Bersuit Vergarabat,Toco Y Me Voy,33304,2026-04-11 18:21:00
Indie Rock,6. Sábado,El Mató a un Policía Motorizado,Escupíme,181920,2026-04-11 18:24:00
Indie Rock,6. Sábado,El Mató a un Policía Motorizado,Amigo Piedra,254013,2026-04-11 18:28:00
Indie Rock,6. Sábado,Santiago Motorizado,Jazmín Chino,160225,2026-04-11 18:31:00
Indie Rock,6. Sábado,El Mató a un Policía Motorizado,Escupíme,800,2026-04-11 18:35:00
Rock Argentino,6. Sábado,Divididos,Agua En Buenos Aires,3967,2026-04-11 18:40:00
Indie Rock,6. Sábado,Wach,5 cosas (with La Llorona y su Jardín de Dragones),176393,2026-04-11 18:43:00
Indie Pop,6. Sábado,Isla de Caras,Idiota,208240,2026-04-11 18:46:00
Rock Argentino,6. Sábado,Serú Girán,San Francisco y el Lobo - 2019 Remasterizado,48515,2026-04-11 18:47:00
Indie Rock,6. Sábado,El Mató a un Policía Motorizado,Mi Próximo Movimiento,1149,2026-04-11 18:49:00
Indie Folk,6. Sábado,Juana Aguirre,Configuraciones Onduladas,130471,2026-04-11 18:49:00
Indie Folk,6. Sábado,Juana Aguirre,lo_divino,201920,2026-04-11 18:52:00
Indie Folk,6. Sábado,Juana Aguirre,TORMENTA,129500,2026-04-11 18:58:00
Indie Folk,6. Sábado,Juana Aguirre,El Gigante,145653,2026-04-11 19:00:00
Indie Folk,6. Sábado,Juana Aguirre,Fuego,217656,2026-04-11 19:04:00
Indie Folk,6. Sábado,Juana Aguirre,la noche,252438,2026-04-11 19:08:00
Indie Folk,6. Sábado,Juana Aguirre,Tu Contorno,195350,2026-04-11 19:12:00
Indie Folk,6. Sábado,Juana Aguirre,Configuraciones Onduladas,130471,2026-04-11 19:14:00
Indie Folk,6. Sábado,Juana Aguirre,las espinas,131393,2026-04-11 19:16:00
Indie Folk,6. Sábado,Juana Aguirre,las ramas,181028,2026-04-11 19:19:00
Indie Folk,6. Sábado,Juana Aguirre,tormenta_2.5.22_casa_bsas,107252,2026-04-11 19:21:00
Indie Folk,6. Sábado,Lola Parda,Sueño enorme,161254,2026-04-11 19:23:00
Indie Folk,6. Sábado,Juana Aguirre,volvieron_3.7.25_deseo_bsas,198500,2026-04-11 19:27:00
Indie Folk,6. Sábado,Juana Aguirre,lodivino_21.12.24_m100_santiagodechile,269708,2026-04-11 19:36:00
Indie Folk,6. Sábado,Juana Aguirre,los ausentes,179636,2026-04-11 19:39:00
Indie Folk,6. Sábado,Juana Aguirre,losausentes_21.12.24_m100_santiagodechile,289311,2026-04-11 19:43:00
Indie Folk,6. Sábado,Pol Nada,Despierto,226435,2026-04-11 19:47:00
Indie Folk,6. Sábado,Juana Aguirre,Ven a Visitarme,139678,2026-04-11 19:50:00
Indie Folk,6. Sábado,Juana Aguirre,lasramas_3.7.25_deseo_bsas,211125,2026-04-11 19:53:00
Indie Folk,6. Sábado,Juana Aguirre,El Muro,193954,2026-04-11 19:56:00
Indie Folk,6. Sábado,Juana Aguirre,VOLVIERON,168773,2026-04-11 19:59:00
Indie Folk,6. Sábado,Juana Aguirre,Violeta,161248,2026-04-11 20:02:00
Indie Folk,6. Sábado,Juana Aguirre,lasmañanas_3.7.25_deseo_bsas,301928,2026-04-11 20:07:00
Indie Folk,6. Sábado,Juana Aguirre,fuego_19.08.22_teatroxirgu_bsas,72433,2026-04-11 20:08:00
Indie Folk,6. Sábado,Juana Aguirre,VOLVIERON,168773,2026-04-11 20:11:00
Indie Folk,6. Sábado,Lola Parda,Fuegos y volcanes,85167,2026-04-11 20:12:00
Rock Argentino,6. Sábado,Charly García,Ojos De Video Tape,215493,2026-04-11 20:24:00
Rock Argentino,6. Sábado,Luis Alberto Spinetta,Barro Tal Vez,197747,2026-04-11 20:31:00
Indie Rock,6. Sábado,Santiago Motorizado,Pienso En Vos,254175,2026-04-11 20:35:00
Rock Argentino,7. Domingo,Fito Paez,Lo que el viento nunca se llevó,4805,2026-04-12 11:10:00
Indie Folk,7. Domingo,Juana Aguirre,VOLVIERON,200396,2026-04-12 11:48:00
Indie Folk,7. Domingo,San Pedro Bonfim,Débil como una piedra,21153,2026-04-12 11:52:00
Indie Rock,7. Domingo,El Mató a un Policía Motorizado,Escupíme,181920,2026-04-12 11:55:00
Indie Rock,7. Domingo,Wach,5 cosas (with La Llorona y su Jardín de Dragones),1143,2026-04-12 12:04:00
Indie Rock,7. Domingo,Wach,5 cosas (with La Llorona y su Jardín de Dragones),176393,2026-04-12 12:10:00
Indie Folk,7. Domingo,Phoebe Bridgers,Motion Sickness,229760,2026-04-12 12:23:00
Indie Folk,7. Domingo,Juana Aguirre,VOLVIERON,168773,2026-04-12 14:58:00
Indie Rock,7. Domingo,El Mató a un Policía Motorizado,Escupíme,181920,2026-04-12 15:01:00
Indie Rock,7. Domingo,Wach,5 cosas (with La Llorona y su Jardín de Dragones),176393,2026-04-12 15:26:00
Rock Argentino,7. Domingo,Charly García,Reloj de Plastilina,281933,2026-04-12 15:46:00
Rock Argentino,7. Domingo,Charly García,Reloj de Plastilina,2910,2026-04-12 16:02:00
Rock Argentino,7. Domingo,Charly García,Reloj de Plastilina,281933,2026-04-12 16:11:00
Indie Folk,7. Domingo,Phoebe Bridgers,Motion Sickness,3764,2026-04-12 18:22:00
Indie Rock,7. Domingo,Sticky Fingers,Feast Your Eyes,3010,2026-04-12 18:22:00
Urbano Latino,7. Domingo,Bad Bunny,VOY A LLeVARTE PA PR,2279,2026-04-12 18:22:00
Indie Pop,7. Domingo,Le Mans,Un Rayo De Sol,2706,2026-04-12 18:23:00
Indie Rock,7. Domingo,Suarez,Un Rayo de Sol,294307,2026-04-12 18:27:00
Indie Rock,7. Domingo,El Mató a un Policía Motorizado,Escupíme,181920,2026-04-12 20:35:00
Rock Argentino,7. Domingo,Charly García,Reloj de Plastilina,1704,2026-04-12 20:43:00
Indie Rock,7. Domingo,Wach,5 cosas (with La Llorona y su Jardín de Dragones),9394,2026-04-12 20:43:00
Indie Pop,7. Domingo,Lykke Li,I Follow Rivers - The Magician Remix,149036,2026-04-12 21:39:00
Rock Argentino,1. Lunes,Patricio Rey y sus Redonditos de Ricota,Tarea Fina,247,2026-04-13 11:10:00
Indie Folk,2. Martes,Juana Aguirre,VOLVIERON,168773,2026-04-14 09:53:00
Indie Rock,2. Martes,El Mató a un Policía Motorizado,Escupíme,181920,2026-04-14 10:00:00
Indie Folk,2. Martes,José González,Horizons,67700,2026-04-14 10:01:00
Urbano Latino,2. Martes,CA7RIEL & Paco Amoroso,Himno del Mediocre,2289,2026-04-14 23:13:00
Indie Rock,2. Martes,El Mató a un Policía Motorizado,Escupíme,181920,2026-04-14 23:16:00
Indie Rock,3. Miércoles,Arcade Fire,Neighborhood #1 (Tunnels),160,2026-04-15 11:24:00
Urbano Latino,3. Miércoles,CA7RIEL & Paco Amoroso,Himno del Mediocre,0,2026-04-15 23:47:00
Rock Argentino,4. Jueves,Babasonicos,Deshoras - Version For USA,671,2026-04-16 12:19:00
Urbano Latino,4. Jueves,Trueno,X UNAS LLANTAS,0,2026-04-16 19:04:00
Urbano Latino,5. Viernes,Trueno,X UNAS LLANTAS,0,2026-04-17 20:45:00
Rock Argentino,6. Sábado,Babasonicos,Tajada,45917,2026-04-18 12:07:00
Indie Folk,6. Sábado,Juana Aguirre,VOLVIERON,45034,2026-04-18 12:08:00
Indie Rock,6. Sábado,El Mató a un Policía Motorizado,Escupíme,181920,2026-04-18 16:49:00
Rock Argentino,6. Sábado,Luis Alberto Spinetta,Cada Luz,58783,2026-04-18 16:50:00
Rock Argentino,6. Sábado,Charly García,Reloj de Plastilina,281933,2026-04-18 17:03:00
Rock Argentino,6. Sábado,Sui Generis,Estación,90973,2026-04-18 17:05:00
Rock Argentino,6. Sábado,Charly García,No Soy Un Extraño,195733,2026-04-18 17:08:00
Rock Argentino,6. Sábado,Gustavo Cerati,Sudestada,271373,2026-04-18 17:12:00
Rock Argentino,6. Sábado,Luis Alberto Spinetta,Vidami,189120,2026-04-18 17:16:00
Indie Rock,6. Sábado,The Strokes,You Only Live Once,189227,2026-04-18 17:22:00
Rock Argentino,6. Sábado,Babasonicos,La Izquierda de la Noche,220795,2026-04-18 17:26:00
Indie Folk,6. Sábado,Kings of Convenience,Misread,123250,2026-04-18 18:26:00
Rock Argentino,6. Sábado,Babasonicos,Lajotape,251760,2026-04-18 21:56:00
Rock Argentino,6. Sábado,Babasonicos,El ídolo,153760,2026-04-18 21:59:00
Rock Argentino,6. Sábado,Charly García,Promesas Sobre El Bidet,89011,2026-04-18 22:20:00
Indie Rock,6. Sábado,Mac DeMarco,Heart To Heart,211140,2026-04-18 22:36:00
Indie Rock,6. Sábado,Mac DeMarco,Chamber Of Reflection,231724,2026-04-18 22:57:00
Indie Rock,6. Sábado,Arctic Monkeys,Why'd You Only Call Me When You're High?,161124,2026-04-18 23:04:00
Indie Pop,6. Sábado,Hotel Ugly,Shut up My Moms Calling,164571,2026-04-18 23:07:00
Indie Rock,6. Sábado,Mac DeMarco,For the First Time,182307,2026-04-18 23:20:00
Indie Rock,6. Sábado,Arctic Monkeys,I Wanna Be Yours,128149,2026-04-18 23:42:00
Urbano Latino,7. Domingo,El Bogueto,Cuando No Era Cantante,1528,2026-04-19 00:19:00
Urbano Latino,7. Domingo,Residente,313,367132,2026-04-19 00:26:00
Urbano Latino,7. Domingo,Residente,René,7752,2026-04-19 00:36:00
Rock Argentino,7. Domingo,Palo Pandolfo,Tu Amor,12543,2026-04-19 11:58:00
Indie Pop,7. Domingo,doppel gangs,tesORO,133335,2026-04-19 12:30:00
Indie Pop,7. Domingo,doppel gangs,tesORO,57132,2026-04-19 12:31:00
Rock Argentino,7. Domingo,Gustavo Cerati,Alma,16227,2026-04-19 20:42:00
Rock Argentino,7. Domingo,Gustavo Cerati,Hoy Ya No Soy Yo,19689,2026-04-19 20:46:00
Indie Rock,7. Domingo,Arctic Monkeys,No. 1 Party Anthem,243132,2026-04-19 21:04:00
Indie Rock,7. Domingo,Mac DeMarco,My Kind of Woman,190846,2026-04-19 21:07:00
Indie Folk,7. Domingo,Juana Aguirre,VOLVIERON,168773,2026-04-19 22:03:00
Indie Rock,7. Domingo,El Mató a un Policía Motorizado,Escupíme,181920,2026-04-19 22:06:00
Indie Rock,1. Lunes,El Mató a un Policía Motorizado,Doctora Muerte,109,2026-04-20 11:45:00
Urbano Latino,1. Lunes,CA7RIEL & Paco Amoroso,Ay Ay Ay,1409,2026-04-20 22:20:00
Urbano Latino,1. Lunes,CA7RIEL & Paco Amoroso,Ay Ay Ay,14,2026-04-20 22:20:00
Urbano Latino,1. Lunes,CA7RIEL & Paco Amoroso,Ay Ay Ay,165,2026-04-20 22:20:00
Indie Rock,2. Martes,Arcade Fire,WE,36896,2026-04-21 11:04:00
Indie Rock,2. Martes,The Strokes,Threat of Joy,264725,2026-04-21 11:08:00
Urbano Latino,2. Martes,CA7RIEL & Paco Amoroso,Ay Ay Ay,0,2026-04-21 21:24:00
Urbano Latino,3. Miércoles,Bad Bunny,Safaera (Live) | Spotify Billions Club,0,2026-04-22 02:18:00
Indie Pop,4. Jueves,Lara Pedrosa,Melodía de Extrañar.,105,2026-04-23 12:03:00
Urbano Latino,4. Jueves,Bad Bunny,Safaera (Live) | Spotify Billions Club,0,2026-04-23 14:30:00
Urbano Latino,4. Jueves,Bad Bunny,Safaera (Live) | Spotify Billions Club,0,2026-04-23 16:57:00
Urbano Latino,4. Jueves,Trueno,X UNAS LLANTAS,1405,2026-04-23 22:28:00
Indie Rock,4. Jueves,Arctic Monkeys,I Wanna Be Yours,183956,2026-04-23 22:35:00
Indie Folk,4. Jueves,Juana Aguirre,VOLVIERON,168773,2026-04-23 22:51:00
Indie Rock,4. Jueves,El Mató a un Policía Motorizado,Escupíme,181920,2026-04-23 22:54:00
Indie Rock,4. Jueves,Mac DeMarco,My Kind of Woman,190846,2026-04-23 23:17:00
Indie Rock,4. Jueves,Mac DeMarco,No Other Heart,145038,2026-04-23 23:20:00
Indie Rock,4. Jueves,Mac DeMarco,For the First Time,182307,2026-04-23 23:23:00
Indie Rock,4. Jueves,Mac DeMarco,Heart To Heart,211140,2026-04-23 23:26:00
Indie Rock,4. Jueves,Mac DeMarco,My Kind of Woman,190846,2026-04-23 23:29:00
Indie Rock,4. Jueves,Mac DeMarco,No Other Heart,173118,2026-04-23 23:32:00
Indie Rock,4. Jueves,Mac DeMarco,Moonlight on the River,422613,2026-04-23 23:39:00
Indie Rock,4. Jueves,Mac DeMarco,Freaking Out the Neighborhood,173889,2026-04-23 23:42:00
Indie Rock,4. Jueves,Mac DeMarco,Still Beating,181587,2026-04-23 23:45:00
Indie Rock,4. Jueves,Mac DeMarco,Watching Him Fade Away,143080,2026-04-23 23:48:00
Indie Rock,4. Jueves,Mac DeMarco,20191009 I Like Her,136888,2026-04-23 23:50:00
Indie Rock,4. Jueves,Mac DeMarco,Another One,160991,2026-04-23 23:53:00
Indie Rock,4. Jueves,Mac DeMarco,Preoccupied,239646,2026-04-23 23:57:00
Indie Rock,5. Viernes,Mac DeMarco,20201203,258522,2026-04-24 00:01:00
Indie Rock,5. Viernes,Mac DeMarco,A Heart Like Hers,241861,2026-04-24 00:05:00
Indie Rock,5. Viernes,Mac DeMarco,Salad Days,145893,2026-04-24 00:07:00
Indie Rock,5. Viernes,Mac DeMarco,Finally Alone,144757,2026-04-24 00:10:00
Indie Rock,5. Viernes,Mac DeMarco,Ode to Viceroy,233818,2026-04-24 00:14:00
Indie Rock,5. Viernes,Mac DeMarco,One More Love Song,241067,2026-04-24 00:18:00
Indie Rock,5. Viernes,Mac DeMarco,Blue Boy,126224,2026-04-24 00:20:00
Indie Rock,5. Viernes,Mac DeMarco,On The Square,209393,2026-04-24 00:23:00
Indie Rock,5. Viernes,Mac DeMarco,Phantom,110173,2026-04-24 00:25:00
Indie Rock,5. Viernes,Mac DeMarco,On the Level,227653,2026-04-24 00:29:00
Indie Rock,5. Viernes,Mac DeMarco,Passing Out Pieces,167091,2026-04-24 00:32:00
Indie Rock,5. Viernes,Mac DeMarco,Without Me,177196,2026-04-24 00:35:00
Indie Rock,5. Viernes,Mac DeMarco,Sweeter,179253,2026-04-24 00:38:00
Indie Rock,5. Viernes,Mac DeMarco,Dreaming,147324,2026-04-24 00:40:00
Indie Rock,5. Viernes,Mac DeMarco,Treat Her Better,229121,2026-04-24 00:44:00
Indie Rock,5. Viernes,Mac DeMarco,20191012 Fooled By Love,197719,2026-04-24 00:47:00
Indie Rock,5. Viernes,Mac DeMarco,Punishment,120960,2026-04-24 00:49:00
Indie Rock,5. Viernes,Mac DeMarco,The Stars Keep On Calling My Name,142769,2026-04-24 00:52:00
Indie Rock,5. Viernes,Mac DeMarco,Let Her Go,182607,2026-04-24 00:55:00
Indie Rock,5. Viernes,Mac DeMarco,20200229 2,822709,2026-04-24 01:08:00
Indie Rock,5. Viernes,Mac DeMarco,Shining,188013,2026-04-24 01:12:00
Indie Rock,5. Viernes,Mac DeMarco,The Way You'd Love Her,156430,2026-04-24 01:14:00
Indie Rock,5. Viernes,Mac DeMarco,Another One - Demo #2,166834,2026-04-24 01:17:00
Indie Rock,5. Viernes,Mac DeMarco,20200819 She Get The Gold Star,161190,2026-04-24 01:20:00
Indie Rock,5. Viernes,Mac DeMarco,Nightmare,136933,2026-04-24 01:22:00
Indie Rock,5. Viernes,Mac DeMarco,Nobody,212460,2026-04-24 01:26:00
Indie Rock,5. Viernes,Mac DeMarco,Don Juan,116863,2026-04-24 01:28:00
Indie Rock,5. Viernes,Mac DeMarco,20200820 Turn My TV On,180184,2026-04-24 01:31:00
Indie Rock,5. Viernes,Mac DeMarco,Terror,183800,2026-04-24 01:34:00
Indie Rock,5. Viernes,Mac DeMarco,Cooking Up Something Good,161043,2026-04-24 01:36:00
Indie Rock,5. Viernes,Mac DeMarco,K,213074,2026-04-24 01:40:00
Indie Rock,5. Viernes,Mac DeMarco,She's Really All I Need,183920,2026-04-24 01:43:00
Indie Rock,5. Viernes,Mac DeMarco,I've Been Waiting for Her,167250,2026-04-24 01:46:00
Indie Rock,5. Viernes,Mac DeMarco,Special K,140341,2026-04-24 01:48:00
Indie Pop,5. Viernes,Benny Sings,Rolled Up,183481,2026-04-24 01:55:00
Indie Rock,5. Viernes,Jean Dawson,MENTHOL*,187107,2026-04-24 01:58:00
Indie Rock,5. Viernes,Mac DeMarco,Chamber Of Reflection,231724,2026-04-24 02:05:00
Indie Rock,5. Viernes,Mac DeMarco,For the First Time,182307,2026-04-24 02:08:00
Indie Rock,5. Viernes,Mac DeMarco,Heart To Heart,211140,2026-04-24 02:11:00
Indie Rock,5. Viernes,Mac DeMarco,My Kind of Woman,190846,2026-04-24 02:14:00
Indie Rock,5. Viernes,Mac DeMarco,No Other Heart,173118,2026-04-24 02:17:00
Indie Rock,5. Viernes,Mac DeMarco,Moonlight on the River,422613,2026-04-24 02:24:00
Indie Rock,5. Viernes,Mac DeMarco,Freaking Out the Neighborhood,173889,2026-04-24 02:27:00
Indie Rock,5. Viernes,Mac DeMarco,Still Beating,181587,2026-04-24 02:30:00
Indie Rock,5. Viernes,Mac DeMarco,Watching Him Fade Away,143080,2026-04-24 02:33:00
Indie Rock,5. Viernes,Mac DeMarco,20191009 I Like Her,136888,2026-04-24 02:35:00
Indie Rock,5. Viernes,Mac DeMarco,Another One,160991,2026-04-24 02:38:00
Indie Rock,5. Viernes,Mac DeMarco,Preoccupied,239646,2026-04-24 02:42:00
Indie Rock,5. Viernes,Mac DeMarco,20201203,258522,2026-04-24 02:46:00
Indie Rock,5. Viernes,Mac DeMarco,A Heart Like Hers,241861,2026-04-24 02:50:00
Indie Rock,5. Viernes,Mac DeMarco,Salad Days,145893,2026-04-24 02:52:00
Indie Rock,5. Viernes,Mac DeMarco,Finally Alone,144757,2026-04-24 02:55:00
Indie Rock,5. Viernes,Mac DeMarco,Ode to Viceroy,233818,2026-04-24 02:59:00
Indie Rock,5. Viernes,Mac DeMarco,One More Love Song,241067,2026-04-24 03:03:00
Indie Rock,5. Viernes,Mac DeMarco,Blue Boy,126224,2026-04-24 03:05:00
Indie Rock,5. Viernes,Mac DeMarco,On The Square,209393,2026-04-24 03:08:00
Indie Rock,5. Viernes,Mac DeMarco,Phantom,110173,2026-04-24 03:10:00
Indie Rock,5. Viernes,Mac DeMarco,On the Level,227653,2026-04-24 03:14:00
Indie Rock,5. Viernes,Mac DeMarco,Passing Out Pieces,167091,2026-04-24 03:17:00
Indie Rock,5. Viernes,Mac DeMarco,Without Me,177196,2026-04-24 03:20:00
Indie Rock,5. Viernes,Mac DeMarco,Sweeter,179253,2026-04-24 03:23:00
Indie Rock,5. Viernes,Mac DeMarco,Dreaming,147324,2026-04-24 03:25:00
Indie Rock,5. Viernes,Mac DeMarco,Treat Her Better,229121,2026-04-24 03:29:00
Indie Rock,5. Viernes,Mac DeMarco,20191012 Fooled By Love,197719,2026-04-24 03:32:00
Indie Rock,5. Viernes,Mac DeMarco,Punishment,120960,2026-04-24 03:34:00
Indie Rock,5. Viernes,Mac DeMarco,The Stars Keep On Calling My Name,142769,2026-04-24 03:37:00
Indie Rock,5. Viernes,Mac DeMarco,Let Her Go,182607,2026-04-24 03:40:00
Indie Rock,5. Viernes,Mac DeMarco,20200229 2,822709,2026-04-24 03:54:00
Indie Rock,5. Viernes,Mac DeMarco,Shining,188013,2026-04-24 03:57:00
Indie Rock,5. Viernes,Mac DeMarco,The Way You'd Love Her,156430,2026-04-24 03:59:00
Indie Rock,5. Viernes,Mac DeMarco,Another One - Demo #2,166834,2026-04-24 04:02:00
Indie Rock,5. Viernes,Mac DeMarco,20200819 She Get The Gold Star,161190,2026-04-24 04:05:00
Indie Rock,5. Viernes,Mac DeMarco,Nightmare,136933,2026-04-24 04:07:00
Indie Rock,5. Viernes,Mac DeMarco,Nobody,212460,2026-04-24 04:11:00
Indie Rock,5. Viernes,Mac DeMarco,Don Juan,116863,2026-04-24 04:13:00
Indie Rock,5. Viernes,Mac DeMarco,20200820 Turn My TV On,180184,2026-04-24 04:16:00
Indie Rock,5. Viernes,Mac DeMarco,Terror,183800,2026-04-24 04:19:00
Indie Rock,5. Viernes,Mac DeMarco,Cooking Up Something Good,161043,2026-04-24 04:21:00
Indie Rock,5. Viernes,Mac DeMarco,K,213074,2026-04-24 04:25:00
Indie Rock,5. Viernes,Mac DeMarco,She's Really All I Need,183920,2026-04-24 04:28:00
Indie Rock,5. Viernes,Mac DeMarco,I've Been Waiting for Her,167250,2026-04-24 04:31:00
Indie Rock,5. Viernes,Mac DeMarco,Special K,140341,2026-04-24 04:33:00
Indie Pop,5. Viernes,Benny Sings,Rolled Up,183481,2026-04-24 04:40:00
Indie Rock,5. Viernes,Jean Dawson,MENTHOL*,187107,2026-04-24 04:43:00
Indie Rock,5. Viernes,Mac DeMarco,Chamber Of Reflection,231724,2026-04-24 04:50:00
Indie Rock,5. Viernes,Mac DeMarco,For the First Time,182307,2026-04-24 04:53:00
Indie Rock,5. Viernes,Mac DeMarco,Heart To Heart,211140,2026-04-24 04:56:00
Indie Rock,5. Viernes,Mac DeMarco,My Kind of Woman,190846,2026-04-24 04:59:00
Indie Rock,5. Viernes,Mac DeMarco,No Other Heart,173118,2026-04-24 05:02:00
Indie Rock,5. Viernes,Mac DeMarco,Moonlight on the River,422613,2026-04-24 05:09:00
Indie Rock,5. Viernes,Mac DeMarco,Freaking Out the Neighborhood,173889,2026-04-24 05:12:00
Indie Rock,5. Viernes,Mac DeMarco,Still Beating,181587,2026-04-24 05:15:00
Indie Rock,5. Viernes,Mac DeMarco,Watching Him Fade Away,143080,2026-04-24 05:18:00
Indie Rock,5. Viernes,Mac DeMarco,20191009 I Like Her,136888,2026-04-24 05:20:00
Indie Rock,5. Viernes,Mac DeMarco,Another One,160991,2026-04-24 05:23:00
Indie Rock,5. Viernes,Mac DeMarco,Preoccupied,239646,2026-04-24 05:27:00
Indie Rock,5. Viernes,Mac DeMarco,20201203,258522,2026-04-24 05:31:00
Indie Rock,5. Viernes,Mac DeMarco,A Heart Like Hers,241861,2026-04-24 05:35:00
Indie Rock,5. Viernes,Mac DeMarco,Salad Days,145893,2026-04-24 05:38:00
Indie Rock,5. Viernes,Mac DeMarco,Finally Alone,144757,2026-04-24 05:40:00
Indie Rock,5. Viernes,Mac DeMarco,Ode to Viceroy,233818,2026-04-24 05:44:00
Indie Rock,5. Viernes,Mac DeMarco,One More Love Song,241067,2026-04-24 05:48:00
Indie Rock,5. Viernes,Mac DeMarco,Blue Boy,126224,2026-04-24 05:50:00
Indie Rock,5. Viernes,Mac DeMarco,On The Square,209393,2026-04-24 05:54:00
Indie Rock,5. Viernes,Mac DeMarco,Phantom,110173,2026-04-24 05:55:00
Indie Rock,5. Viernes,Mac DeMarco,On the Level,227653,2026-04-24 05:59:00
Indie Rock,5. Viernes,Mac DeMarco,Passing Out Pieces,167091,2026-04-24 06:02:00
Indie Rock,5. Viernes,Mac DeMarco,Without Me,177196,2026-04-24 06:05:00
Indie Rock,5. Viernes,Mac DeMarco,Sweeter,179253,2026-04-24 06:08:00
Indie Rock,5. Viernes,Mac DeMarco,Dreaming,147324,2026-04-24 06:10:00
Indie Rock,5. Viernes,Mac DeMarco,Treat Her Better,229121,2026-04-24 06:14:00
Indie Rock,5. Viernes,Mac DeMarco,20191012 Fooled By Love,197719,2026-04-24 06:18:00
Indie Rock,5. Viernes,Mac DeMarco,Punishment,120960,2026-04-24 06:20:00
Indie Rock,5. Viernes,Mac DeMarco,The Stars Keep On Calling My Name,142769,2026-04-24 06:22:00
Indie Rock,5. Viernes,Mac DeMarco,Let Her Go,182607,2026-04-24 06:25:00
Indie Rock,5. Viernes,Mac DeMarco,20200229 2,822709,2026-04-24 06:39:00
Indie Rock,5. Viernes,Mac DeMarco,Shining,188013,2026-04-24 06:42:00
Indie Rock,5. Viernes,Mac DeMarco,The Way You'd Love Her,156430,2026-04-24 06:44:00
Indie Rock,5. Viernes,Mac DeMarco,Another One - Demo #2,166834,2026-04-24 06:47:00
Indie Rock,5. Viernes,Mac DeMarco,20200819 She Get The Gold Star,161190,2026-04-24 06:50:00
Indie Rock,5. Viernes,Mac DeMarco,Nightmare,136933,2026-04-24 06:52:00
Indie Rock,5. Viernes,Mac DeMarco,Nobody,212460,2026-04-24 06:56:00
Indie Rock,5. Viernes,Mac DeMarco,Don Juan,116863,2026-04-24 06:58:00
Indie Rock,5. Viernes,Mac DeMarco,20200820 Turn My TV On,180184,2026-04-24 07:01:00
Indie Rock,5. Viernes,Mac DeMarco,Terror,183800,2026-04-24 07:04:00
Indie Rock,5. Viernes,Mac DeMarco,Cooking Up Something Good,161043,2026-04-24 07:06:00
Indie Rock,5. Viernes,Mac DeMarco,K,213074,2026-04-24 07:10:00
Indie Rock,5. Viernes,Mac DeMarco,She's Really All I Need,183920,2026-04-24 07:13:00
Indie Rock,5. Viernes,Mac DeMarco,I've Been Waiting for Her,167250,2026-04-24 07:16:00
Indie Rock,5. Viernes,Mac DeMarco,Special K,140341,2026-04-24 07:18:00
Indie Pop,5. Viernes,Benny Sings,Rolled Up,183481,2026-04-24 07:25:00
Indie Rock,5. Viernes,Jean Dawson,MENTHOL*,187107,2026-04-24 07:28:00
Indie Rock,5. Viernes,Mac DeMarco,Chamber Of Reflection,231724,2026-04-24 07:35:00
Indie Rock,5. Viernes,Mac DeMarco,For the First Time,182307,2026-04-24 07:38:00
Indie Rock,5. Viernes,Mac DeMarco,Heart To Heart,211140,2026-04-24 07:41:00
Indie Rock,5. Viernes,Mac DeMarco,My Kind of Woman,190846,2026-04-24 07:45:00
Indie Rock,5. Viernes,Mac DeMarco,No Other Heart,173118,2026-04-24 07:47:00
Indie Rock,5. Viernes,Mac DeMarco,Moonlight on the River,422613,2026-04-24 07:55:00
Indie Rock,5. Viernes,Mac DeMarco,Freaking Out the Neighborhood,173889,2026-04-24 07:57:00
Indie Rock,5. Viernes,Mac DeMarco,Still Beating,112093,2026-04-24 11:37:00
Indie Rock,5. Viernes,Mac DeMarco,My Kind of Woman,117314,2026-04-24 16:48:00
Urbano Latino,5. Viernes,Trueno,TURRAZO,4259,2026-04-24 18:34:00
Urbano Latino,5. Viernes,Trueno,TURRAZO,2182,2026-04-24 18:34:00
Urbano Latino,5. Viernes,Trueno,X UNAS LLANTAS,0,2026-04-24 18:34:00
Urbano Latino,5. Viernes,Trueno,TURRAZO,3556,2026-04-24 18:35:00
Urbano Latino,5. Viernes,Trueno,TURRAZO,680,2026-04-24 21:04:00
Urbano Latino,5. Viernes,Trueno,TURRAZO,1474,2026-04-24 21:04:00
Urbano Latino,5. Viernes,Trueno,TURRAZO,0,2026-04-24 22:39:00
Indie Rock,5. Viernes,Mac DeMarco,My Kind of Woman,190846,2026-04-24 22:43:00
Indie Rock,5. Viernes,Mac DeMarco,Freaking Out the Neighborhood,173889,2026-04-24 22:50:00
Indie Rock,5. Viernes,Mac DeMarco,Still Beating,181587,2026-04-24 22:53:00
Indie Rock,5. Viernes,Mac DeMarco,Watching Him Fade Away,143080,2026-04-24 22:55:00
Indie Rock,5. Viernes,Mac DeMarco,20191009 I Like Her,80830,2026-04-24 22:56:00
Indie Rock,5. Viernes,Mac DeMarco,Another One,115360,2026-04-24 23:09:00
Indie Rock,6. Sábado,Mac DeMarco,My Kind of Woman,6584,2026-04-25 11:34:00
Indie Rock,6. Sábado,Mac DeMarco,My Kind of Woman,190846,2026-04-25 12:01:00
Indie Rock,6. Sábado,Mac DeMarco,20191009 I Like Her,29241,2026-04-25 17:01:00
Indie Rock,6. Sábado,Mac DeMarco,For the First Time,2123,2026-04-25 17:01:00
Indie Rock,6. Sábado,Mac DeMarco,My House by the Water,7106,2026-04-25 17:01:00
Indie Rock,6. Sábado,Mac DeMarco,My Old Man,2793,2026-04-25 17:01:00
Indie Rock,6. Sábado,Mac DeMarco,This Old Dog,12988,2026-04-25 17:01:00
Indie Rock,6. Sábado,Mac DeMarco,Cooking Up Something Good,17741,2026-04-25 17:02:00
Indie Rock,6. Sábado,Mac DeMarco,Ode to Viceroy,2536,2026-04-25 17:02:00
Indie Rock,6. Sábado,Mac DeMarco,Robson Girl,30962,2026-04-25 17:02:00
Indie Rock,6. Sábado,Mac DeMarco,Freaking Out the Neighborhood,3023,2026-04-25 17:02:00
Indie Rock,6. Sábado,Mac DeMarco,Dreaming,3351,2026-04-25 17:02:00
Indie Rock,6. Sábado,Mac DeMarco,Annie,3528,2026-04-25 17:02:00
Indie Folk,6. Sábado,Juana Aguirre,las mañanas,56640,2026-04-25 17:04:00
Indie Folk,6. Sábado,Juana Aguirre,las mañanas,66864,2026-04-25 17:09:00
Indie Folk,6. Sábado,Juana Aguirre,la noche,251494,2026-04-25 17:13:00
Indie Folk,6. Sábado,Juana Aguirre,las espinas,130364,2026-04-25 17:15:00
Indie Folk,6. Sábado,Juana Aguirre,automático,177478,2026-04-25 17:18:00
Indie Folk,6. Sábado,Juana Aguirre,VOLVIERON,167834,2026-04-25 17:21:00
Indie Folk,6. Sábado,Juana Aguirre,lo_divino,200985,2026-04-25 17:25:00
Indie Folk,6. Sábado,Juana Aguirre,un nombre propio,186903,2026-04-25 17:28:00
Indie Folk,6. Sábado,Juana Aguirre,TORMENTA,128662,2026-04-25 17:30:00
Indie Folk,6. Sábado,Juana Aguirre,las ramas,180069,2026-04-25 17:33:00
Indie Folk,6. Sábado,Juana Aguirre,los pilares,150250,2026-04-25 17:35:00
Indie Folk,6. Sábado,Juana Aguirre,las mañanas,123367,2026-04-25 17:37:00
Indie Folk,6. Sábado,Juana Aguirre,la noche,56586,2026-04-25 17:38:00
Indie Folk,6. Sábado,Juana Aguirre,las mañanas,123392,2026-04-25 19:15:00
Indie Folk,6. Sábado,Juana Aguirre,la noche,251575,2026-04-25 19:19:00
Indie Folk,6. Sábado,Juana Aguirre,las espinas,130561,2026-04-25 19:21:00
Indie Folk,6. Sábado,Juana Aguirre,automático,177634,2026-04-25 19:24:00
Indie Folk,6. Sábado,Juana Aguirre,VOLVIERON,167873,2026-04-25 19:27:00
Indie Folk,6. Sábado,Juana Aguirre,lo_divino,201110,2026-04-25 19:31:00
Indie Folk,6. Sábado,Juana Aguirre,un nombre propio,187086,2026-04-25 19:34:00
Indie Folk,6. Sábado,Juana Aguirre,TORMENTA,128691,2026-04-25 19:36:00
Indie Folk,6. Sábado,Juana Aguirre,las ramas,180254,2026-04-25 19:39:00
Indie Folk,6. Sábado,Juana Aguirre,las mañanas,30349,2026-04-25 19:42:00
Indie Folk,6. Sábado,Juana Aguirre,los pilares,150250,2026-04-25 19:42:00
Rock Argentino,6. Sábado,Patricio Rey y sus Redonditos de Ricota,Caña Seca y un Membrillo,268227,2026-04-25 22:55:00
Rock Argentino,6. Sábado,Patricio Rey y sus Redonditos de Ricota,Nuestro Amo Juega al Esclavo,7433,2026-04-25 23:10:00
Indie Rock,7. Domingo,Mac DeMarco,Dreams from Yesterday,207160,2026-04-26 13:08:00
Indie Rock,7. Domingo,Mac DeMarco,One Another,166213,2026-04-26 13:11:00
Indie Rock,7. Domingo,The Strokes,"Call It Fate, Call It Karma",204773,2026-04-26 13:14:00
Indie Rock,7. Domingo,Mac DeMarco,My Kind of Woman,15500,2026-04-26 13:54:00
Indie Folk,7. Domingo,Juana Aguirre,VOLVIERON,168773,2026-04-26 14:10:00
Indie Rock,7. Domingo,El Mató a un Policía Motorizado,Escupíme,181920,2026-04-26 14:13:00
Rock Argentino,7. Domingo,Patricio Rey y sus Redonditos de Ricota,Caña Seca y un Membrillo,268227,2026-04-26 14:29:00
Rock Argentino,7. Domingo,Patricio Rey y sus Redonditos de Ricota,Blues de la Artillería,65448,2026-04-26 14:30:00
Rock Argentino,7. Domingo,Babasonicos,En Privado,33268,2026-04-26 14:45:00
Rock Argentino,7. Domingo,Patricio Rey y sus Redonditos de Ricota,La Hija del Fletero,128852,2026-04-26 15:20:00
Rock Argentino,7. Domingo,Patricio Rey y sus Redonditos de Ricota,La Hija del Fletero,9994,2026-04-26 16:14:00
Rock Argentino,7. Domingo,Babasonicos,Nosotros,54873,2026-04-26 16:22:00
Rock Argentino,7. Domingo,Patricio Rey y sus Redonditos de Ricota,Caña Seca y un Membrillo,60560,2026-04-26 17:29:00
Indie Rock,2. Martes,Mac DeMarco,Dreams from Yesterday,201,2026-04-28 12:53:00
Urbano Latino,2. Martes,CA7RIEL & Paco Amoroso,Ay Ay Ay,0,2026-04-28 20:16:00
Urbano Latino,3. Miércoles,CA7RIEL & Paco Amoroso,Ay Ay Ay,240,2026-04-29 23:07:00
Indie Rock,3. Miércoles,Mac DeMarco,Dreams from Yesterday,207160,2026-04-29 23:11:00
Indie Rock,3. Miércoles,Wilco,Hot Sun,208627,2026-04-29 23:15:00
Indie Folk,3. Miércoles,Juana Aguirre,TORMENTA,56317,2026-04-29 23:24:00
Indie Folk,3. Miércoles,Juana Aguirre,las mañanas,123315,2026-04-29 23:26:00
Indie Folk,3. Miércoles,Juana Aguirre,la noche,251452,2026-04-29 23:30:00
Indie Folk,3. Miércoles,Juana Aguirre,las espinas,130518,2026-04-29 23:32:00
Indie Folk,3. Miércoles,Juana Aguirre,automático,177721,2026-04-29 23:35:00
Indie Folk,3. Miércoles,Juana Aguirre,VOLVIERON,168010,2026-04-29 23:38:00
Indie Folk,3. Miércoles,Juana Aguirre,lo_divino,200963,2026-04-29 23:41:00
Indie Folk,3. Miércoles,Juana Aguirre,un nombre propio,187125,2026-04-29 23:44:00
Indie Folk,3. Miércoles,Juana Aguirre,TORMENTA,24143,2026-04-29 23:45:00
Indie Pop,3. Miércoles,Lucas Martí,Basta de Berlín,30565,2026-04-29 23:48:00
Indie Rock,4. Jueves,Usted Señalemelo,Nuevo Comienzo,199,2026-04-30 11:10:00
Indie Rock,4. Jueves,Suarez,Excursiones,254093,2026-04-30 14:51:00
Rock Argentino,4. Jueves,Marilina Bertoldi,BAJAN DE DÍA DE NOCHE ESPERAN,218817,2026-04-30 14:55:00
Indie Folk,4. Jueves,Juana Aguirre,El Gigante,145653,2026-04-30 14:58:00
Indie Rock,4. Jueves,Santiago Motorizado,El Fuego Cálido,220685,2026-04-30 15:01:00
Indie Rock,4. Jueves,Suarez,4,131893,2026-04-30 15:10:00
Rock Argentino,4. Jueves,Marilina Bertoldi,PARA QUIEN TRABAJAS,179594,2026-04-30 15:13:00
Indie Folk,4. Jueves,Juana Aguirre,Ven a Visitarme,139678,2026-04-30 15:15:00
Rock Argentino,4. Jueves,Palo Pandolfo,El Viento,183055,2026-04-30 15:20:00
Indie Folk,4. Jueves,Lola Parda,Como un cuento,170851,2026-04-30 15:23:00
Indie Rock,4. Jueves,Suarez,Estrella Solitaria,98386,2026-04-30 15:24:00
Indie Folk,4. Jueves,Juana Aguirre,las ramas,181028,2026-04-30 15:35:00
Indie Rock,4. Jueves,Mora y los Metegoles,Se Quiere Matar,167691,2026-04-30 15:38:00
Indie Rock,4. Jueves,Suarez,La Distancia,206893,2026-04-30 15:44:00
Indie Folk,4. Jueves,Juana Aguirre,Violeta,161248,2026-04-30 15:53:00
Indie Folk,4. Jueves,Lola Parda,Tu bebotear,180317,2026-04-30 15:57:00
Indie Rock,4. Jueves,Suarez,Tarde de Cansancio,248706,2026-04-30 16:08:00
Indie Folk,4. Jueves,María Pien,Música de Besos,264578,2026-04-30 16:25:00
Indie Rock,4. Jueves,Suarez,Mil Especies,144359,2026-04-30 16:27:00
Indie Rock,4. Jueves,Mora y los Metegoles,Bigote,211012,2026-04-30 16:34:00
Rock Argentino,4. Jueves,Marilina Bertoldi,AMANECEN OCASOS,178588,2026-04-30 16:40:00
Indie Rock,4. Jueves,Suarez,El Pozo,237466,2026-04-30 16:49:00
Indie Rock,4. Jueves,Mora y los Metegoles,Modificador,217000,2026-04-30 16:59:00
Indie Rock,4. Jueves,Santiago Motorizado,Un Día No Vas a Estar,265301,2026-04-30 17:03:00
Indie Rock,4. Jueves,Suarez,¿Alguna Vez Viste?,149159,2026-04-30 17:10:00
Indie Folk,4. Jueves,Juana Aguirre,los pilares,150250,2026-04-30 17:16:00
Indie Rock,4. Jueves,Mora y los Metegoles,Imaginación,201194,2026-04-30 17:19:00
Rock Argentino,4. Jueves,Carmen Sánchez Viamonte,Soy Pan - Piero,236303,2026-04-30 17:23:00
Rock Argentino,4. Jueves,Marilina Bertoldi,DE CAZA,239721,2026-04-30 17:40:00
Indie Folk,4. Jueves,Lola Parda,Cristal,119037,2026-04-30 17:42:00
Indie Rock,4. Jueves,Suarez,Zerbina,329613,2026-04-30 17:48:00
Indie Rock,5. Viernes,Usted Señalemelo,Las Flores Sangran,148,2026-05-01 11:31:00
Indie Pop,6. Sábado,Los Besos,Destino,1375,2026-05-02 11:55:00
Urbano Latino,6. Sábado,Trueno,X UNAS LLANTAS,0,2026-05-02 12:56:00
Urbano Latino,6. Sábado,Trueno,X UNAS LLANTAS,56,2026-05-02 12:59:00
Rock Argentino,6. Sábado,Charly García,Reloj de Plastilina,612,2026-05-02 12:59:00
Rock Argentino,6. Sábado,Charly García,Reloj de Plastilina,281933,2026-05-02 13:04:00
Indie Pop,6. Sábado,Ainda,NO TE ALEJES,6958,2026-05-02 13:07:00
Indie Rock,6. Sábado,Suarez,Río Paraná,188639,2026-05-02 13:07:00
Rock Argentino,6. Sábado,Luis Alberto Spinetta,Alma De Diamante,3503,2026-05-02 13:07:00
Rock Argentino,6. Sábado,Babasonicos,Examenes,205493,2026-05-02 13:11:00
Rock Argentino,6. Sábado,Marilina Bertoldi,EL GORDO,216857,2026-05-02 13:14:00
Rock Argentino,6. Sábado,Pescado Rabioso,Todas las Hojas Son del Viento,5202,2026-05-02 13:15:00
Indie Rock,6. Sábado,El Mató a un Policía Motorizado,El Mundo Extraño,156545,2026-05-02 15:55:00
Indie Rock,6. Sábado,Mac DeMarco,Chamber Of Reflection,231724,2026-05-02 20:43:00
Indie Rock,6. Sábado,Mac DeMarco,For the First Time,182307,2026-05-02 20:47:00
Indie Pop,6. Sábado,Ainda,Kilómetros - En vivo en Buenos Aires,14317,2026-05-02 20:49:00
Urbano Latino,6. Sábado,Trueno,X UNAS LLANTAS,0,2026-05-02 20:49:00
Indie Rock,6. Sábado,Mac DeMarco,Heart To Heart,160350,2026-05-02 20:49:00
Indie Rock,6. Sábado,Mac DeMarco,My Kind of Woman,190846,2026-05-02 20:52:00
Indie Rock,6. Sábado,Mac DeMarco,No Other Heart,173118,2026-05-02 20:55:00
Indie Rock,6. Sábado,Mac DeMarco,Moonlight on the River,422613,2026-05-02 21:02:00
Indie Rock,6. Sábado,Mac DeMarco,Freaking Out the Neighborhood,173889,2026-05-02 21:05:00
Indie Rock,6. Sábado,Mac DeMarco,Still Beating,181587,2026-05-02 21:08:00
Indie Rock,6. Sábado,Mac DeMarco,Watching Him Fade Away,143080,2026-05-02 21:11:00
Indie Rock,6. Sábado,Mac DeMarco,20191009 I Like Her,136888,2026-05-02 21:13:00
Indie Rock,6. Sábado,Mac DeMarco,Another One,160991,2026-05-02 21:16:00
Indie Rock,6. Sábado,Mac DeMarco,20201203,258522,2026-05-02 21:20:00
Indie Rock,6. Sábado,Mac DeMarco,Preoccupied,239646,2026-05-02 21:24:00
Indie Rock,6. Sábado,Mac DeMarco,A Heart Like Hers,241861,2026-05-02 21:28:00
Indie Rock,6. Sábado,Mac DeMarco,Salad Days,64920,2026-05-02 21:29:00
Urbano Latino,6. Sábado,AKRIILA,carta a mi papá,147399,2026-05-02 22:12:00
Urbano Latino,6. Sábado,Sara Hebe,Mexico,161250,2026-05-02 22:53:00
Urbano Latino,6. Sábado,Bb trickz,Lo siento mamá,103261,2026-05-02 23:04:00
Indie Pop,7. Domingo,Ainda,Kilómetros - En vivo en Buenos Aires,0,2026-05-03 11:44:00
Indie Rock,7. Domingo,Mac DeMarco,Still Beating,181587,2026-05-03 11:55:00
Rock Argentino,7. Domingo,Babasonicos,Ingrediente,12835,2026-05-03 11:55:00
Rock Argentino,7. Domingo,Babasonicos,Curtis,91227,2026-05-03 12:01:00
Indie Pop,7. Domingo,Jósean Log,Chachachá,7975,2026-05-03 12:06:00
Rock Argentino,7. Domingo,Babasonicos,Tormento,23764,2026-05-03 12:15:00
Rock Argentino,7. Domingo,Sui Generis,Canción para Mi Muerte,20207,2026-05-03 12:20:00
Indie Rock,7. Domingo,El Mató a un Policía Motorizado,El Magnetismo,88880,2026-05-03 12:20:00
Indie Pop,7. Domingo,MARO,juro que vi flores,278765,2026-05-03 12:46:00
Indie Folk,7. Domingo,Juana Aguirre,Configuraciones Onduladas,130471,2026-05-03 12:49:00
Indie Pop,7. Domingo,Ainda,Kilómetros - En vivo en Buenos Aires,93,2026-05-03 12:57:00
Indie Rock,7. Domingo,Mac DeMarco,Still Beating,150400,2026-05-03 13:09:00
Indie Folk,7. Domingo,The Lumineers,Ho Hey,163133,2026-05-03 13:38:00
Indie Folk,7. Domingo,The Lumineers,Ophelia,24367,2026-05-03 13:38:00
Indie Folk,7. Domingo,The Lumineers,Sleep On The Floor,211851,2026-05-03 13:42:00
Indie Folk,7. Domingo,The Lumineers,Flowers In Your Hair,109736,2026-05-03 13:46:00
Indie Folk,7. Domingo,The Lumineers,Angela,201786,2026-05-03 13:50:00
Indie Folk,7. Domingo,The Lumineers,Gloria,108000,2026-05-03 14:35:00
Indie Folk,7. Domingo,The Lumineers,Gloria,10211,2026-05-03 15:44:00
Indie Rock,7. Domingo,Mac DeMarco,Still Beating,181587,2026-05-03 15:47:00
Indie Rock,7. Domingo,Mac DeMarco,Dreams from Yesterday,136554,2026-05-03 15:56:00
Indie Rock,7. Domingo,Mac DeMarco,Still Beating,159934,2026-05-03 20:16:00
Indie Rock,7. Domingo,Mac DeMarco,Dreams from Yesterday,27388,2026-05-03 20:21:00
Indie Folk,7. Domingo,Phoebe Bridgers,Motion Sickness,229760,2026-05-03 20:35:00
Indie Rock,7. Domingo,Arctic Monkeys,Suck It and See,225987,2026-05-03 21:19:00
Indie Rock,7. Domingo,Arctic Monkeys,Evil Twin,197373,2026-05-03 21:23:00
Indie Rock,7. Domingo,The Strokes,Selfless,222093,2026-05-03 21:26:00
Indie Pop,7. Domingo,The Smiths,This Charming Man - 2011 Remaster,41520,2026-05-03 21:27:00
Indie Rock,7. Domingo,Arctic Monkeys,She's Thunderstorms,234920,2026-05-03 21:31:00
Indie Rock,7. Domingo,Arctic Monkeys,Black Treacle,217440,2026-05-03 21:35:00
Indie Rock,7. Domingo,Arctic Monkeys,Brick By Brick,179907,2026-05-03 21:38:00
Indie Rock,7. Domingo,Arctic Monkeys,The Hellcat Spangled Shalalala,180373,2026-05-03 21:41:00
Indie Rock,7. Domingo,Arctic Monkeys,Don't Sit Down 'Cause I've Moved Your Chair,183507,2026-05-03 21:44:00
Indie Rock,7. Domingo,Arctic Monkeys,Library Pictures,142173,2026-05-03 21:46:00
Indie Rock,7. Domingo,Arctic Monkeys,All My Own Stunts,232280,2026-05-03 21:50:00
Indie Rock,7. Domingo,Arctic Monkeys,Reckless Serenade,162747,2026-05-03 21:53:00
Indie Rock,7. Domingo,Arctic Monkeys,Piledriver Waltz,203880,2026-05-03 21:56:00
Indie Rock,7. Domingo,Arctic Monkeys,Love is a Laserquest,191427,2026-05-03 21:59:00
Indie Rock,7. Domingo,Arctic Monkeys,Suck It and See,225987,2026-05-03 22:03:00
Indie Rock,7. Domingo,Arctic Monkeys,That's Where You're Wrong,256800,2026-05-03 22:07:00
Indie Rock,7. Domingo,Arctic Monkeys,The Blond-O-Sonic Shimmer Trap,8453,2026-05-03 22:10:00
Indie Rock,7. Domingo,Arctic Monkeys,Don't Sit Down 'Cause I've Moved Your Chair,183507,2026-05-03 22:10:00
Indie Rock,7. Domingo,Arctic Monkeys,Cornerstone,197973,2026-05-03 22:14:00
Indie Rock,7. Domingo,Arctic Monkeys,Catapult,68830,2026-05-03 22:15:00
Indie Rock,7. Domingo,Arctic Monkeys,Nettles,28753,2026-05-03 22:15:00
Indie Rock,7. Domingo,Arctic Monkeys,Leave Before The Lights Come On,233947,2026-05-03 22:19:00
Indie Rock,7. Domingo,Arctic Monkeys,Put Your Dukes Up John,21797,2026-05-03 22:20:00
Indie Rock,7. Domingo,Arctic Monkeys,No Buses,197320,2026-05-03 22:23:00
Indie Rock,7. Domingo,Arctic Monkeys,Who The Fuck Are Arctic Monkeys?,132283,2026-05-03 22:25:00
Indie Rock,7. Domingo,Valle de Muñecas,Gotas en la Frente,244387,2026-05-03 22:35:00
Urbano Latino,7. Domingo,Dillom,Cirugía,7500,2026-05-03 22:44:00
Indie Folk,1. Lunes,Juana Aguirre,lo_divino,0,2026-05-04 22:29:00
Rock Argentino,1. Lunes,Los Piojos,Sudestada,241747,2026-05-04 22:59:00
Rock Argentino,1. Lunes,Los Piojos,Y Quemás,292400,2026-05-04 23:30:00
Rock Argentino,2. Martes,Los Piojos,Muévelo,261133,2026-05-05 00:07:00
Rock Argentino,2. Martes,Divididos,Como un Cuento,286240,2026-05-05 00:12:00
Rock Argentino,2. Martes,Divididos,Par Mil,198707,2026-05-05 00:28:00
Rock Argentino,2. Martes,Charly García,Me Siento Mucho Mejor,184667,2026-05-05 00:53:00
Rock Argentino,3. Miércoles,Luis Alberto Spinetta,Ni Cuenta Te Das,843,2026-05-06 11:07:00
Indie Pop,6. Sábado,Srta. Trueno Negro,150 Dias - Remix,212149,2026-05-09 11:44:00
Indie Pop,6. Sábado,Srta. Trueno Negro,150 Dias - Remix,98488,2026-05-09 11:45:00
Indie Rock,6. Sábado,Mac DeMarco,Still Beating,181587,2026-05-09 11:48:00
Indie Rock,6. Sábado,Mac DeMarco,Dreams from Yesterday,16073,2026-05-09 11:54:00
Rock Argentino,6. Sábado,Miguel Abuelo,Verili,119187,2026-05-09 13:19:00
Indie Rock,6. Sábado,Usted Señalemelo,Mañana,205366,2026-05-09 13:23:00
Rock Argentino,6. Sábado,Babasonicos,Lajotape,251760,2026-05-09 16:26:00
Indie Rock,6. Sábado,Rosario Bléfari,Viento Helado,178013,2026-05-09 16:33:00
Indie Rock,6. Sábado,The Strokes,Reptilia,219827,2026-05-09 18:38:00
Indie Rock,6. Sábado,Wilco,"Jesus, Etc. - 2022 Remaster",231707,2026-05-09 18:46:00
Indie Rock,6. Sábado,The Strokes,Someday,183573,2026-05-09 19:25:00
Indie Pop,6. Sábado,Bandalos Chinos,Departamento,234466,2026-05-09 20:06:00
Rock Argentino,6. Sábado,Los Piojos,Ando Ganas (Llora Llora),27154,2026-05-09 20:28:00
Rock Argentino,6. Sábado,Los Piojos,Ando Ganas (Llora Llora),316166,2026-05-09 21:34:00
Rock Argentino,6. Sábado,Babasonicos,Perfume Casino,2583,2026-05-09 21:35:00
Rock Argentino,7. Domingo,Babasonicos,Celofán,2081,2026-05-10 12:00:00
Indie Folk,7. Domingo,Buendia,Desde Dentro,266240,2026-05-10 12:09:00
Indie Rock,7. Domingo,Mac DeMarco,My Kind of Woman,190846,2026-05-10 12:52:00
Indie Pop,7. Domingo,Axel Fiks,Fellinesca,134426,2026-05-10 12:54:00
Indie Pop,7. Domingo,Ainda,ROMPECABEZAS,24901,2026-05-10 13:13:00
Rock Argentino,7. Domingo,Charly García,Reloj de Plastilina,281933,2026-05-10 13:22:00
Indie Pop,7. Domingo,Luca Bocci,Paraíso Corazón,360533,2026-05-10 13:29:00
Rock Argentino,7. Domingo,Marilina Bertoldi,Amuleto,225880,2026-05-10 13:32:00
Rock Argentino,7. Domingo,Babasonicos,Ingrediente,216347,2026-05-10 13:36:00
Rock Argentino,7. Domingo,Sui Generis,Mariel y el Capitán,163667,2026-05-10 13:44:00
Rock Argentino,7. Domingo,Charly García,Zocacola,167067,2026-05-10 13:51:00
Indie Rock,7. Domingo,Mac DeMarco,Dreams from Yesterday,207160,2026-05-10 13:55:00
Indie Pop,7. Domingo,Los Besos,Hoy no,248918,2026-05-10 14:02:00
Rock Argentino,7. Domingo,Los Visitantes,Playas Oscuras,241067,2026-05-10 14:10:00
Rock Argentino,7. Domingo,Luis Alberto Spinetta,Llama y Verás,209507,2026-05-10 14:14:00
Rock Argentino,7. Domingo,Luis Alberto Spinetta,Vamos al Bosque,252920,2026-05-10 14:28:00
Indie Rock,7. Domingo,Usted Señalemelo,"Puedo Morir, Puedo Caer",246600,2026-05-10 14:37:00
Rock Argentino,7. Domingo,Patricio Rey y sus Redonditos de Ricota,Juguetes Perdidos,429400,2026-05-10 14:47:00
Indie Folk,7. Domingo,Feli Colina,AVENIDO,49766,2026-05-10 14:48:00
Indie Rock,7. Domingo,Mac DeMarco,Phantom,109473,2026-05-10 15:18:00
Indie Rock,7. Domingo,Mac DeMarco,Nightmare,136131,2026-05-10 15:20:00
Indie Rock,7. Domingo,Mac DeMarco,Terror,182926,2026-05-10 15:23:00
Indie Rock,7. Domingo,Mac DeMarco,Rock And Roll,181507,2026-05-10 15:26:00
Indie Rock,7. Domingo,Mac DeMarco,Home,131051,2026-05-10 15:29:00
Indie Rock,7. Domingo,Mac DeMarco,Nothing At All,196256,2026-05-10 15:32:00
Indie Rock,7. Domingo,Mac DeMarco,Punishment,120166,2026-05-10 15:34:00
Indie Rock,7. Domingo,Mac DeMarco,Knockin,139807,2026-05-10 15:36:00
Indie Rock,7. Domingo,Mac DeMarco,Holy,143856,2026-05-10 15:39:00
Indie Rock,7. Domingo,Mac DeMarco,Rooster,145367,2026-05-10 15:41:00
Indie Rock,7. Domingo,Mac DeMarco,Shining,187176,2026-05-10 15:44:00
Indie Rock,7. Domingo,Mac DeMarco,Sweeter,178456,2026-05-10 15:47:00
Indie Rock,7. Domingo,Mac DeMarco,Phantom,109429,2026-05-10 15:49:00
Indie Rock,7. Domingo,Mac DeMarco,Nightmare,136101,2026-05-10 15:51:00
Indie Rock,7. Domingo,Mac DeMarco,Terror,183085,2026-05-10 15:54:00
Indie Rock,7. Domingo,Mac DeMarco,Rock And Roll,181478,2026-05-10 15:57:00
Indie Rock,7. Domingo,Mac DeMarco,Home,130806,2026-05-10 16:00:00
Indie Rock,7. Domingo,Mac DeMarco,Nothing At All,196064,2026-05-10 16:03:00
Indie Rock,7. Domingo,Mac DeMarco,Punishment,120150,2026-05-10 16:05:00
Indie Rock,7. Domingo,Mac DeMarco,Knockin,139840,2026-05-10 16:07:00
Indie Rock,7. Domingo,Mac DeMarco,Holy,144129,2026-05-10 16:10:00
Indie Rock,7. Domingo,Mac DeMarco,Rooster,145367,2026-05-10 16:12:00
Indie Rock,7. Domingo,Mac DeMarco,Shining,187339,2026-05-10 16:15:00
Indie Rock,7. Domingo,Mac DeMarco,Sweeter,178373,2026-05-10 16:18:00
Indie Rock,7. Domingo,Mac DeMarco,Phantom,109147,2026-05-10 16:20:00
Indie Rock,7. Domingo,Mac DeMarco,Nightmare,135897,2026-05-10 16:22:00
Indie Rock,7. Domingo,Mac DeMarco,Terror,182898,2026-05-10 16:25:00
Indie Rock,7. Domingo,Mac DeMarco,Rock And Roll,6166,2026-05-10 16:26:00
Indie Rock,7. Domingo,Mac DeMarco,Phantom,110173,2026-05-10 16:27:00
Rock Argentino,7. Domingo,Babasonicos,Trinchera,8170,2026-05-10 16:32:00
Indie Rock,7. Domingo,El Mató a un Policía Motorizado,Chica de Oro,233587,2026-05-10 19:25:00
Indie Folk,7. Domingo,Juana Aguirre,Configuraciones Onduladas,130471,2026-05-10 19:32:00
Rock Argentino,7. Domingo,Oscar Moro,Como Me Gustaria Ser Negro,3851,2026-05-10 21:00:00
Indie Pop,7. Domingo,Ainda,KILÓMETROS,5035,2026-05-10 21:00:00
Rock Argentino,7. Domingo,Gustavo Cerati,Hoy Ya No Soy Yo,6052,2026-05-10 21:00:00
Rock Argentino,7. Domingo,Babasonicos,Un Flash,14329,2026-05-10 21:00:00
Rock Argentino,7. Domingo,Fabiana Cantilo,Una Tregua,210427,2026-05-10 21:00:00
Rock Argentino,7. Domingo,Charly García,Nuevos Trapos,245040,2026-05-10 21:04:00
Indie Folk,7. Domingo,José González,The Void,27752,2026-05-10 21:21:00
Rock Argentino,3. Miércoles,Luis Alberto Spinetta,Cielo De Ti,96,2026-05-13 12:16:00
Indie Pop,5. Viernes,MGMT,Time to Pretend,32825,2026-05-15 11:10:00
Indie Rock,5. Viernes,Mac DeMarco,Phantom,110173,2026-05-15 23:34:00
Indie Rock,6. Sábado,Mac DeMarco,Still Beating,1403,2026-05-16 18:11:00
Indie Rock,6. Sábado,Mac DeMarco,Still Beating,137800,2026-05-16 18:11:00
Indie Rock,6. Sábado,Mac DeMarco,Phantom,2375,2026-05-16 18:11:00
Indie Folk,7. Domingo,Juana Aguirre,VOLVIERON,5010,2026-05-17 16:15:00
Indie Rock,7. Domingo,El Mató a un Policía Motorizado,Escupíme,181920,2026-05-17 16:18:00
Indie Rock,7. Domingo,Wach,5 cosas (with La Llorona y su Jardín de Dragones),14788,2026-05-17 16:25:00
Rock Argentino,7. Domingo,Charly García,Reloj de Plastilina,281933,2026-05-17 19:39:00
Rock Argentino,1. Lunes,Fito Paez,Cable A Tierra,49,2026-05-18 11:14:00
Rock Argentino,3. Miércoles,Charly García,Tuve Tu Amor,62329,2026-05-20 11:11:00
Indie Rock,5. Viernes,Usted Señalemelo,Agua Marfil,246497,2026-05-22 23:08:00
Indie Rock,5. Viernes,Usted Señalemelo,No puedo dejar,59320,2026-05-22 23:10:00
Rock Argentino,5. Viernes,Fito Paez,Folly Berghet,218469,2026-05-22 23:14:00
Rock Argentino,5. Viernes,Fito Paez,Instant-Taneas,336400,2026-05-22 23:20:00
Rock Argentino,5. Viernes,Fito Paez,Tengo Un Mono,314803,2026-05-22 23:25:00
Rock Argentino,5. Viernes,Fito Paez,Retrato De Bambis,93196,2026-05-22 23:27:00
Rock Argentino,5. Viernes,Fito Paez,Asilo En Tu Corazón,335128,2026-05-22 23:32:00
Rock Argentino,5. Viernes,Fito Paez,Dejaste Ver Tu Corazón,315713,2026-05-22 23:37:00
Rock Argentino,5. Viernes,Fito Paez,Solo La La La,82247,2026-05-22 23:39:00
Rock Argentino,5. Viernes,Fito Paez,Gricel,263346,2026-05-22 23:43:00
Indie Rock,5. Viernes,Rosario Bléfari,Lobo,208573,2026-05-22 23:47:00
Indie Folk,5. Viernes,Juana Aguirre,El Gigante,144874,2026-05-22 23:54:00
Indie Folk,5. Viernes,Juana Aguirre,150m_km,212781,2026-05-22 23:58:00
Indie Folk,5. Viernes,Juana Aguirre,Ven a Visitarme,57876,2026-05-22 23:59:00
Indie Rock,6. Sábado,Usted Señalemelo,Seúl,143115,2026-05-23 00:02:00
Indie Rock,6. Sábado,Usted Señalemelo,Matarme con vos,158555,2026-05-23 00:05:00
Indie Rock,6. Sábado,Usted Señalemelo,Prácticas,164397,2026-05-23 00:08:00
Indie Rock,6. Sábado,Usted Señalemelo,Dando vueltas,175875,2026-05-23 00:11:00
Indie Rock,6. Sábado,Usted Señalemelo,Espejo,134732,2026-05-23 00:13:00
Indie Rock,6. Sábado,Usted Señalemelo,Acelerarme,36311,2026-05-23 00:13:00
Indie Rock,6. Sábado,Usted Señalemelo,No puedo dejar,149959,2026-05-23 12:33:00
Indie Rock,6. Sábado,Usted Señalemelo,Seúl,144109,2026-05-23 12:36:00
Indie Rock,6. Sábado,Usted Señalemelo,Matarme con vos,159494,2026-05-23 12:38:00
Indie Rock,6. Sábado,Usted Señalemelo,Prácticas,165273,2026-05-23 12:41:00
Indie Rock,6. Sábado,Usted Señalemelo,Dando vueltas,176782,2026-05-23 12:44:00
Indie Rock,6. Sábado,Usted Señalemelo,Espejo,135431,2026-05-23 12:46:00
Indie Rock,6. Sábado,Usted Señalemelo,Acelerarme,155543,2026-05-23 12:49:00
Indie Rock,6. Sábado,Usted Señalemelo,Lo siento,144316,2026-05-23 12:51:00
Indie Rock,6. Sábado,Usted Señalemelo,Quédate,165602,2026-05-23 12:54:00
Indie Rock,6. Sábado,Usted Señalemelo,Rayo,175148,2026-05-23 12:57:00
Indie Rock,6. Sábado,Usted Señalemelo,Eso que llaman luz,176562,2026-05-23 13:00:00
Indie Rock,6. Sábado,Usted Señalemelo,Marca piel,206125,2026-05-23 13:03:00
Indie Rock,6. Sábado,Usted Señalemelo,Deseo,194241,2026-05-23 13:07:00
Indie Rock,6. Sábado,Usted Señalemelo,No puedo dejar,149959,2026-05-23 13:09:00
Indie Rock,6. Sábado,Usted Señalemelo,Seúl,144109,2026-05-23 13:12:00
Indie Rock,6. Sábado,Usted Señalemelo,Matarme con vos,159494,2026-05-23 13:14:00
Indie Rock,6. Sábado,Usted Señalemelo,Prácticas,72112,2026-05-23 13:25:00
Indie Rock,6. Sábado,Usted Señalemelo,Otra Vez,231963,2026-05-23 13:40:00
Indie Rock,6. Sábado,Usted Señalemelo,Girando a Través,219823,2026-05-23 13:44:00
Indie Rock,6. Sábado,Usted Señalemelo,Plastilina,192688,2026-05-23 13:47:00
Indie Rock,6. Sábado,Usted Señalemelo,Cristales,223570,2026-05-23 13:51:00
Indie Rock,6. Sábado,Usted Señalemelo,Textos,292111,2026-05-23 13:56:00
Indie Rock,6. Sábado,Usted Señalemelo,Seis,93089,2026-05-23 13:57:00
Indie Rock,6. Sábado,Usted Señalemelo,Alfredo,184644,2026-05-23 14:00:00
Indie Rock,6. Sábado,Usted Señalemelo,La Luna Patas para Arriba,220109,2026-05-23 14:04:00
Indie Rock,6. Sábado,Usted Señalemelo,Fusión y Fin,188781,2026-05-23 14:07:00
Indie Rock,6. Sábado,Usted Señalemelo,Agua Marfil,251854,2026-05-23 14:11:00
Indie Rock,6. Sábado,Usted Señalemelo,Otra Vez,231963,2026-05-23 14:15:00
Indie Rock,6. Sábado,Usted Señalemelo,Girando a Través,219823,2026-05-23 14:19:00
Indie Rock,6. Sábado,Usted Señalemelo,Plastilina,192688,2026-05-23 14:22:00
Indie Rock,6. Sábado,Usted Señalemelo,Cristales,223570,2026-05-23 14:26:00
Indie Rock,6. Sábado,Usted Señalemelo,Textos,292111,2026-05-23 14:31:00
Indie Rock,6. Sábado,Usted Señalemelo,Seis,93089,2026-05-23 14:32:00
Indie Rock,6. Sábado,Usted Señalemelo,Alfredo,184644,2026-05-23 14:35:00
Indie Rock,6. Sábado,Usted Señalemelo,La Luna Patas para Arriba,220109,2026-05-23 14:39:00
Indie Rock,6. Sábado,Usted Señalemelo,Fusión y Fin,176070,2026-05-23 14:42:00
Rock Argentino,7. Domingo,Gustavo Cerati,Alma,4942,2026-05-24 11:46:00
Rock Argentino,7. Domingo,Gustavo Cerati,Alma,23561,2026-05-24 14:10:00
Rock Argentino,7. Domingo,Fito Paez,Ambar Violeta,2990,2026-05-24 14:10:00
Indie Rock,7. Domingo,Rosario Bléfari,Estaciones,188173,2026-05-24 14:13:00
Indie Pop,7. Domingo,Ainda,NO TE ALEJES,210764,2026-05-24 14:17:00
Urbano Latino,7. Domingo,Bad Bunny,VOY A LLeVARTE PA PR,4190,2026-05-24 14:17:00
Rock Argentino,7. Domingo,Babasonicos,La Izquierda de la Noche,2666,2026-05-24 16:33:00
Indie Folk,7. Domingo,Kings of Convenience,Misread,113080,2026-05-24 17:03:00
Indie Rock,7. Domingo,Mac DeMarco,Phantom,110173,2026-05-24 17:32:00
Rock Argentino,7. Domingo,Las Pelotas,Bombachitas Rosas,210027,2026-05-24 17:35:00
Indie Rock,7. Domingo,El Mató a un Policía Motorizado,Medalla de Oro,340200,2026-05-24 17:41:00
Indie Pop,7. Domingo,Galean,Sube a la Nube,218978,2026-05-24 17:45:00
Rock Argentino,7. Domingo,Serú Girán,Salir De La Melancolía,125733,2026-05-24 18:07:00
Rock Argentino,7. Domingo,Babasonicos,Madera Ideológica,245884,2026-05-24 18:11:00
Rock Argentino,7. Domingo,Los Piojos,Ando Ganas (Llora Llora),343293,2026-05-24 18:19:00
Rock Argentino,7. Domingo,Charly García,Víctima,301200,2026-05-24 18:24:00
Urbano Latino,7. Domingo,Trueno,Sangría - con WOS,154956,2026-05-24 18:27:00
Indie Rock,7. Domingo,El Mató a un Policía Motorizado,La Noche Eterna,327739,2026-05-24 18:32:00
Indie Pop,7. Domingo,Bandalos Chinos,Súper V,50184,2026-05-24 18:49:00
Rock Argentino,1. Lunes,Palo Pandolfo,Tu Amor,230625,2026-05-25 11:46:00
Indie Folk,1. Lunes,Juana Aguirre,VOLVIERON,168773,2026-05-25 11:49:00
Urbano Latino,1. Lunes,Trueno,LO TENGO,167443,2026-05-25 11:52:00
Indie Rock,1. Lunes,Mac DeMarco,Phantom,110173,2026-05-25 20:53:00
Urbano Latino,1. Lunes,CA7RIEL & Paco Amoroso,RE FORRO,1143,2026-05-25 20:56:00
Indie Rock,1. Lunes,Suarez,Pájaros,1703,2026-05-25 20:56:00
Rock Argentino,1. Lunes,Fito Paez,Yo Vengo A Ofrecer Mi Corazon,1313,2026-05-25 20:56:00
Indie Folk,1. Lunes,Perro Segovia,Awita de Coco,165512,2026-05-25 21:03:00
Rock Argentino,1. Lunes,Serú Girán,San Francisco y el Lobo - 2019 Remasterizado,21774,2026-05-25 21:04:00
Indie Rock,1. Lunes,Rosario Bléfari,Ningún Mensaje,186707,2026-05-25 21:07:00
Indie Pop,1. Lunes,The Magic Numbers,Forever Lost,6671,2026-05-25 21:22:00
Indie Pop,4. Jueves,Los Besos,El Dron,1438,2026-05-28 12:10:00
Rock Argentino,5. Viernes,Charly García,Piano Bar,4628,2026-05-29 11:41:00
Indie Pop,5. Viernes,Los Mundos Posibles,La Ciudad Mas Austral del Mundo,165095,2026-05-29 22:17:00
Rock Argentino,5. Viernes,Oscar Moro,Como Me Gustaria Ser Negro,202480,2026-05-29 22:21:00
Urbano Latino,5. Viernes,Bad Bunny,Ojitos Lindos,258299,2026-05-29 22:28:00
Indie Pop,5. Viernes,Axel Fiks,Ojitos de Md,1513,2026-05-29 22:33:00
Rock Argentino,5. Viernes,Sui Generis,Botas Locas,294733,2026-05-29 22:44:00
Rock Argentino,5. Viernes,Fito Paez,Tres Agujas,257653,2026-05-29 22:56:00
Indie Pop,5. Viernes,Lara Pedrosa,Melodía de Extrañar.,166950,2026-05-29 22:58:00
Rock Argentino,5. Viernes,Pescado Rabioso,Como el Viento Voy a Ver,251510,2026-05-29 23:03:00
Indie Pop,6. Sábado,Cupido,El Tiempo Es Oro,241246,2026-05-30 11:14:00
Indie Rock,6. Sábado,Cat Power,Sea of Love,139467,2026-05-30 11:24:00
Indie Pop,6. Sábado,Los Mundos Posibles,La Guerra del Japón,170326,2026-05-30 17:41:00
Indie Rock,6. Sábado,Usted Señalemelo,Nuevo Comienzo,186202,2026-05-30 17:44:00
Urbano Latino,6. Sábado,Bad Bunny,Si Veo a Tu Mamá,170972,2026-05-30 17:47:00
Indie Folk,6. Sábado,José González,El Invento,153413,2026-05-30 17:50:00
Indie Rock,6. Sábado,El Mató a un Policía Motorizado,Chica de Oro,233587,2026-05-30 17:59:00
Indie Rock,6. Sábado,Santiago Motorizado,Muchacha de los Ojos Negros,26452,2026-05-30 18:11:00
Indie Rock,6. Sábado,Santiago Motorizado,Muchacha de los Ojos Negros,33881,2026-05-30 21:33:00
Rock Argentino,6. Sábado,Babasonicos,Trinchera,200624,2026-05-30 21:44:00
Indie Rock,6. Sábado,Rosario Bléfari,Estaciones,188173,2026-05-30 21:47:00
Rock Argentino,6. Sábado,Luis Alberto Spinetta,Vamos al Bosque,252920,2026-05-30 21:52:00
Rock Argentino,6. Sábado,Las Pelotas,Capitán América,188000,2026-05-30 21:55:00
Indie Rock,6. Sábado,Marina Fages,Tu Modo Amable,193012,2026-05-30 22:05:00
Rock Argentino,6. Sábado,Luis Alberto Spinetta,Vidami,189120,2026-05-30 22:11:00
Indie Rock,7. Domingo,Arcade Fire,Unconditional I (Lookout Kid),19079,2026-05-31 11:40:00
Indie Rock,7. Domingo,Mac DeMarco,Still Beating,181587,2026-05-31 11:43:00
Indie Pop,7. Domingo,Los Besos,Matemática sentimental,25618,2026-05-31 11:48:00
Indie Pop,7. Domingo,Paula Trama,Intro,56000,2026-05-31 11:49:00
Indie Pop,7. Domingo,Paula Trama,La Cascada de Tu Pelo Enredado,165000,2026-05-31 11:52:00
Indie Pop,7. Domingo,Paula Trama,Cómo Estás,137752,2026-05-31 11:54:00
Indie Pop,7. Domingo,Paula Trama,Destino,95166,2026-05-31 11:56:00
Indie Pop,7. Domingo,Paula Trama,Helados Verdes,223569,2026-05-31 12:00:00
Indie Pop,7. Domingo,Paula Trama,Hoy No,272500,2026-05-31 12:04:00
Indie Pop,7. Domingo,Paula Trama,Los Días Que No Estás,227500,2026-05-31 12:08:00
Indie Pop,7. Domingo,Paula Trama,Pasito Espectacular,137000,2026-05-31 12:10:00
Indie Pop,7. Domingo,Paula Trama,Intro,10510,2026-05-31 12:11:00
Indie Folk,7. Domingo,Juana Aguirre,las mañanas,124188,2026-05-31 12:13:00
Indie Folk,7. Domingo,Juana Aguirre,la noche,252438,2026-05-31 12:17:00
Indie Folk,7. Domingo,Juana Aguirre,las espinas,131393,2026-05-31 12:19:00
Indie Folk,7. Domingo,Juana Aguirre,automático,178523,2026-05-31 12:22:00
Indie Folk,7. Domingo,Juana Aguirre,VOLVIERON,168773,2026-05-31 12:25:00
Indie Folk,7. Domingo,Juana Aguirre,lo_divino,201920,2026-05-31 12:28:00
Indie Folk,7. Domingo,Juana Aguirre,un nombre propio,187762,2026-05-31 12:34:00
Indie Folk,7. Domingo,Juana Aguirre,TORMENTA,129500,2026-05-31 12:36:00
Indie Folk,7. Domingo,Juana Aguirre,las ramas,129818,2026-05-31 12:38:00
Rock Argentino,7. Domingo,Carmen Sánchez Viamonte,Tienes un e-mail I,50645,2026-05-31 12:42:00
Rock Argentino,7. Domingo,Carmen Sánchez Viamonte,Chico de las montañas,192093,2026-05-31 12:42:00
Indie Folk,7. Domingo,Ine Güemes,Montañas,197106,2026-05-31 12:46:00
Indie Folk,7. Domingo,Ine Güemes,Menos,140338,2026-05-31 12:48:00
Indie Pop,7. Domingo,Ainda,Recuerdos de Ypacaraí,246268,2026-05-31 12:57:00
Indie Folk,7. Domingo,Ine Güemes,Cada Mañana,212125,2026-05-31 13:04:00
Indie Folk,7. Domingo,Ine Güemes,Guardarnos días,281416,2026-05-31 13:29:00
Indie Pop,7. Domingo,Ainda,La Otra Mitad,65070,2026-05-31 13:40:00
Indie Pop,7. Domingo,Ainda,La Otra Mitad,6659,2026-05-31 16:14:00
Indie Rock,7. Domingo,Arcade Fire,Age of Anxiety II (Rabbit Hole),8738,2026-05-31 16:20:00
Indie Rock,7. Domingo,Mac DeMarco,Phantom,5188,2026-05-31 16:21:00
Indie Rock,7. Domingo,Jean Dawson,MENTHOL*,4871,2026-05-31 19:30:00
Indie Folk,7. Domingo,The Lumineers,Patience,3129,2026-05-31 19:30:00
Rock Argentino,7. Domingo,Charly García,Vos También Estabas Verde,188507,2026-05-31 19:33:00
Indie Rock,7. Domingo,Mac DeMarco,Still Beating,1022,2026-05-31 19:34:00
Rock Argentino,7. Domingo,Sui Generis,Mariel y el Capitán,2771,2026-05-31 19:56:00
Indie Folk,7. Domingo,Phoebe Bridgers,Motion Sickness,229760,2026-05-31 20:00:00
Indie Folk,7. Domingo,Feli Colina,TRIGAL,1672,2026-05-31 22:43:00
Rock Argentino,4. Jueves,Charly García,Raros Peinados Nuevos,872,2026-06-04 11:14:00
Indie Pop,5. Viernes,Cupido,Ouch :_(,0,2026-06-05 13:28:00
Rock Argentino,5. Viernes,Indio Solari,Había una Vez...,268213,2026-06-05 16:14:00
Rock Argentino,5. Viernes,Indio Solari,Flight 956,307080,2026-06-05 16:19:00
Rock Argentino,5. Viernes,Patricio Rey y sus Redonditos de Ricota,Caña Seca y un Membrillo,268227,2026-06-05 16:24:00
Rock Argentino,5. Viernes,Luis Alberto Spinetta,Rezo Por Vos,202507,2026-06-05 16:31:00
Rock Argentino,5. Viernes,Indio Solari,To Beef Or Not To Beef,279480,2026-06-05 16:39:00
Rock Argentino,5. Viernes,Los Piojos,Muy Despacito,362733,2026-06-05 16:45:00
Rock Argentino,5. Viernes,Bersuit Vergarabat,Vuelos,264587,2026-06-05 16:49:00
Rock Argentino,5. Viernes,Indio Solari,Bebamos de las Copas Lindas,246053,2026-06-05 17:03:00
Rock Argentino,5. Viernes,Sumo,Hola Frank,189773,2026-06-05 17:06:00
Rock Argentino,5. Viernes,Los Piojos,Ando Ganas (Llora Llora),330827,2026-06-05 17:16:00
Rock Argentino,5. Viernes,Indio Solari,El Callejón de los Milagros,171573,2026-06-05 17:25:00
Rock Argentino,5. Viernes,Bersuit Vergarabat,Murguita Del Sur,256973,2026-06-05 17:30:00
Rock Argentino,5. Viernes,Sumo,Heroína,341827,2026-06-05 17:35:00
Rock Argentino,5. Viernes,Los Piojos,Buenos Tiempos,240760,2026-06-05 17:43:00
Rock Argentino,5. Viernes,Indio Solari,Encuentro con un Ángel Amateur - En Vivo,213682,2026-06-05 17:47:00
Rock Argentino,5. Viernes,Indio Solari,La Pequeña Mamba,247293,2026-06-05 19:56:00
Rock Argentino,5. Viernes,Charly García,Asesíname,223173,2026-06-05 20:01:00
Indie Pop,5. Viernes,Astro,Maestro Distorsión,234987,2026-06-05 21:19:00
Indie Rock,5. Viernes,Rosario Bléfari,Vidrieras,45139,2026-06-05 22:44:00
Rock Argentino,5. Viernes,Patricio Rey y sus Redonditos de Ricota,Todo un Palo,440560,2026-06-05 22:52:00
Rock Argentino,5. Viernes,Patricio Rey y sus Redonditos de Ricota,Preso en Mi Ciudad,39286,2026-06-05 22:52:00
Rock Argentino,5. Viernes,Indio Solari,Había una Vez...,268213,2026-06-05 22:57:00
Rock Argentino,5. Viernes,Indio Solari,Black Russian,255352,2026-06-05 23:01:00
Rock Argentino,5. Viernes,Patricio Rey y sus Redonditos de Ricota,Juguetes Perdidos,159310,2026-06-05 23:11:00
Rock Argentino,5. Viernes,Indio Solari,Había una Vez...,268213,2026-06-05 23:15:00
Rock Argentino,5. Viernes,Indio Solari,El Tesoro de los Inocentes,258867,2026-06-05 23:20:00
Rock Argentino,5. Viernes,Patricio Rey y sus Redonditos de Ricota,Semen-Up,320401,2026-06-05 23:43:00
Rock Argentino,5. Viernes,Patricio Rey y sus Redonditos de Ricota,Ya Nadie Va a Escuchar Tu Remera,238133,2026-06-05 23:48:00
Rock Argentino,5. Viernes,Patricio Rey y sus Redonditos de Ricota,Fuegos de Octubre,51323,2026-06-05 23:49:00
Rock Argentino,5. Viernes,Patricio Rey y sus Redonditos de Ricota,Rock para el Negro Atila,240107,2026-06-05 23:53:00
Rock Argentino,5. Viernes,Patricio Rey y sus Redonditos de Ricota,Sorpresa de Shangai,219200,2026-06-05 23:56:00
Rock Argentino,5. Viernes,Patricio Rey y sus Redonditos de Ricota,Shopping Disco-Zen,167627,2026-06-05 23:59:00
Rock Argentino,6. Sábado,Patricio Rey y sus Redonditos de Ricota,Un Ángel para Tu Soledad,231533,2026-06-06 00:03:00
Rock Argentino,6. Sábado,Patricio Rey y sus Redonditos de Ricota,Buenas Noticias,223733,2026-06-06 00:07:00
Rock Argentino,6. Sábado,Patricio Rey y sus Redonditos de Ricota,Susanita,224200,2026-06-06 00:10:00
Rock Argentino,6. Sábado,Patricio Rey y sus Redonditos de Ricota,Capricho Magyar,57907,2026-06-06 00:11:00
Rock Argentino,6. Sábado,Patricio Rey y sus Redonditos de Ricota,Espejismo,242665,2026-06-06 00:15:00
Rock Argentino,6. Sábado,Patricio Rey y sus Redonditos de Ricota,Ladrón de Mi Cerebro,214053,2026-06-06 00:19:00
Rock Argentino,6. Sábado,Patricio Rey y sus Redonditos de Ricota,¡Es Hora de Levantarse Querido! (¿Dormiste Bien?),216280,2026-06-06 00:23:00
Rock Argentino,6. Sábado,Patricio Rey y sus Redonditos de Ricota,Perdiendo el Tiempo,4759,2026-06-06 00:23:00
Rock Argentino,6. Sábado,Patricio Rey y sus Redonditos de Ricota,Buenas Noticias,223733,2026-06-06 00:26:00
Rock Argentino,6. Sábado,Patricio Rey y sus Redonditos de Ricota,Gualicho,630,2026-06-06 00:27:00
Rock Argentino,6. Sábado,Patricio Rey y sus Redonditos de Ricota,Caña Seca y un Membrillo,268227,2026-06-06 00:31:00
Rock Argentino,6. Sábado,Patricio Rey y sus Redonditos de Ricota,Soga de Caín,54101,2026-06-06 00:33:00
Rock Argentino,6. Sábado,Patricio Rey y sus Redonditos de Ricota,Lavi-Rap,185011,2026-06-06 00:36:00
Rock Argentino,6. Sábado,Patricio Rey y sus Redonditos de Ricota,La Murga de la Virgencita,215234,2026-06-06 00:41:00
Rock Argentino,6. Sábado,Patricio Rey y sus Redonditos de Ricota,Nadie Es Perfecto,141782,2026-06-06 01:14:00
Indie Rock,6. Sábado,Mi Amigo Invencible,LA ARAÑA,6540,2026-06-06 11:10:00
Indie Folk,6. Sábado,Ine Güemes,Montañas,10530,2026-06-06 12:22:00
Rock Argentino,6. Sábado,Patricio Rey y sus Redonditos de Ricota,Nadie Es Perfecto,52390,2026-06-06 12:22:00
Indie Pop,6. Sábado,MGMT,Time to Pretend,85580,2026-06-06 12:30:00
Rock Argentino,6. Sábado,Indio Solari,Black Russian,259000,2026-06-06 12:34:00
Rock Argentino,6. Sábado,Patricio Rey y sus Redonditos de Ricota,La Dicha No Es una Cosa Alegre,33041,2026-06-06 12:35:00
Rock Argentino,6. Sábado,Indio Solari,Todos a los Botes!,286067,2026-06-06 12:40:00
Rock Argentino,6. Sábado,Indio Solari,No Es Dios Todo lo que Reluce,288280,2026-06-06 12:44:00
Rock Argentino,6. Sábado,Indio Solari,Ceremonia Durante la Tormenta,152301,2026-06-06 12:47:00
Rock Argentino,6. Sábado,Indio Solari,A los Pájaros que Cantan Sobre las Selvas de Internet,236653,2026-06-06 12:51:00
Rock Argentino,6. Sábado,Indio Solari,Beemedobleve,196333,2026-06-06 12:54:00
Rock Argentino,6. Sábado,Indio Solari,A la Luz de la Luna,278093,2026-06-06 12:59:00
Rock Argentino,6. Sábado,Indio Solari,Las Supersticiones Traen Mala Suerte,43251,2026-06-06 13:04:00
Rock Argentino,6. Sábado,Indio Solari,La Pajarita Pechiblanca (scherzo),206973,2026-06-06 13:07:00
Rock Argentino,6. Sábado,Indio Solari,A los Pájaros que Cantan Sobre las Selvas de Internet,17558,2026-06-06 13:08:00
Rock Argentino,6. Sábado,Indio Solari,Las Supersticiones Traen Mala Suerte,191826,2026-06-06 13:41:00
Indie Rock,6. Sábado,Reina Momo,Mi Genio Amor,0,2026-06-06 15:13:00
Rock Argentino,6. Sábado,Indio Solari,Amok! Amok!,21179,2026-06-06 15:13:00
Rock Argentino,6. Sábado,Indio Solari,Las Supersticiones Traen Mala Suerte,39347,2026-06-06 15:13:00
Rock Argentino,6. Sábado,Patricio Rey y sus Redonditos de Ricota,Me Matan Limón!,215360,2026-06-06 15:22:00
Rock Argentino,6. Sábado,Indio Solari,Martinis y Tafiroles,180347,2026-06-06 15:28:00
Rock Argentino,6. Sábado,Conociendo Rusia,Otra Oportunidad,243040,2026-06-06 15:58:00
Rock Argentino,6. Sábado,Los Piojos,Amor de Perros,0,2026-06-06 16:32:00
Rock Argentino,6. Sábado,Fito Paez,Las Fuerzas Armadas del Amor,0,2026-06-06 19:50:00
Rock Argentino,6. Sábado,Los Piojos,Amor de Perros,263467,2026-06-06 19:55:00
Indie Pop,6. Sábado,Alex Anwandter,Tatuaje,238147,2026-06-06 20:10:00
Rock Argentino,6. Sábado,Fito Paez,Las Fuerzas Armadas del Amor,200,2026-06-06 20:16:00
Urbano Latino,6. Sábado,Dillom,Ciudad de la Paz (Portal Sessions),221670,2026-06-06 20:21:00
Rock Argentino,6. Sábado,Fito Paez,Las Fuerzas Armadas del Amor,4482,2026-06-06 20:21:00
Rock Argentino,6. Sábado,Indio Solari,Black Russian,259000,2026-06-06 20:25:00
Rock Argentino,6. Sábado,Luis Alberto Spinetta,Viento del Azur,20774,2026-06-06 20:41:00
Indie Rock,6. Sábado,El Mató a un Policía Motorizado,Escupíme,181920,2026-06-06 20:47:00
Rock Argentino,6. Sábado,Babasonicos,Tormento,45789,2026-06-06 20:48:00
Indie Rock,6. Sábado,Mac DeMarco,My Kind of Woman,190846,2026-06-06 20:51:00
Indie Rock,6. Sábado,Mac DeMarco,Still Beating,181587,2026-06-06 21:05:00
Rock Argentino,6. Sábado,Pescado Rabioso,Dulce 3 Nocturno,600,2026-06-06 21:23:00
Indie Rock,6. Sábado,Perras on the beach,Puchos,73400,2026-06-06 23:20:00
Rock Argentino,7. Domingo,Fito Paez,Las Fuerzas Armadas del Amor,9,2026-06-07 01:54:00
Rock Argentino,7. Domingo,Las Pelotas,Sin la Piel,3915,2026-06-07 01:55:00
Rock Argentino,7. Domingo,Patricio Rey y sus Redonditos de Ricota,Blues de la Libertad,4200,2026-06-07 02:05:00
Indie Rock,7. Domingo,Arcade Fire,Age of Anxiety II (Rabbit Hole),8402,2026-06-07 11:10:00
Indie Rock,1. Lunes,Usted Señalemelo,"Puedo Morir, Puedo Caer",76,2026-06-08 11:10:00
Indie Rock,1. Lunes,Perras on the beach,Puchos,231295,2026-06-08 20:56:00
Rock Argentino,1. Lunes,Indio Solari,Black Russian,9235,2026-06-08 21:01:00
Rock Argentino,1. Lunes,Patricio Rey y sus Redonditos de Ricota,Blues de la Libertad,300960,2026-06-08 21:01:00
Rock Argentino,1. Lunes,Patricio Rey y sus Redonditos de Ricota,Blues de la Libertad,18973,2026-06-08 21:01:00
Urbano Latino,1. Lunes,Dillom,Cirugía,12427,2026-06-08 21:01:00
Rock Argentino,1. Lunes,Indio Solari,Black Russian,259000,2026-06-08 21:11:00
Rock Argentino,1. Lunes,Babasonicos,Lajotape,251760,2026-06-08 21:15:00
Indie Rock,1. Lunes,Suarez,Un Rayo de Sol,294307,2026-06-08 21:25:00
Indie Rock,1. Lunes,Rosario Bléfari,Estaciones,34519,2026-06-08 21:46:00
Indie Pop,1. Lunes,Cupido,Ouch :_(,17625,2026-06-08 22:18:00
Rock Argentino,1. Lunes,Patricio Rey y sus Redonditos de Ricota,Blues de la Libertad,25320,2026-06-08 22:19:00
Rock Argentino,1. Lunes,Indio Solari,Black Russian,12800,2026-06-08 22:37:00
Indie Rock,1. Lunes,Reina Momo,Mi Genio Amor,4084,2026-06-08 22:37:00
Indie Pop,1. Lunes,Cupido,Ouch :_(,0,2026-06-08 22:37:00
Indie Pop,1. Lunes,Cupido,Ouch :_(,480,2026-06-08 22:37:00
Rock Argentino,1. Lunes,Patricio Rey y sus Redonditos de Ricota,Blues de la Libertad,300960,2026-06-08 22:43:00
Rock Argentino,1. Lunes,Patricio Rey y sus Redonditos de Ricota,Nuotatori Professionisti,281560,2026-06-08 22:47:00
Rock Argentino,1. Lunes,Indio Solari,To Beef Or Not To Beef,279480,2026-06-08 22:52:00
Rock Argentino,1. Lunes,Patricio Rey y sus Redonditos de Ricota,La Pequeña Novia del Carioca,290627,2026-06-08 23:09:00
Rock Argentino,1. Lunes,Los Piojos,Te Diría,316773,2026-06-08 23:14:00
Rock Argentino,1. Lunes,Indio Solari,Bebamos de las Copas Lindas,246053,2026-06-08 23:18:00
Rock Argentino,1. Lunes,Bersuit Vergarabat,El Tiempo No Para - Live In Buenos Aires / 2001,321640,2026-06-08 23:28:00
Rock Argentino,1. Lunes,Patricio Rey y sus Redonditos de Ricota,Ella Debe Estar Tan Linda,241307,2026-06-08 23:32:00
Rock Argentino,1. Lunes,Indio Solari,Ramas Desnudas,294427,2026-06-08 23:49:00
Rock Argentino,1. Lunes,Patricio Rey y sus Redonditos de Ricota,El Templo de Momo,201960,2026-06-08 23:56:00
Rock Argentino,2. Martes,Sumo,Teléfonos / White Trash,527000,2026-06-09 00:05:00
Rock Argentino,2. Martes,Fito Paez,Ciudad De Pobres Corazones,328800,2026-06-09 00:10:00
Rock Argentino,2. Martes,Bersuit Vergarabat,Esperando El Impacto,217200,2026-06-09 00:14:00
Rock Argentino,2. Martes,Indio Solari,Flight 956,307080,2026-06-09 00:19:00
Rock Argentino,2. Martes,Patricio Rey y sus Redonditos de Ricota,Vamos las Bandas,228267,2026-06-09 00:23:00
Rock Argentino,2. Martes,Sumo,Mañana en el Abasto,248307,2026-06-09 00:30:00
Rock Argentino,2. Martes,Fito Paez,Polaroid De Locura Ordinaria,209240,2026-06-09 00:33:00
Rock Argentino,2. Martes,Bersuit Vergarabat,Un Pacto - Live In Buenos Aires / 2001,295160,2026-06-09 00:38:00
Rock Argentino,2. Martes,Patricio Rey y sus Redonditos de Ricota,Ropa Sucia,264133,2026-06-09 00:43:00
Rock Argentino,2. Martes,Indio Solari,Pabellón Séptimo (Relato de Horacio),286133,2026-06-09 00:48:00
Rock Argentino,2. Martes,La Renga,El Viento Que Todo Empuja,321800,2026-06-09 00:57:00
Rock Argentino,2. Martes,Fito Paez,"Sasha, Sissí y el círculo de baba",273093,2026-06-09 01:01:00
Rock Argentino,2. Martes,Patricio Rey y sus Redonditos de Ricota,Mariposa Pontiac - Rock del País,289613,2026-06-09 01:06:00
Rock Argentino,2. Martes,Bersuit Vergarabat,Desconexión Sideral,291493,2026-06-09 01:11:00
Rock Argentino,2. Martes,Indio Solari,Había una Vez...,268213,2026-06-09 01:15:00
Rock Argentino,2. Martes,Divididos,Ala Delta,354747,2026-06-09 01:27:00
Rock Argentino,2. Martes,Patricio Rey y sus Redonditos de Ricota,Scaramanzia,329200,2026-06-09 01:33:00
Rock Argentino,2. Martes,Fito Paez,Giros,225240,2026-06-09 01:36:00
Rock Argentino,2. Martes,Bersuit Vergarabat,Veneno De Humanidad,317560,2026-06-09 01:42:00
Rock Argentino,2. Martes,Indio Solari,Por Qué Será Que Dios No Me Quiere?,237907,2026-06-09 01:46:00
Rock Argentino,2. Martes,Patricio Rey y sus Redonditos de Ricota,El Infierno Está Encantador Esta Noche,292360,2026-06-09 01:54:00
Rock Argentino,2. Martes,Divididos,¿Qué Tal?,180427,2026-06-09 01:57:00
Rock Argentino,2. Martes,Sumo,Crua Chan,210893,2026-06-09 02:01:00
Rock Argentino,2. Martes,Bersuit Vergarabat,Sencillamente,307307,2026-06-09 02:06:00
Rock Argentino,2. Martes,Indio Solari,El Martillo de las Brujas (Malleus Maleficarum),227173,2026-06-09 02:10:00
Rock Argentino,2. Martes,Patricio Rey y sus Redonditos de Ricota,Cruz Diablo!,253893,2026-06-09 02:14:00
Rock Argentino,2. Martes,Fito Paez,La balada de Donna Helena,365640,2026-06-09 02:25:00
Rock Argentino,2. Martes,Divididos,Ortega Y Gases,152507,2026-06-09 02:32:00
Rock Argentino,2. Martes,Patricio Rey y sus Redonditos de Ricota,La Parabellum del Buen Psicópata,353907,2026-06-09 02:38:00
Rock Argentino,2. Martes,Indio Solari,El Charro Chino,266493,2026-06-09 02:43:00
Rock Argentino,2. Martes,Bersuit Vergarabat,El Viento Trae Una Copla,255173,2026-06-09 02:47:00
Rock Argentino,2. Martes,La Renga,El Rito De Los Corazones Sangrando,239893,2026-06-09 02:51:00
Rock Argentino,2. Martes,Patricio Rey y sus Redonditos de Ricota,Gran Lady,210347,2026-06-09 02:58:00
Rock Argentino,2. Martes,Fito Paez,La Ciudad De Los Pibes Sin Calma,223293,2026-06-09 03:02:00
Rock Argentino,2. Martes,Indio Solari,Y Mientras Tanto el Sol Se Muere...,240800,2026-06-09 03:06:00
Rock Argentino,2. Martes,Bersuit Vergarabat,Perro Amor Explota - Live In Buenos Aires / 2001,268840,2026-06-09 03:10:00
Rock Argentino,2. Martes,La Renga,Cuándo Vendrán,261533,2026-06-09 03:14:00
Rock Argentino,2. Martes,Patricio Rey y sus Redonditos de Ricota,¡Lobo ¿Estás?!,181613,2026-06-09 03:17:00
Rock Argentino,2. Martes,Fito Paez,Yo te amé en Nicaragua,298987,2026-06-09 03:26:00
Rock Argentino,2. Martes,Indio Solari,La Oscuridad,230053,2026-06-09 03:30:00
Rock Argentino,2. Martes,Patricio Rey y sus Redonditos de Ricota,Fusilados por la Cruz Roja,255000,2026-06-09 03:40:00
Rock Argentino,2. Martes,La Renga,Hablando De La Libertad,369000,2026-06-09 03:46:00
Indie Pop,2. Martes,Patobest,Reina Momo (Acustico),155509,2026-06-09 03:52:00
Rock Argentino,2. Martes,Indio Solari,A la Luz de la Luna,278093,2026-06-09 03:56:00
Rock Argentino,2. Martes,Patricio Rey y sus Redonditos de Ricota,El Arte del Buen Comer,276440,2026-06-09 04:01:00
Rock Argentino,2. Martes,La Renga,En Pie,253653,2026-06-09 04:11:00
Rock Argentino,2. Martes,Divididos,Dame Un Limón,236947,2026-06-09 04:17:00
Rock Argentino,2. Martes,Patricio Rey y sus Redonditos de Ricota,Las Increíbles Andanzas del Capitán Buscapina en Cybersiberia,284533,2026-06-09 04:21:00
Rock Argentino,2. Martes,Indio Solari,Tsunami,257813,2026-06-09 04:26:00
Rock Argentino,2. Martes,Patricio Rey y sus Redonditos de Ricota,Ella Baila Con Todos,299160,2026-06-09 04:43:00
Rock Argentino,2. Martes,Sumo,No Acabes,60005,2026-06-09 11:00:00
Rock Argentino,2. Martes,Patricio Rey y sus Redonditos de Ricota,La Hija del Fletero,195173,2026-06-09 22:15:00
Rock Argentino,2. Martes,Patricio Rey y sus Redonditos de Ricota,El Lobo Caído,34590,2026-06-09 22:15:00
Rock Argentino,2. Martes,Patricio Rey y sus Redonditos de Ricota,Etiqueta Negra,336547,2026-06-09 22:21:00
Rock Argentino,3. Miércoles,Patricio Rey y sus Redonditos de Ricota,Rock Yugular,22180,2026-06-10 00:19:00
Rock Argentino,3. Miércoles,Indio Solari,Black Russian,248194,2026-06-10 00:23:00
Rock Argentino,3. Miércoles,Indio Solari,Una Rata Muerta Entre los Geranios,13613,2026-06-10 00:24:00
Rock Argentino,3. Miércoles,Patricio Rey y sus Redonditos de Ricota,La Hija del Fletero,195173,2026-06-10 00:27:00
Indie Rock,3. Miércoles,Rosario Bléfari,Viento Helado,178013,2026-06-10 00:32:00
Rock Argentino,3. Miércoles,Patricio Rey y sus Redonditos de Ricota,La Hija del Fletero,184643,2026-06-10 00:54:00
Indie Rock,3. Miércoles,Perras on the beach,Puchos,116690,2026-06-10 00:56:00
Rock Argentino,3. Miércoles,Patricio Rey y sus Redonditos de Ricota,Una Piba Con la Remera de Greenpeace,14547,2026-06-10 01:01:00
Indie Rock,3. Miércoles,Perras on the beach,Puchos,136887,2026-06-10 01:17:00
Rock Argentino,3. Miércoles,Patricio Rey y sus Redonditos de Ricota,Una Piba Con la Remera de Greenpeace,220467,2026-06-10 01:24:00
Indie Rock,3. Miércoles,Mac DeMarco,Moonlight on the River,422613,2026-06-10 01:31:00
Indie Rock,3. Miércoles,El Mató a un Policía Motorizado,Diamante Roto,181766,2026-06-10 01:46:00
Indie Pop,3. Miércoles,Bandalos Chinos,Departamento,234466,2026-06-10 01:50:00
Rock Argentino,3. Miércoles,Moris,Pato Trabaja en una Carnicería,253813,2026-06-10 01:54:00
Rock Argentino,3. Miércoles,Pescado Rabioso,Como el Viento Voy a Ver,311560,2026-06-10 01:59:00
Indie Pop,3. Miércoles,Srta. Trueno Negro,Si Supiese Escribir,50928,2026-06-10 02:00:00
Indie Rock,3. Miércoles,Perras on the beach,Puchos,232000,2026-06-10 11:25:00
Rock Argentino,3. Miércoles,Oscar Moro,Como Me Gustaria Ser Negro,322274,2026-06-10 11:41:00
Indie Rock,3. Miércoles,Mac DeMarco,My Kind of Woman,190846,2026-06-10 11:45:00
Indie Rock,3. Miércoles,El Mató a un Policía Motorizado,Diamante Roto,181766,2026-06-10 11:48:00
Indie Rock,3. Miércoles,El Mató a un Policía Motorizado,Escupíme,181920,2026-06-10 11:51:00
Rock Argentino,3. Miércoles,Babasonicos,Perfume Casino,148810,2026-06-10 11:54:00
Rock Argentino,3. Miércoles,Indio Solari,Black Russian,259000,2026-06-10 12:10:00
Indie Pop,3. Miércoles,The Smiths,Unloveable - 2011 Remaster,236667,2026-06-10 12:14:00
Indie Rock,3. Miércoles,XENEZE,When i Wake,280313,2026-06-10 12:44:00
Rock Argentino,3. Miércoles,Fito Paez,Cable A Tierra,71520,2026-06-10 12:45:00
Indie Rock,3. Miércoles,Perras on the beach,Puchos,232000,2026-06-10 15:06:00
Rock Argentino,3. Miércoles,Patricio Rey y sus Redonditos de Ricota,Blues de la Libertad,300960,2026-06-10 15:11:00
Indie Rock,3. Miércoles,Perras on the beach,Puchos,232000,2026-06-10 15:22:00
Indie Rock,3. Miércoles,Perras on the beach,Película,86853,2026-06-10 15:27:00
Indie Rock,3. Miércoles,Perras on the beach,Ramona,117659,2026-06-10 15:29:00
Indie Rock,3. Miércoles,Perras on the beach,Un Montón,252778,2026-06-10 15:33:00
Indie Rock,3. Miércoles,Perras on the beach,Puchos,232000,2026-06-10 15:37:00
Indie Rock,3. Miércoles,Perras on the beach,Las Ideas,236716,2026-06-10 15:41:00
Indie Rock,3. Miércoles,Perras on the beach,Tuca,274077,2026-06-10 15:45:00
Indie Rock,3. Miércoles,Perras on the beach,Municipálida,300276,2026-06-10 15:50:00
Indie Rock,3. Miércoles,Perras on the beach,Tus Pecas - Bonus Track,167380,2026-06-10 15:53:00
Indie Rock,3. Miércoles,Perras on the beach,Turco X,142087,2026-06-10 15:55:00
Indie Rock,3. Miércoles,Perras on the beach,La Playa - Mambo,194000,2026-06-10 15:59:00
Indie Rock,3. Miércoles,Perras on the beach,El Tiempo,181050,2026-06-10 16:48:00
Indie Pop,3. Miércoles,Cupido,Ouch :_(,0,2026-06-10 21:26:00
Indie Rock,3. Miércoles,Perras on the beach,Puchos,82896,2026-06-10 22:10:00
Indie Pop,3. Miércoles,Los Besos,Chica de los trenes,202250,2026-06-10 22:19:00
Indie Pop,3. Miércoles,Los Besos,Limeña,236286,2026-06-10 22:28:00
Indie Folk,3. Miércoles,Julio y Agosto,Amigo,200173,2026-06-10 22:34:00
Indie Pop,4. Jueves,Axel Fiks,Fellinesca,21631,2026-06-11 11:10:00
Indie Pop,4. Jueves,Los Mundos Posibles,La Guerra del Japón,52960,2026-06-11 22:30:00
Indie Folk,4. Jueves,Chechi de Marcos,Casi Nunca Entiendo Nada,10210,2026-06-11 22:34:00
Indie Pop,5. Viernes,FLORIAN,TKM,59852,2026-06-12 11:11:00
Indie Pop,5. Viernes,Ainda,ROMPECABEZAS,46950,2026-06-12 22:34:00
Rock Argentino,5. Viernes,Patricio Rey y sus Redonditos de Ricota,La Hija del Fletero,195173,2026-06-12 22:37:00
Rock Argentino,5. Viernes,Patricio Rey y sus Redonditos de Ricota,Blues de la Libertad,300960,2026-06-12 22:47:00
Indie Rock,5. Viernes,Perras on the beach,Puchos,3350,2026-06-12 22:58:00
Indie Rock,6. Sábado,Perras on the beach,Puchos,232000,2026-06-13 12:00:00
Indie Rock,6. Sábado,Perras on the beach,Película,6258,2026-06-13 12:07:00
Indie Rock,6. Sábado,Perras on the beach,Mis Amigos,41593,2026-06-13 12:08:00
Indie Rock,6. Sábado,Perras on the beach,Ramona,117659,2026-06-13 12:10:00
Indie Rock,6. Sábado,Perras on the beach,Puchos,232000,2026-06-13 12:14:00
Indie Rock,6. Sábado,Perras on the beach,La Playa - Mambo,194000,2026-06-13 12:17:00
Indie Rock,6. Sábado,Perras on the beach,Un Montón,252778,2026-06-13 12:21:00
Indie Rock,6. Sábado,Perras on the beach,Australia,230000,2026-06-13 12:25:00
Indie Rock,6. Sábado,Perras on the beach,Turco X,142087,2026-06-13 12:28:00
Indie Rock,6. Sábado,Perras on the beach,Tus Pecas - Bonus Track,167380,2026-06-13 12:30:00
Indie Rock,6. Sábado,Perras on the beach,Viaje Alucinante al Centro de la Mente,300136,2026-06-13 12:36:00
Indie Rock,6. Sábado,Usted Señalemelo,Big Bang,134122,2026-06-13 12:38:00
Indie Rock,6. Sábado,Usted Señalemelo,Salto al Espacio,181000,2026-06-13 12:41:00
Indie Rock,6. Sábado,Usted Señalemelo,TRAS,179872,2026-06-13 12:44:00
Indie Rock,6. Sábado,Usted Señalemelo,Melodía del Viento,253053,2026-06-13 12:48:00
Indie Rock,6. Sábado,Usted Señalemelo,Sol,182782,2026-06-13 12:51:00
Indie Rock,6. Sábado,Usted Señalemelo,"Nena, dime algo.",156738,2026-06-13 12:54:00
Indie Rock,6. Sábado,Usted Señalemelo,Cabo,189633,2026-06-13 12:57:00
Indie Rock,6. Sábado,Usted Señalemelo,Horizonte,170000,2026-06-13 13:00:00
Indie Rock,6. Sábado,Usted Señalemelo,La Verdad,83761,2026-06-13 13:18:00
Urbano Latino,6. Sábado,Trueno,PUMAS,461,2026-06-13 13:24:00
Indie Folk,6. Sábado,Esmeralda Escalante,Volcán,236536,2026-06-13 13:52:00
Urbano Latino,6. Sábado,Trueno,PUMAS,1450,2026-06-13 15:14:00
Urbano Latino,6. Sábado,Trueno,PUMAS,0,2026-06-13 15:14:00
Urbano Latino,6. Sábado,Trueno,PUMAS,22364,2026-06-13 15:15:00
Urbano Latino,6. Sábado,Trueno,PUMAS,0,2026-06-13 19:19:00
Rock Argentino,6. Sábado,Patricio Rey y sus Redonditos de Ricota,La Hija del Fletero,195173,2026-06-13 19:22:00
Rock Argentino,6. Sábado,La Renga,Blues De Bolivia - Live,179583,2026-06-13 19:25:00
Rock Argentino,6. Sábado,Indio Solari,Black Russian,259000,2026-06-13 20:36:00
Rock Argentino,6. Sábado,Patricio Rey y sus Redonditos de Ricota,Nadie Es Perfecto,142960,2026-06-13 20:42:00
Rock Argentino,6. Sábado,Patricio Rey y sus Redonditos de Ricota,Luzbelito y las Sirenas,246267,2026-06-13 20:46:00
Indie Rock,7. Domingo,Mac DeMarco,My Kind of Woman,190846,2026-06-14 13:24:00
Indie Rock,7. Domingo,Arctic Monkeys,I Wanna Be Yours,183956,2026-06-14 13:31:00
Indie Folk,7. Domingo,Juana Aguirre,VOLVIERON,168773,2026-06-14 13:47:00
Indie Rock,7. Domingo,El Mató a un Policía Motorizado,Escupíme,181920,2026-06-14 13:50:00
Indie Rock,7. Domingo,Wach,5 cosas (with La Llorona y su Jardín de Dragones),176393,2026-06-14 14:15:00
Rock Argentino,7. Domingo,Charly García,Reloj de Plastilina,281933,2026-06-14 14:34:00
Indie Rock,7. Domingo,Sticky Fingers,Feast Your Eyes,153637,2026-06-14 15:00:00
Urbano Latino,7. Domingo,Bad Bunny,VOY A LLeVARTE PA PR,156365,2026-06-14 15:02:00
Indie Folk,7. Domingo,Phoebe Bridgers,Motion Sickness,229760,2026-06-14 15:15:00
Indie Rock,7. Domingo,El Mató a un Policía Motorizado,Escupíme,181920,2026-06-14 16:23:00
Indie Rock,7. Domingo,Wach,5 cosas (with La Llorona y su Jardín de Dragones),1477,2026-06-14 16:32:00
Rock Argentino,7. Domingo,Charly García,Reloj de Plastilina,1378,2026-06-14 16:36:00
Urbano Latino,7. Domingo,Trueno,PUMAS,419,2026-06-14 16:39:00
Indie Rock,7. Domingo,Wach,5 cosas (with La Llorona y su Jardín de Dragones),1666,2026-06-14 19:55:00
Rock Argentino,7. Domingo,Patricio Rey y sus Redonditos de Ricota,Una Piba Con la Remera de Greenpeace,1634,2026-06-14 20:01:00
Rock Argentino,7. Domingo,Patricio Rey y sus Redonditos de Ricota,Blues de la Libertad,300960,2026-06-14 20:11:00
Indie Rock,7. Domingo,Perras on the beach,Puchos,88630,2026-06-14 20:39:00
Indie Rock,2. Martes,El Mató a un Policía Motorizado,Doctora Muerte,788,2026-06-16 12:07:00
Rock Argentino,3. Miércoles,Indio Solari,To Beef Or Not To Beef - En Vivo,96970,2026-06-17 15:43:00
Rock Argentino,3. Miércoles,Indio Solari,El Charro Chino,29503,2026-06-17 15:47:00
Rock Argentino,3. Miércoles,Indio Solari,La Pequeña Mamba,241383,2026-06-17 15:47:00
Rock Argentino,3. Miércoles,Indio Solari,La Oscuridad,151523,2026-06-17 15:50:00
Rock Argentino,3. Miércoles,Indio Solari,Había una Vez...,268213,2026-06-17 15:54:00
Rock Argentino,3. Miércoles,Indio Solari,El Tesoro de los Inocentes,99900,2026-06-17 17:13:00
Indie Pop,3. Miércoles,Cupido,Ouch :_(,4094,2026-06-17 22:41:00
Indie Rock,3. Miércoles,Nina Suárez,Quequén,120654,2026-06-17 22:43:00
Rock Argentino,3. Miércoles,Charly García,Superhéroes,267653,2026-06-17 23:06:00
Rock Argentino,3. Miércoles,Divididos,Agua En Buenos Aires,221513,2026-06-17 23:16:00
Rock Argentino,3. Miércoles,Indio Solari,To Beef Or Not To Beef - En Vivo,3972,2026-06-17 23:28:00
Indie Pop,3. Miércoles,Cupido,Ouch :_(,0,2026-06-17 23:28:00
Indie Pop,3. Miércoles,Cupido,Ouch :_(,2802,2026-06-17 23:28:00
Rock Argentino,3. Miércoles,Indio Solari,Bebamos de las Copas Lindas,246053,2026-06-17 23:36:00
Indie Rock,5. Viernes,Perras on the beach,Película,23895,2026-06-19 22:09:00
Rock Argentino,5. Viernes,Indio Solari,Bebamos de las Copas Lindas,246053,2026-06-19 22:26:00
Indie Rock,5. Viernes,Nina Suárez,Quequén,120654,2026-06-19 22:29:00
Rock Argentino,5. Viernes,Indio Solari,Había una Vez...,268213,2026-06-19 22:34:00
Rock Argentino,5. Viernes,Indio Solari,La Oscuridad,31620,2026-06-19 22:34:00
Rock Argentino,5. Viernes,Indio Solari,To Beef Or Not To Beef - En Vivo,90003,2026-06-19 23:11:00
Indie Rock,6. Sábado,Nina Suárez,Quequén,9659,2026-06-20 11:31:00
Rock Argentino,6. Sábado,Indio Solari,Bebamos de las Copas Lindas,246053,2026-06-20 12:26:00
Rock Argentino,6. Sábado,Patricio Rey y sus Redonditos de Ricota,Una Piba Con la Remera de Greenpeace,220467,2026-06-20 12:38:00
Rock Argentino,6. Sábado,Patricio Rey y sus Redonditos de Ricota,La Hija del Fletero,195173,2026-06-20 12:41:00
Indie Folk,6. Sábado,Juana Aguirre,VOLVIERON,168773,2026-06-20 12:56:00
Indie Rock,6. Sábado,El Mató a un Policía Motorizado,Escupíme,181920,2026-06-20 12:59:00
Rock Argentino,6. Sábado,Indio Solari,Bebamos de las Copas Lindas,246053,2026-06-20 15:30:00
Rock Argentino,6. Sábado,Patricio Rey y sus Redonditos de Ricota,La Hija del Fletero,101400,2026-06-20 15:54:00
Rock Argentino,6. Sábado,Patricio Rey y sus Redonditos de Ricota,La Hija del Fletero,93789,2026-06-20 15:59:00
Rock Argentino,6. Sábado,Patricio Rey y sus Redonditos de Ricota,Todo un Palo,150950,2026-06-20 16:26:00
Indie Pop,6. Sábado,Los Besos,El Dron,140650,2026-06-20 17:17:00
Indie Pop,6. Sábado,Los Besos,Telón,191400,2026-06-20 17:20:00
Indie Pop,6. Sábado,Los Besos,Copia Viva,184750,2026-06-20 17:23:00
Indie Pop,6. Sábado,Los Besos,Destino,106920,2026-06-20 17:25:00
Indie Pop,6. Sábado,Los Besos,En Mis Sueños,147200,2026-06-20 17:27:00
Indie Pop,6. Sábado,Los Besos,Barón Biza,143120,2026-06-20 17:30:00
Indie Pop,6. Sábado,Los Besos,Amazonas,135600,2026-06-20 17:32:00
Indie Pop,6. Sábado,Los Besos,Albañil,188650,2026-06-20 17:35:00
Indie Pop,6. Sábado,Los Besos,Las melodías,182380,2026-06-20 17:38:00
Indie Pop,6. Sábado,Los Besos,La Cascada de Tu Pelo Enredado,196600,2026-06-20 17:42:00
Indie Pop,6. Sábado,Los Besos,Helados Verdes,203950,2026-06-20 17:45:00
Indie Rock,6. Sábado,Nina Suárez,Te amo,167436,2026-06-20 17:48:00
Indie Rock,6. Sábado,Mi Amigo Invencible,Jinete del atardecer,177394,2026-06-20 17:55:00
Indie Folk,6. Sábado,Julio y Agosto,El nudo,222760,2026-06-20 18:02:00
Indie Pop,6. Sábado,Los Besos,Canción del Ballotage,155290,2026-06-20 18:04:00
Indie Rock,6. Sábado,Nina Suárez,Roto por dentro,193712,2026-06-20 18:07:00
Rock Argentino,6. Sábado,Carmen Sánchez Viamonte,Verano 2023 - Bonus Track,287194,2026-06-20 18:12:00
Indie Folk,6. Sábado,Coiffeur,Buenos recuerdos,158227,2026-06-20 18:15:00
Indie Folk,6. Sábado,Julio y Agosto,El Baile,165787,2026-06-20 18:21:00
Indie Pop,6. Sábado,Los Besos,Pésima Idea,236440,2026-06-20 18:25:00
Indie Rock,6. Sábado,Nina Suárez,Corrida al Arco,253457,2026-06-20 18:29:00
Rock Argentino,6. Sábado,Carmen Sánchez Viamonte,Pensamientos intrusivos,257990,2026-06-20 18:33:00
Indie Pop,6. Sábado,Galean,Político o Rolling Stone,246001,2026-06-20 18:37:00
Indie Rock,6. Sábado,Mi Amigo Invencible,Colinas,174206,2026-06-20 18:40:00
Indie Rock,6. Sábado,Pels,Encuentro en el Chino,315495,2026-06-20 18:46:00
Indie Pop,6. Sábado,Los Besos,Offline,204400,2026-06-20 18:49:00
Indie Rock,6. Sábado,Nina Suárez,La salvación,19830,2026-06-20 18:59:00
Indie Rock,7. Domingo,Usted Señalemelo,No puedo dejar,18403,2026-06-21 12:31:00
Indie Rock,7. Domingo,Nina Suárez,Quequén,120654,2026-06-21 12:41:00
Rock Argentino,7. Domingo,Indio Solari,Había una Vez...,268213,2026-06-21 12:45:00
Rock Argentino,7. Domingo,Indio Solari,La Oscuridad,107473,2026-06-21 12:55:00
Indie Rock,7. Domingo,Usted Señalemelo,Seúl,144109,2026-06-21 13:47:00
Indie Rock,7. Domingo,Santiago Motorizado,No Podrás - En Vivo en Fa!,227248,2026-06-21 13:51:00
Indie Rock,7. Domingo,Mi Amigo Invencible,Máquina del Tiempo,247412,2026-06-21 13:55:00
Indie Rock,7. Domingo,Hojas por el Barrio,Nos Pasa Lo Mismo,181790,2026-06-21 14:13:00
Indie Rock,7. Domingo,Mi Amigo Invencible,Llamada perdida,165914,2026-06-21 14:16:00
Indie Rock,7. Domingo,Santiago Motorizado,Amor En El Cine,236711,2026-06-21 14:23:00
Urbano Latino,7. Domingo,lisandro skar,flashié,154034,2026-06-21 14:32:00
Indie Rock,7. Domingo,Santiago Motorizado,El Gomoso,189766,2026-06-21 14:47:00
Urbano Latino,7. Domingo,lisandro skar,uno atrás de otro,185000,2026-06-21 14:55:00
Indie Rock,7. Domingo,Noveno Maturín,Quienes Serán,229952,2026-06-21 14:59:00
Indie Rock,7. Domingo,un muerto mas,⁠me falta plata,116067,2026-06-21 15:20:00
Indie Pop,7. Domingo,Axel Fiks,mi interés,205824,2026-06-21 15:27:00
Indie Folk,7. Domingo,Agua de Florero,Encendedor,248383,2026-06-21 15:31:00
Indie Pop,7. Domingo,El Zar,Bahía,241926,2026-06-21 15:35:00
Indie Rock,7. Domingo,Santiago Motorizado,Pienso En Vos,254175,2026-06-21 15:43:00
Indie Rock,7. Domingo,Posguerra,Ojos Cristalinos,246888,2026-06-21 15:51:00
Indie Pop,7. Domingo,El Zar,Sigo Esperando,189202,2026-06-21 15:58:00
Rock Argentino,7. Domingo,Las Pelotas,Sin la Piel,221463,2026-06-21 16:01:00
Indie Pop,7. Domingo,Isla de Caras,Mirar Peliculas,209457,2026-06-21 16:05:00
Indie Pop,7. Domingo,BALTA,Ojos de Café,123307,2026-06-21 16:10:00
Indie Rock,7. Domingo,Nina Suárez,Quequén,120654,2026-06-21 16:58:00
Rock Argentino,7. Domingo,Indio Solari,Había una Vez...,55590,2026-06-21 17:24:00
Urbano Latino,7. Domingo,Trueno,PUMAS,0,2026-06-21 19:25:00
Rock Argentino,7. Domingo,Indio Solari,Había una Vez...,268213,2026-06-21 19:30:00
Rock Argentino,7. Domingo,Indio Solari,La Oscuridad,7097,2026-06-21 19:30:00
Rock Argentino,7. Domingo,Indio Solari,La Pequeña Mamba,247293,2026-06-21 19:34:00
Rock Argentino,7. Domingo,Indio Solari,To Beef Or Not To Beef - En Vivo,49070,2026-06-21 19:45:00
Rock Argentino,7. Domingo,Indio Solari,To Beef Or Not To Beef - En Vivo,239609,2026-06-21 19:50:00
Urbano Latino,1. Lunes,Trueno,PUMAS,0,2026-06-22 18:26:00
Urbano Latino,1. Lunes,Trueno,PUMAS,0,2026-06-22 22:25:00
Indie Folk,1. Lunes,The Lumineers,Sick In The Head,17993,2026-06-22 22:32:00
Rock Argentino,1. Lunes,Indio Solari,Bebamos de las Copas Lindas,246053,2026-06-22 22:36:00
Rock Argentino,3. Miércoles,Serú Girán,Frecuencia Modulada - 2019 Remasterizado,193684,2026-06-24 10:30:00
Rock Argentino,3. Miércoles,Serú Girán,"Autos, Jets, Aviones, Barcos - 2021 Remasterizado",252919,2026-06-24 10:34:00
Indie Pop,3. Miércoles,Paul Higgs,Daba La Casualidad,44218,2026-06-24 12:47:00
Indie Pop,5. Viernes,Cupido,Ouch :_(,29000,2026-06-26 19:42:00
Indie Pop,5. Viernes,Cupido,Ouch :_(,266,2026-06-26 19:54:00
Indie Pop,5. Viernes,Cupido,Ouch :_(,0,2026-06-26 19:54:00
Indie Pop,5. Viernes,Cupido,Ouch :_(,4305,2026-06-26 19:54:00
Rock Argentino,5. Viernes,Patricio Rey y sus Redonditos de Ricota,Todo un Palo,163480,2026-06-26 22:37:00
Rock Argentino,5. Viernes,Patricio Rey y sus Redonditos de Ricota,Todo un Palo,440560,2026-06-26 22:44:00
Rock Argentino,5. Viernes,Patricio Rey y sus Redonditos de Ricota,Esa Estrella Era Mi Lujo,18400,2026-06-26 22:45:00
Rock Argentino,5. Viernes,Serú Girán,"Autos, Jets, Aviones, Barcos - 2021 Remasterizado",252918,2026-06-26 22:49:00
Indie Pop,5. Viernes,MGMT,Time to Pretend,12294,2026-06-26 22:49:00
Rock Argentino,5. Viernes,Indio Solari,Había una Vez...,268213,2026-06-26 22:54:00
Rock Argentino,5. Viernes,Indio Solari,La Oscuridad,230053,2026-06-26 22:58:00
Rock Argentino,5. Viernes,Indio Solari,La Pequeña Mamba,247293,2026-06-26 23:02:00
Rock Argentino,5. Viernes,Indio Solari,To Beef Or Not To Beef - En Vivo,288640,2026-06-26 23:07:00
Rock Argentino,5. Viernes,Indio Solari,Bebamos de las Copas Lindas,246053,2026-06-26 23:25:00
Indie Pop,6. Sábado,Paul Higgs,Daba La Casualidad,177073,2026-06-27 14:19:00
Rock Argentino,6. Sábado,Serú Girán,"Autos, Jets, Aviones, Barcos - 2021 Remasterizado",252918,2026-06-27 14:23:00
Rock Argentino,6. Sábado,Serú Girán,Frecuencia Modulada - 2019 Remasterizado,196190,2026-06-27 15:01:00
Rock Argentino,6. Sábado,Serú Girán,Frecuencia Modulada - 2019 Remasterizado,2163,2026-06-27 15:43:00
Indie Rock,6. Sábado,Nina Suárez,Quequén,120654,2026-06-27 15:51:00
Rock Argentino,6. Sábado,Indio Solari,Había una Vez...,115532,2026-06-27 16:34:00
Indie Pop,6. Sábado,Paul Higgs,Daba La Casualidad,171950,2026-06-27 21:24:00
Rock Argentino,6. Sábado,Serú Girán,"Autos, Jets, Aviones, Barcos - 2021 Remasterizado",960,2026-06-27 21:34:00
Rock Argentino,6. Sábado,Indio Solari,Ji Ji Ji - En Vivo,1609,2026-06-27 21:54:00
Indie Pop,6. Sábado,Paul Higgs,Daba La Casualidad,177073,2026-06-27 21:57:00
Rock Argentino,6. Sábado,Serú Girán,"Autos, Jets, Aviones, Barcos - 2021 Remasterizado",252918,2026-06-27 22:02:00
Rock Argentino,6. Sábado,Serú Girán,Frecuencia Modulada - 2019 Remasterizado,198345,2026-06-27 22:05:00
Indie Rock,6. Sábado,Nina Suárez,Quequén,120654,2026-06-27 22:13:00
Rock Argentino,6. Sábado,Indio Solari,Había una Vez...,268213,2026-06-27 22:17:00
Rock Argentino,6. Sábado,Indio Solari,La Oscuridad,230053,2026-06-27 22:21:00
Rock Argentino,6. Sábado,Indio Solari,La Pequeña Mamba,247293,2026-06-27 22:25:00
Rock Argentino,6. Sábado,Indio Solari,To Beef Or Not To Beef - En Vivo,288640,2026-06-27 22:30:00
Rock Argentino,6. Sábado,Indio Solari,Bebamos de las Copas Lindas,10404,2026-06-27 22:44:00
Rock Argentino,7. Domingo,Charly García,Peluca Telefónica,1039,2026-06-28 11:10:00
Rock Argentino,7. Domingo,Indio Solari,Ji Ji Ji - En Vivo,9,2026-06-28 11:46:00
Indie Pop,7. Domingo,Paul Higgs,Daba La Casualidad,177073,2026-06-28 11:50:00
Rock Argentino,7. Domingo,Serú Girán,La Grasa de las Capitales - 2019 Remasterizado,268321,2026-06-28 11:54:00
Indie Rock,7. Domingo,Las Ligas Menores,A 1200 Km,229843,2026-06-28 11:58:00
Rock Argentino,7. Domingo,Babasonicos,Tormento,25841,2026-06-28 12:01:00
Indie Pop,7. Domingo,Paul Higgs,Daba La Casualidad,177073,2026-06-28 12:07:00
Rock Argentino,7. Domingo,Serú Girán,"Autos, Jets, Aviones, Barcos - 2021 Remasterizado",252918,2026-06-28 12:11:00
Rock Argentino,7. Domingo,Serú Girán,Frecuencia Modulada - 2019 Remasterizado,198345,2026-06-28 12:14:00
Indie Rock,7. Domingo,Nina Suárez,Quequén,6685,2026-06-28 12:15:00
Rock Argentino,7. Domingo,Indio Solari,Había una Vez...,268213,2026-06-28 12:19:00
Rock Argentino,7. Domingo,Indio Solari,La Oscuridad,4764,2026-06-28 12:19:00
Rock Argentino,7. Domingo,Indio Solari,La Pequeña Mamba,247293,2026-06-28 12:23:00
Rock Argentino,7. Domingo,Indio Solari,To Beef Or Not To Beef - En Vivo,288640,2026-06-28 12:28:00
Rock Argentino,7. Domingo,Indio Solari,Bebamos de las Copas Lindas,60950,2026-06-28 12:53:00
Rock Argentino,7. Domingo,Serú Girán,Transformacion,77425,2026-06-28 15:19:00
Rock Argentino,7. Domingo,Serú Girán,Transformacion,27573,2026-06-28 15:31:00
Indie Pop,7. Domingo,Paul Higgs,Daba La Casualidad,177073,2026-06-28 15:34:00
Rock Argentino,7. Domingo,Serú Girán,"Autos, Jets, Aviones, Barcos - 2021 Remasterizado",193601,2026-06-28 15:37:00
Rock Argentino,7. Domingo,Indio Solari,To Beef Or Not To Beef - En Vivo,129583,2026-06-28 15:40:00
Rock Argentino,7. Domingo,Indio Solari,Black Russian,237318,2026-06-28 15:44:00
Rock Argentino,7. Domingo,Indio Solari,Black Russian,2556,2026-06-28 20:20:00
Rock Argentino,7. Domingo,Serú Girán,Transformacion,82531,2026-06-28 20:22:00
Rock Argentino,7. Domingo,Serú Girán,"Autos, Jets, Aviones, Barcos - 2021 Remasterizado",19141,2026-06-28 20:25:00
Indie Pop,7. Domingo,Paul Higgs,Daba La Casualidad,177073,2026-06-28 20:25:00
Rock Argentino,7. Domingo,Indio Solari,To Beef Or Not To Beef - En Vivo,288640,2026-06-28 20:30:00
Rock Argentino,7. Domingo,Indio Solari,Bebamos de las Copas Lindas,246053,2026-06-28 20:53:00
Rock Argentino,7. Domingo,Patricio Rey y sus Redonditos de Ricota,Una Piba Con la Remera de Greenpeace,220467,2026-06-28 21:03:00
Rock Argentino,7. Domingo,Patricio Rey y sus Redonditos de Ricota,La Hija del Fletero,195173,2026-06-28 21:06:00
Rock Argentino,7. Domingo,Patricio Rey y sus Redonditos de Ricota,Blues de la Libertad,300960,2026-06-28 21:11:00
Indie Rock,7. Domingo,Perras on the beach,Puchos,4593,2026-06-28 22:05:00
Indie Rock,7. Domingo,Perras on the beach,Puchos,59707,2026-06-28 23:08:00
Rock Argentino,7. Domingo,Indio Solari,Black Russian,259000,2026-06-28 23:13:00
Rock Argentino,1. Lunes,Serú Girán,Transformacion,81292,2026-06-29 11:11:00
Urbano Latino,1. Lunes,Trueno,PUMAS,0,2026-06-29 23:43:00
Urbano Latino,3. Miércoles,Trueno,PUMAS,13202,2026-07-01 14:29:00
Urbano Latino,3. Miércoles,Trueno,PUMAS,0,2026-07-01 14:29:00
Urbano Latino,4. Jueves,Trueno,PUMAS,0,2026-07-02 11:55:00
Urbano Latino,4. Jueves,Trueno,PUMAS,0,2026-07-02 13:28:00
Indie Folk,5. Viernes,Phoebe Bridgers,Lost Boys,244,2026-07-03 00:51:00
Rock Argentino,5. Viernes,Babasonicos,Ingrediente,216347,2026-07-03 01:01:00
Rock Argentino,5. Viernes,Charly García,Alguien en el Mundo Piensa en Mí,267240,2026-07-03 01:06:00
Rock Argentino,6. Sábado,Patricio Rey y sus Redonditos de Ricota,Rock para el Negro Atila,9455,2026-07-04 11:10:00
Indie Folk,6. Sábado,Phoebe Bridgers,Lost Boys,94,2026-07-04 12:00:00
Rock Argentino,6. Sábado,Patricio Rey y sus Redonditos de Ricota,Rock para el Negro Atila,230653,2026-07-04 12:03:00
Indie Folk,6. Sábado,Phoebe Bridgers,Lost Boys,2683,2026-07-04 12:09:00
Rock Argentino,6. Sábado,Los Piojos,Ando Ganas (Llora Llora),343293,2026-07-04 12:09:00
Indie Pop,6. Sábado,Ainda,ROMPECABEZAS,30003,2026-07-04 12:10:00
Rock Argentino,6. Sábado,Patricio Rey y sus Redonditos de Ricota,La Hija del Fletero,195173,2026-07-04 12:22:00
Rock Argentino,6. Sábado,Indio Solari,Black Russian,259000,2026-07-04 12:27:00
Rock Argentino,6. Sábado,Indio Solari,Bebamos de las Copas Lindas,246053,2026-07-04 12:37:00
Rock Argentino,6. Sábado,Patricio Rey y sus Redonditos de Ricota,Blues de la Libertad,250640,2026-07-04 12:52:00
Rock Argentino,6. Sábado,Patricio Rey y sus Redonditos de Ricota,Blues de la Libertad,16880,2026-07-04 13:06:00
Rock Argentino,6. Sábado,Patricio Rey y sus Redonditos de Ricota,Blues de la Libertad,33484,2026-07-04 13:11:00
Indie Rock,6. Sábado,Perras on the beach,Puchos,232000,2026-07-04 13:15:00
Rock Argentino,6. Sábado,Indio Solari,Black Russian,32374,2026-07-04 13:16:00
Indie Rock,6. Sábado,The Strokes,Going Shopping,3314,2026-07-04 13:16:00
Rock Argentino,6. Sábado,Serú Girán,"Autos, Jets, Aviones, Barcos - 2021 Remasterizado",18236,2026-07-04 13:19:00
Indie Pop,6. Sábado,Paul Higgs,Daba La Casualidad,177073,2026-07-04 13:19:00
Rock Argentino,6. Sábado,Indio Solari,Había una Vez...,268213,2026-07-04 13:24:00
Rock Argentino,6. Sábado,Indio Solari,La Oscuridad,46791,2026-07-04 13:24:00
Indie Rock,6. Sábado,Mac DeMarco,Dreams from Yesterday,207160,2026-07-04 13:32:00
Indie Rock,6. Sábado,Mac DeMarco,My Kind of Woman,190846,2026-07-04 13:45:00
Indie Rock,6. Sábado,Arctic Monkeys,I Wanna Be Yours,183956,2026-07-04 13:52:00
Indie Folk,6. Sábado,Juana Aguirre,VOLVIERON,168773,2026-07-04 14:08:00
Indie Rock,6. Sábado,El Mató a un Policía Motorizado,Escupíme,181920,2026-07-04 14:11:00
Indie Rock,6. Sábado,Wach,5 cosas (with La Llorona y su Jardín de Dragones),176393,2026-07-04 14:35:00
Indie Rock,6. Sábado,The Strokes,Going Shopping,0,2026-07-04 16:32:00
Indie Rock,6. Sábado,The Strokes,Going Shopping,1276,2026-07-04 16:32:00
Indie Rock,6. Sábado,The Strokes,The Adults Are Talking,0,2026-07-04 16:32:00
Indie Rock,6. Sábado,The Strokes,Going Shopping,277725,2026-07-04 16:37:00
Indie Rock,6. Sábado,The Strokes,Selfless,222093,2026-07-04 16:41:00
Indie Rock,6. Sábado,The Strokes,Reptilia,219827,2026-07-04 16:44:00
Indie Rock,6. Sábado,The Strokes,Last Nite,193507,2026-07-04 16:48:00
Indie Rock,6. Sábado,The Strokes,Someday,183573,2026-07-04 16:51:00
Indie Rock,6. Sábado,The Strokes,Ode To The Mets,351787,2026-07-04 16:57:00
Indie Rock,6. Sábado,The Strokes,You Only Live Once,189227,2026-07-04 17:00:00
Indie Rock,6. Sábado,The Strokes,Why Are Sundays So Depressing,275667,2026-07-04 17:04:00
Indie Rock,6. Sábado,The Strokes,"Call It Fate, Call It Karma",204773,2026-07-04 17:08:00
Indie Rock,6. Sábado,The Strokes,Under Cover of Darkness,235547,2026-07-04 17:12:00
Indie Rock,6. Sábado,The Strokes,Going Shopping,261748,2026-07-04 17:16:00
Indie Rock,6. Sábado,The Strokes,Oblivius,299233,2026-07-04 17:21:00
Indie Rock,6. Sábado,The Strokes,12:51,153133,2026-07-04 17:24:00
Indie Rock,6. Sábado,The Strokes,Hard To Explain,224427,2026-07-04 17:27:00
Indie Rock,6. Sábado,The Strokes,Falling out of Love,40470,2026-07-04 17:28:00
Indie Rock,6. Sábado,The Strokes,Going Shopping,0,2026-07-04 17:32:00
Rock Argentino,6. Sábado,Indio Solari,To Beef Or Not To Beef - En Vivo,288640,2026-07-04 17:37:00
Indie Rock,6. Sábado,Arctic Monkeys,I Wanna Be Yours,20930,2026-07-04 17:41:00
Indie Rock,6. Sábado,El Mató a un Policía Motorizado,Escupíme,181920,2026-07-04 17:44:00
Indie Rock,6. Sábado,Wach,5 cosas (with La Llorona y su Jardín de Dragones),176393,2026-07-04 17:55:00
Indie Folk,6. Sábado,Phoebe Bridgers,Motion Sickness,229760,2026-07-04 17:59:00
Rock Argentino,6. Sábado,Las Pelotas,Cuándo Podrás Amar,191800,2026-07-04 18:11:00
Indie Folk,6. Sábado,Juana Aguirre,lo_divino,201920,2026-07-04 18:28:00
Rock Argentino,6. Sábado,Serú Girán,A Los Jóvenes De Ayer - Remastered 2012,499470,2026-07-04 18:39:00
Rock Argentino,6. Sábado,Indio Solari,To Beef Or Not To Beef - En Vivo,288640,2026-07-04 22:28:00
Rock Argentino,6. Sábado,Patricio Rey y sus Redonditos de Ricota,Me Matan Limón!,215360,2026-07-04 22:32:00
Rock Argentino,6. Sábado,Patricio Rey y sus Redonditos de Ricota,Gualicho,287827,2026-07-04 22:36:00
Rock Argentino,6. Sábado,Indio Solari,El Martillo de las Brujas (Malleus Maleficarum),227173,2026-07-04 22:40:00
Rock Argentino,6. Sábado,Patricio Rey y sus Redonditos de Ricota,Tarea Fina,156067,2026-07-04 22:43:00
Rock Argentino,6. Sábado,Patricio Rey y sus Redonditos de Ricota,Queso Ruso,251200,2026-07-04 22:48:00
Rock Argentino,6. Sábado,Indio Solari,Ji Ji Ji - En Vivo,2351,2026-07-04 22:54:00
Indie Pop,6. Sábado,Paul Higgs,Daba La Casualidad,134830,2026-07-04 22:54:00
Rock Argentino,6. Sábado,Indio Solari,Bebamos de las Copas Lindas,246053,2026-07-04 22:58:00
Rock Argentino,6. Sábado,Patricio Rey y sus Redonditos de Ricota,La Hija del Fletero,195173,2026-07-04 23:02:00
Rock Argentino,6. Sábado,Patricio Rey y sus Redonditos de Ricota,Blues de la Libertad,300960,2026-07-04 23:12:00
Indie Rock,6. Sábado,Perras on the beach,Puchos,22525,2026-07-04 23:13:00
Indie Rock,6. Sábado,Mac DeMarco,My Kind of Woman,190846,2026-07-04 23:21:00
Indie Rock,6. Sábado,Arctic Monkeys,I Wanna Be Yours,183956,2026-07-04 23:28:00
Rock Argentino,7. Domingo,Patricio Rey y sus Redonditos de Ricota,Me Matan Limón!,13001,2026-07-05 11:21:00
Rock Argentino,7. Domingo,Indio Solari,Ji Ji Ji - En Vivo,0,2026-07-05 13:41:00
Rock Argentino,7. Domingo,Serú Girán,Transformacion,415451,2026-07-05 14:00:00
Indie Pop,7. Domingo,Paul Higgs,Daba La Casualidad,177073,2026-07-05 14:11:00
Rock Argentino,7. Domingo,Serú Girán,"Autos, Jets, Aviones, Barcos - 2021 Remasterizado",252918,2026-07-05 14:16:00
Rock Argentino,7. Domingo,Serú Girán,Frecuencia Modulada - 2019 Remasterizado,198345,2026-07-05 14:19:00
Indie Rock,7. Domingo,Nina Suárez,Quequén,120654,2026-07-05 14:27:00
Rock Argentino,7. Domingo,Indio Solari,Había una Vez...,220166,2026-07-05 14:30:00
Rock Argentino,7. Domingo,Patricio Rey y sus Redonditos de Ricota,Me Matan Limón!,215360,2026-07-05 21:23:00
Rock Argentino,7. Domingo,Serú Girán,Transformacion,94457,2026-07-05 21:26:00
Indie Rock,7. Domingo,Mac DeMarco,My Kind of Woman,190846,2026-07-05 21:29:00
Indie Rock,7. Domingo,Mac DeMarco,All Of Our Yesterdays,243660,2026-07-05 21:33:00
Indie Pop,7. Domingo,TV Girl,Loving Machine,22230,2026-07-05 21:47:00
Rock Argentino,3. Miércoles,Babasonicos,Curtis,15308,2026-07-08 11:30:00
Rock Argentino,4. Jueves,Patricio Rey y sus Redonditos de Ricota,Masacre en el Puticlub,285493,2026-07-09 00:44:00
Rock Argentino,4. Jueves,Patricio Rey y sus Redonditos de Ricota,Noticias de Ayer,263467,2026-07-09 00:49:00
Rock Argentino,4. Jueves,Patricio Rey y sus Redonditos de Ricota,Aquella Solitaria Vaca Cubana,255867,2026-07-09 00:53:00
Rock Argentino,4. Jueves,Patricio Rey y sus Redonditos de Ricota,Todo Preso Es Político,348533,2026-07-09 00:59:00
Rock Argentino,4. Jueves,Patricio Rey y sus Redonditos de Ricota,Vencedores Vencidos,208400,2026-07-09 01:02:00
Rock Argentino,4. Jueves,Patricio Rey y sus Redonditos de Ricota,Vamos las Bandas,228267,2026-07-09 01:06:00
Rock Argentino,4. Jueves,Patricio Rey y sus Redonditos de Ricota,Ella Debe Estar Tan Linda,241307,2026-07-09 01:10:00
Rock Argentino,4. Jueves,Patricio Rey y sus Redonditos de Ricota,Todo un Palo,440560,2026-07-09 01:18:00
Rock Argentino,4. Jueves,Patricio Rey y sus Redonditos de Ricota,Masacre en el Puticlub,285493,2026-07-09 01:22:00
Rock Argentino,4. Jueves,Patricio Rey y sus Redonditos de Ricota,Noticias de Ayer,263467,2026-07-09 01:27:00
Rock Argentino,4. Jueves,Patricio Rey y sus Redonditos de Ricota,Aquella Solitaria Vaca Cubana,255867,2026-07-09 01:31:00
Rock Argentino,4. Jueves,Patricio Rey y sus Redonditos de Ricota,Todo Preso Es Político,348533,2026-07-09 01:37:00
Rock Argentino,4. Jueves,Patricio Rey y sus Redonditos de Ricota,Vencedores Vencidos,208400,2026-07-09 01:40:00
Rock Argentino,4. Jueves,Patricio Rey y sus Redonditos de Ricota,Vamos las Bandas,228267,2026-07-09 01:44:00
Rock Argentino,4. Jueves,Patricio Rey y sus Redonditos de Ricota,Ella Debe Estar Tan Linda,83963,2026-07-09 01:46:00
Rock Argentino,4. Jueves,Patricio Rey y sus Redonditos de Ricota,Luzbelito y las Sirenas,9744,2026-07-09 12:12:00
Rock Argentino,4. Jueves,Patricio Rey y sus Redonditos de Ricota,La Dicha No Es una Cosa Alegre,337667,2026-07-09 12:19:00
Rock Argentino,4. Jueves,Patricio Rey y sus Redonditos de Ricota,Me Matan Limón!,215360,2026-07-09 12:22:00
Rock Argentino,4. Jueves,Patricio Rey y sus Redonditos de Ricota,Rock Yugular,116816,2026-07-09 12:44:00
Rock Argentino,4. Jueves,Patricio Rey y sus Redonditos de Ricota,Rock Yugular,35524,2026-07-09 23:13:00
Rock Argentino,4. Jueves,Patricio Rey y sus Redonditos de Ricota,La Dicha No Es una Cosa Alegre,337667,2026-07-09 23:18:00
Rock Argentino,4. Jueves,Patricio Rey y sus Redonditos de Ricota,Me Matan Limón!,17617,2026-07-09 23:19:00
Rock Argentino,4. Jueves,Patricio Rey y sus Redonditos de Ricota,Blues de la Libertad,300960,2026-07-09 23:24:00
Rock Argentino,4. Jueves,Patricio Rey y sus Redonditos de Ricota,Ella Baila Con Todos,21813,2026-07-09 23:24:00
Rock Argentino,4. Jueves,Patricio Rey y sus Redonditos de Ricota,La Dicha No Es una Cosa Alegre,17313,2026-07-09 23:24:00
Indie Rock,4. Jueves,Mac DeMarco,My Kind of Woman,190846,2026-07-09 23:40:00
Rock Argentino,5. Viernes,Luis Alberto Spinetta,Parlante,22646,2026-07-10 11:37:00
Rock Argentino,6. Sábado,Indio Solari,Black Russian,2155,2026-07-11 11:28:00
Rock Argentino,6. Sábado,Patricio Rey y sus Redonditos de Ricota,Me Matan Limón!,2879,2026-07-11 11:42:00
Rock Argentino,6. Sábado,Serú Girán,"Autos, Jets, Aviones, Barcos - 2021 Remasterizado",21511,2026-07-11 11:54:00
Indie Pop,6. Sábado,Paul Higgs,Daba La Casualidad,177073,2026-07-11 11:54:00
Rock Argentino,6. Sábado,Indio Solari,To Beef Or Not To Beef - En Vivo,288640,2026-07-11 11:59:00
Rock Argentino,6. Sábado,Patricio Rey y sus Redonditos de Ricota,La Dicha No Es una Cosa Alegre,337667,2026-07-11 12:05:00
Rock Argentino,6. Sábado,Patricio Rey y sus Redonditos de Ricota,Me Matan Limón!,2221,2026-07-11 12:05:00
Rock Argentino,6. Sábado,Patricio Rey y sus Redonditos de Ricota,Te Voy a Atornillar,213600,2026-07-11 12:08:00
Rock Argentino,6. Sábado,Patricio Rey y sus Redonditos de Ricota,Yo No Me Caí del Cielo,184627,2026-07-11 12:11:00
Rock Argentino,6. Sábado,Indio Solari,Flight 956,307080,2026-07-11 12:21:00
Rock Argentino,6. Sábado,Patricio Rey y sus Redonditos de Ricota,El Infierno Está Encantador Esta Noche,67291,2026-07-11 12:29:00
Rock Argentino,6. Sábado,Patricio Rey y sus Redonditos de Ricota,El Infierno Está Encantador Esta Noche,225950,2026-07-11 12:33:00
Rock Argentino,6. Sábado,Patricio Rey y sus Redonditos de Ricota,Criminal Mambo,292707,2026-07-11 12:38:00
Rock Argentino,6. Sábado,Patricio Rey y sus Redonditos de Ricota,Barbazul Versus el Amor Letal,259027,2026-07-11 12:43:00
Rock Argentino,6. Sábado,Patricio Rey y sus Redonditos de Ricota,La Bestia Pop,247067,2026-07-11 12:54:00
Rock Argentino,6. Sábado,Patricio Rey y sus Redonditos de Ricota,Roto y Mal Parado,275760,2026-07-11 12:59:00
Rock Argentino,6. Sábado,Patricio Rey y sus Redonditos de Ricota,"Pierre, El Vitricida",65440,2026-07-11 13:00:00
Rock Argentino,6. Sábado,Patricio Rey y sus Redonditos de Ricota,Unos Pocos Peligros Sensatos,185307,2026-07-11 13:03:00
Rock Argentino,6. Sábado,Patricio Rey y sus Redonditos de Ricota,Yo No Me Caí del Cielo,188890,2026-07-11 13:08:00
Rock Argentino,6. Sábado,Patricio Rey y sus Redonditos de Ricota,Te Voy a Atornillar,213600,2026-07-11 13:11:00
Rock Argentino,6. Sábado,Patricio Rey y sus Redonditos de Ricota,Superlógico,184840,2026-07-11 13:14:00
Rock Argentino,6. Sábado,Patricio Rey y sus Redonditos de Ricota,Ñam Fri Fruli Fali Fru,160267,2026-07-11 13:17:00
Rock Argentino,6. Sábado,Patricio Rey y sus Redonditos de Ricota,El Infierno Está Encantador Esta Noche,81117,2026-07-11 13:21:00
Rock Argentino,6. Sábado,Patricio Rey y sus Redonditos de Ricota,Masacre en el Puticlub,285493,2026-07-11 13:25:00
Rock Argentino,6. Sábado,Patricio Rey y sus Redonditos de Ricota,Noticias de Ayer,263467,2026-07-11 13:30:00
Rock Argentino,6. Sábado,Patricio Rey y sus Redonditos de Ricota,Aquella Solitaria Vaca Cubana,255867,2026-07-11 13:34:00
Rock Argentino,6. Sábado,Patricio Rey y sus Redonditos de Ricota,Todo Preso Es Político,348533,2026-07-11 13:40:00
Rock Argentino,6. Sábado,Patricio Rey y sus Redonditos de Ricota,Vencedores Vencidos,208400,2026-07-11 13:43:00
Rock Argentino,6. Sábado,Patricio Rey y sus Redonditos de Ricota,Vamos las Bandas,228267,2026-07-11 13:47:00
Rock Argentino,6. Sábado,Patricio Rey y sus Redonditos de Ricota,Ella Debe Estar Tan Linda,241307,2026-07-11 13:51:00
Rock Argentino,6. Sábado,Patricio Rey y sus Redonditos de Ricota,Todo un Palo,170347,2026-07-11 14:08:00
Indie Folk,6. Sábado,Phoebe Bridgers,Lost Boys,0,2026-07-11 14:08:00
Rock Argentino,6. Sábado,Patricio Rey y sus Redonditos de Ricota,Unos Pocos Peligros Sensatos,185307,2026-07-11 14:11:00
Rock Argentino,6. Sábado,Patricio Rey y sus Redonditos de Ricota,Yo No Me Caí del Cielo,184627,2026-07-11 14:14:00
Rock Argentino,6. Sábado,Patricio Rey y sus Redonditos de Ricota,Te Voy a Atornillar,213600,2026-07-11 14:17:00
Rock Argentino,6. Sábado,Patricio Rey y sus Redonditos de Ricota,Superlógico,184840,2026-07-11 14:21:00
Rock Argentino,6. Sábado,Patricio Rey y sus Redonditos de Ricota,Ñam Fri Fruli Fali Fru,160267,2026-07-11 14:23:00
Rock Argentino,6. Sábado,Patricio Rey y sus Redonditos de Ricota,El Infierno Está Encantador Esta Noche,292360,2026-07-11 14:28:00
Rock Argentino,6. Sábado,Patricio Rey y sus Redonditos de Ricota,Criminal Mambo,292707,2026-07-11 14:33:00
Rock Argentino,6. Sábado,Patricio Rey y sus Redonditos de Ricota,Barbazul Versus el Amor Letal,205550,2026-07-11 14:46:00
Indie Folk,6. Sábado,Phoebe Bridgers,Lost Boys,6159,2026-07-11 15:52:00
Indie Folk,6. Sábado,Phoebe Bridgers,Lost Boys,0,2026-07-11 22:13:00
Rock Argentino,6. Sábado,Indio Solari,To Beef Or Not To Beef - En Vivo,288640,2026-07-11 22:20:00
Rock Argentino,6. Sábado,Indio Solari,El Tío Alberto en el Día de la Bicicleta,247387,2026-07-11 22:24:00
Rock Argentino,6. Sábado,Patricio Rey y sus Redonditos de Ricota,Caña Seca y un Membrillo,247384,2026-07-11 22:34:00
Rock Argentino,6. Sábado,Patricio Rey y sus Redonditos de Ricota,Roto y Mal Parado,275760,2026-07-11 22:38:00
Rock Argentino,6. Sábado,Patricio Rey y sus Redonditos de Ricota,"Pierre, El Vitricida",65440,2026-07-11 22:40:00
Rock Argentino,6. Sábado,Patricio Rey y sus Redonditos de Ricota,Unos Pocos Peligros Sensatos,185307,2026-07-11 22:43:00
Rock Argentino,6. Sábado,Patricio Rey y sus Redonditos de Ricota,Yo No Me Caí del Cielo,184627,2026-07-11 22:46:00
Rock Argentino,6. Sábado,Patricio Rey y sus Redonditos de Ricota,Te Voy a Atornillar,213600,2026-07-11 22:49:00
Rock Argentino,6. Sábado,Patricio Rey y sus Redonditos de Ricota,Superlógico,184840,2026-07-11 22:52:00
Rock Argentino,6. Sábado,Patricio Rey y sus Redonditos de Ricota,Ñam Fri Fruli Fali Fru,160267,2026-07-11 22:55:00
Rock Argentino,6. Sábado,Patricio Rey y sus Redonditos de Ricota,El Infierno Está Encantador Esta Noche,292360,2026-07-11 23:00:00
Rock Argentino,6. Sábado,Patricio Rey y sus Redonditos de Ricota,Criminal Mambo,292707,2026-07-11 23:05:00
Rock Argentino,6. Sábado,Patricio Rey y sus Redonditos de Ricota,Barbazul Versus el Amor Letal,259027,2026-07-11 23:09:00
Rock Argentino,6. Sábado,Patricio Rey y sus Redonditos de Ricota,La Bestia Pop,247067,2026-07-11 23:13:00
Rock Argentino,6. Sábado,Patricio Rey y sus Redonditos de Ricota,Roto y Mal Parado,275760,2026-07-11 23:18:00
Rock Argentino,6. Sábado,Patricio Rey y sus Redonditos de Ricota,"Pierre, El Vitricida",65440,2026-07-11 23:19:00
Rock Argentino,6. Sábado,Patricio Rey y sus Redonditos de Ricota,Unos Pocos Peligros Sensatos,185307,2026-07-11 23:22:00
Rock Argentino,6. Sábado,Patricio Rey y sus Redonditos de Ricota,Yo No Me Caí del Cielo,184627,2026-07-11 23:25:00
Rock Argentino,6. Sábado,Patricio Rey y sus Redonditos de Ricota,Te Voy a Atornillar,213600,2026-07-11 23:29:00
Rock Argentino,6. Sábado,Patricio Rey y sus Redonditos de Ricota,Superlógico,184840,2026-07-11 23:32:00
Rock Argentino,6. Sábado,Patricio Rey y sus Redonditos de Ricota,Ñam Fri Fruli Fali Fru,160267,2026-07-11 23:35:00
Rock Argentino,6. Sábado,Patricio Rey y sus Redonditos de Ricota,El Infierno Está Encantador Esta Noche,292360,2026-07-11 23:39:00
Rock Argentino,7. Domingo,Patricio Rey y sus Redonditos de Ricota,Criminal Mambo,126217,2026-07-12 00:19:00
Rock Argentino,7. Domingo,Patricio Rey y sus Redonditos de Ricota,Te Voy a Atornillar,1876,2026-07-12 11:11:00
Rock Argentino,7. Domingo,Patricio Rey y sus Redonditos de Ricota,"Pierre, El Vitricida",35004,2026-07-12 11:56:00
Rock Argentino,7. Domingo,Patricio Rey y sus Redonditos de Ricota,Roto y Mal Parado,275760,2026-07-12 11:56:00
Rock Argentino,7. Domingo,Patricio Rey y sus Redonditos de Ricota,La Murga de la Virgencita,1012,2026-07-12 11:57:00
Rock Argentino,7. Domingo,Patricio Rey y sus Redonditos de Ricota,Murga Purga,204533,2026-07-12 12:00:00
Rock Argentino,7. Domingo,Patricio Rey y sus Redonditos de Ricota,Rock para los Dientes,209723,2026-07-12 12:03:00
Rock Argentino,7. Domingo,Indio Solari,Pedía Siempre Temas en la Radio...,37965,2026-07-12 12:04:00
Rock Argentino,7. Domingo,Indio Solari,To Beef Or Not To Beef - En Vivo,288640,2026-07-12 12:20:00
Rock Argentino,7. Domingo,Indio Solari,Bebamos de las Copas Lindas,246053,2026-07-12 12:35:00
Rock Argentino,7. Domingo,Patricio Rey y sus Redonditos de Ricota,Una Piba Con la Remera de Greenpeace,220467,2026-07-12 12:55:00
Rock Argentino,7. Domingo,Patricio Rey y sus Redonditos de Ricota,La Hija del Fletero,195173,2026-07-12 12:58:00
Rock Argentino,7. Domingo,Patricio Rey y sus Redonditos de Ricota,Blues de la Libertad,300960,2026-07-12 13:08:00
Indie Rock,7. Domingo,Perras on the beach,Puchos,232000,2026-07-12 13:12:00
Rock Argentino,7. Domingo,Indio Solari,Black Russian,44870,2026-07-12 13:13:00
Rock Argentino,7. Domingo,Indio Solari,Black Russian,214134,2026-07-12 13:16:00
Indie Rock,1. Lunes,Mac DeMarco,Phantom,48400,2026-07-13 12:11:00
Rock Argentino,3. Miércoles,Indio Solari,Ji Ji Ji - En Vivo,119,2026-07-15 22:08:00
Rock Argentino,3. Miércoles,Indio Solari,Ji Ji Ji - En Vivo,2479,2026-07-15 22:08:00
Rock Argentino,3. Miércoles,Patricio Rey y sus Redonditos de Ricota,Luzbelito y las Sirenas,246267,2026-07-15 22:15:00
Rock Argentino,3. Miércoles,Patricio Rey y sus Redonditos de Ricota,Cruz Diablo!,253893,2026-07-15 22:19:00
Rock Argentino,3. Miércoles,Patricio Rey y sus Redonditos de Ricota,Ella Baila Con Todos,299160,2026-07-15 22:24:00
Rock Argentino,3. Miércoles,Patricio Rey y sus Redonditos de Ricota,Fanfarria del Cabrío,308827,2026-07-15 22:29:00
Rock Argentino,3. Miércoles,Patricio Rey y sus Redonditos de Ricota,Nuotatori Professionisti,281560,2026-07-15 22:34:00
Rock Argentino,3. Miércoles,Patricio Rey y sus Redonditos de Ricota,Blues de la Libertad,300960,2026-07-15 22:39:00
Rock Argentino,3. Miércoles,Patricio Rey y sus Redonditos de Ricota,La Dicha No Es una Cosa Alegre,62413,2026-07-15 22:50:00
Rock Argentino,6. Sábado,Patricio Rey y sus Redonditos de Ricota,Rock para los Dientes,11008,2026-07-18 20:37:00
Rock Argentino,6. Sábado,Patricio Rey y sus Redonditos de Ricota,Murga Purga,204533,2026-07-18 20:40:00
Rock Argentino,6. Sábado,Patricio Rey y sus Redonditos de Ricota,Te Voy a Atornillar,213600,2026-07-18 20:44:00
Rock Argentino,6. Sábado,Indio Solari,To Beef Or Not To Beef - En Vivo,288531,2026-07-18 20:59:00
Rock Argentino,7. Domingo,Divididos,San Saltarín,0,2026-07-19 12:23:00
Rock Argentino,7. Domingo,Patricio Rey y sus Redonditos de Ricota,Sorpresa de Shangai,10060,2026-07-19 12:24:00
Rock Argentino,7. Domingo,Patricio Rey y sus Redonditos de Ricota,Invocación,59920,2026-07-19 12:25:00
Rock Argentino,7. Domingo,Patricio Rey y sus Redonditos de Ricota,Rock para el Negro Atila,240107,2026-07-19 12:29:00
Rock Argentino,7. Domingo,Patricio Rey y sus Redonditos de Ricota,Sorpresa de Shangai,219200,2026-07-19 12:32:00
Rock Argentino,7. Domingo,Patricio Rey y sus Redonditos de Ricota,Shopping Disco-Zen,167627,2026-07-19 12:35:00
Rock Argentino,7. Domingo,Patricio Rey y sus Redonditos de Ricota,Un Ángel para Tu Soledad,231533,2026-07-19 12:39:00
Rock Argentino,7. Domingo,Patricio Rey y sus Redonditos de Ricota,Buenas Noticias,223733,2026-07-19 12:43:00
Rock Argentino,7. Domingo,Patricio Rey y sus Redonditos de Ricota,Susanita,224200,2026-07-19 12:46:00
Rock Argentino,7. Domingo,Patricio Rey y sus Redonditos de Ricota,Capricho Magyar,57907,2026-07-19 12:47:00
Rock Argentino,7. Domingo,Patricio Rey y sus Redonditos de Ricota,Espejismo,333200,2026-07-19 12:53:00
Rock Argentino,7. Domingo,Patricio Rey y sus Redonditos de Ricota,Gran Lady,210347,2026-07-19 12:57:00
Rock Argentino,7. Domingo,Patricio Rey y sus Redonditos de Ricota,La Hija del Fletero,195173,2026-07-19 13:00:00
Rock Argentino,7. Domingo,Patricio Rey y sus Redonditos de Ricota,El Lobo Caído,216293,2026-07-19 13:04:00
Rock Argentino,7. Domingo,Patricio Rey y sus Redonditos de Ricota,Sushi,65533,2026-07-19 13:05:00
Rock Argentino,7. Domingo,Patricio Rey y sus Redonditos de Ricota,Un Pacman en el Savoy,212000,2026-07-19 13:09:00
Rock Argentino,7. Domingo,Indio Solari,Amnesia,326813,2026-07-19 13:14:00
Rock Argentino,7. Domingo,Las Pelotas,Será,181827,2026-07-19 13:17:00
Rock Argentino,7. Domingo,Bersuit Vergarabat,El Tiempo No Para,69110,2026-07-19 13:30:00
Rock Argentino,7. Domingo,Patricio Rey y sus Redonditos de Ricota,Murga Purga,204533,2026-07-19 15:55:00
Rock Argentino,7. Domingo,Patricio Rey y sus Redonditos de Ricota,Te Voy a Atornillar,213600,2026-07-19 15:59:00
Rock Argentino,7. Domingo,Indio Solari,Había una Vez...,268213,2026-07-19 16:09:00
Rock Argentino,7. Domingo,Indio Solari,La Oscuridad,230053,2026-07-19 16:12:00
Rock Argentino,7. Domingo,Indio Solari,La Pequeña Mamba,247293,2026-07-19 16:17:00
Rock Argentino,7. Domingo,Indio Solari,To Beef Or Not To Beef - En Vivo,288640,2026-07-19 16:21:00
Rock Argentino,7. Domingo,Indio Solari,Bebamos de las Copas Lindas,246053,2026-07-19 16:35:00
Rock Argentino,7. Domingo,Patricio Rey y sus Redonditos de Ricota,La Hija del Fletero,48048,2026-07-19 16:36:00
Rock Argentino,7. Domingo,Patricio Rey y sus Redonditos de Ricota,Nuestro Amo Juega al Esclavo,8905,2026-07-19 16:53:00
Rock Argentino,7. Domingo,Las Pelotas,Capitán América,187989,2026-07-19 16:56:00
Indie Rock,7. Domingo,El Mató a un Policía Motorizado,Chica de Oro,131180,2026-07-19 16:58:00
Rock Argentino,7. Domingo,Bersuit Vergarabat,Toco Y Me Voy,249933,2026-07-19 17:02:00
Rock Argentino,7. Domingo,Los Piojos,Y Quemás,216641,2026-07-19 17:07:00
Indie Folk,7. Domingo,San Pedro Bonfim,Corazón de guagua,191321,2026-07-19 17:20:00
Rock Argentino,7. Domingo,Charly García,Música Del Alma - En Vivo,251296,2026-07-19 17:24:00
Rock Argentino,7. Domingo,Los Piojos,Murguita,212040,2026-07-19 17:32:00
Rock Argentino,7. Domingo,Gustavo Cerati,Hoy Ya No Soy Yo,248573,2026-07-19 17:42:00
Indie Rock,7. Domingo,Rosario Bléfari,Reservado,277447,2026-07-19 17:47:00
Indie Rock,7. Domingo,Santiago Motorizado,Muchacha de los Ojos Negros,238512,2026-07-19 17:56:00
Indie Rock,7. Domingo,Rosario Bléfari,Lobo,208573,2026-07-19 17:59:00
Rock Argentino,7. Domingo,Babasonicos,Gratis,185173,2026-07-19 18:06:00
Rock Argentino,7. Domingo,Fito Paez,Lo que el viento nunca se llevó,178230,2026-07-19 19:05:00
Rock Argentino,2. Martes,Divididos,San Saltarín,0,2026-07-21 21:41:00
Rock Argentino,3. Miércoles,Divididos,San Saltarín,0,2026-07-22 22:16:00
Rock Argentino,3. Miércoles,Patricio Rey y sus Redonditos de Ricota,Murga Purga,204533,2026-07-22 22:20:00
Rock Argentino,3. Miércoles,Patricio Rey y sus Redonditos de Ricota,Te Voy a Atornillar,213600,2026-07-22 22:23:00
Rock Argentino,3. Miércoles,Divididos,San Saltarín,32,2026-07-22 22:43:00
Rock Argentino,3. Miércoles,Indio Solari,Encuentro con un Ángel Amateur,0,2026-07-22 22:43:00
Rock Argentino,4. Jueves,Indio Solari,Encuentro con un Ángel Amateur,7420,2026-07-23 22:55:00
Indie Rock,4. Jueves,Mac DeMarco,My Kind of Woman,190846,2026-07-23 22:58:00
Indie Rock,4. Jueves,Wach,5 cosas (with La Llorona y su Jardín de Dragones),176393,2026-07-23 23:06:00
Indie Folk,4. Jueves,Phoebe Bridgers,Motion Sickness,229760,2026-07-23 23:11:00
Indie Pop,4. Jueves,Le Mans,Un Rayo De Sol,2390,2026-07-23 23:11:00
Indie Rock,4. Jueves,Suarez,Un Rayo de Sol,294307,2026-07-23 23:16:00
Rock Argentino,5. Viernes,Indio Solari,Encuentro con un Ángel Amateur,9654,2026-07-24 22:19:00
Rock Argentino,5. Viernes,Indio Solari,Encuentro con un Ángel Amateur,70,2026-07-24 22:19:00
Rock Argentino,5. Viernes,Patricio Rey y sus Redonditos de Ricota,Murga Purga,204533,2026-07-24 22:23:00
Rock Argentino,5. Viernes,Patricio Rey y sus Redonditos de Ricota,Te Voy a Atornillar,213600,2026-07-24 22:26:00
Rock Argentino,6. Sábado,Indio Solari,To Beef Or Not To Beef - En Vivo,288640,2026-07-25 11:50:00
Rock Argentino,6. Sábado,Patricio Rey y sus Redonditos de Ricota,El Infierno Está Encantador Esta Noche,292360,2026-07-25 11:57:00
Rock Argentino,6. Sábado,Patricio Rey y sus Redonditos de Ricota,Música para Pastillas,34173,2026-07-25 11:57:00
Rock Argentino,6. Sábado,Indio Solari,Bebamos de las Copas Lindas,246053,2026-07-25 12:11:00
Indie Rock,6. Sábado,Mac DeMarco,My Kind of Woman,190846,2026-07-25 12:14:00
Indie Folk,6. Sábado,Phoebe Bridgers,Motion Sickness,229760,2026-07-25 12:22:00
Rock Argentino,6. Sábado,Las Pelotas,Cuándo Podrás Amar,191800,2026-07-25 12:33:00
Indie Folk,6. Sábado,Juana Aguirre,lo_divino,48910,2026-07-25 12:48:00
Rock Argentino,6. Sábado,Indio Solari,Encuentro con un Ángel Amateur,0,2026-07-25 12:54:00
Rock Argentino,7. Domingo,Charly García,Fanky,10621,2026-07-26 11:37:00
Rock Argentino,7. Domingo,Charly García,No Toquen,209560,2026-07-26 11:40:00
Rock Argentino,7. Domingo,Charly García,Zocacola,167067,2026-07-26 11:43:00
Rock Argentino,7. Domingo,Charly García,Fanky,7096,2026-07-26 11:47:00
Rock Argentino,7. Domingo,Charly García,Fanky,284733,2026-07-26 11:48:00
Rock Argentino,7. Domingo,Charly García,No Me Veras En El Subte,305000,2026-07-26 11:53:00
Rock Argentino,7. Domingo,Charly García,Fanky,2055,2026-07-26 11:56:00
Rock Argentino,7. Domingo,Charly García,Ella Es Bailarina,177867,2026-07-26 11:56:00
Rock Argentino,7. Domingo,Charly García,Anhedonia,263200,2026-07-26 12:00:00
Rock Argentino,7. Domingo,Charly García,Suicida,196040,2026-07-26 12:03:00
Rock Argentino,7. Domingo,Charly García,Fantasy,182627,2026-07-26 12:06:00
Rock Argentino,7. Domingo,Charly García,A Punto De Caer,183373,2026-07-26 12:10:00
Rock Argentino,7. Domingo,Charly García,Fanky,1269,2026-07-26 12:50:00
Rock Argentino,7. Domingo,Charly García,Fanky,27216,2026-07-26 12:51:00
Rock Argentino,7. Domingo,Charly García,Fanky,566,2026-07-26 12:52:00
Rock Argentino,7. Domingo,Charly García,Shisyastawuman,270200,2026-07-26 12:52:00
Rock Argentino,7. Domingo,Charly García,No Toquen,209560,2026-07-26 12:55:00
Rock Argentino,7. Domingo,Charly García,Zocacola,167067,2026-07-26 12:58:00
Rock Argentino,7. Domingo,Charly García,Fanky,105323,2026-07-26 14:04:00
Rock Argentino,7. Domingo,Charly García,Fanky,293875,2026-07-26 14:38:00
Rock Argentino,7. Domingo,Charly García,No Me Veras En El Subte,144655,2026-07-26 14:40:00
Rock Argentino,7. Domingo,Indio Solari,Black Russian,259000,2026-07-26 14:45:00
Rock Argentino,7. Domingo,Patricio Rey y sus Redonditos de Ricota,Murga Purga,204533,2026-07-26 16:28:00
Rock Argentino,7. Domingo,Patricio Rey y sus Redonditos de Ricota,Te Voy a Atornillar,213600,2026-07-26 16:31:00
Rock Argentino,7. Domingo,Patricio Rey y sus Redonditos de Ricota,Rock para los Dientes,209760,2026-07-26 19:58:00
Rock Argentino,7. Domingo,Patricio Rey y sus Redonditos de Ricota,Murga Purga,89172,2026-07-26 19:59:00
Rock Argentino,7. Domingo,Patricio Rey y sus Redonditos de Ricota,Te Voy a Atornillar,3348,2026-07-26 19:59:00
Rock Argentino,7. Domingo,Patricio Rey y sus Redonditos de Ricota,Me Matan Limón!,215360,2026-07-26 20:16:00
Rock Argentino,7. Domingo,Serú Girán,Transformacion,6801,2026-07-26 20:18:00
Rock Argentino,1. Lunes,Indio Solari,Encuentro con un Ángel Amateur,0,2026-07-27 23:17:00
Rock Argentino,1. Lunes,Patricio Rey y sus Redonditos de Ricota,Rock para los Dientes,209760,2026-07-27 23:23:00
Rock Argentino,1. Lunes,Patricio Rey y sus Redonditos de Ricota,Murga Purga,204533,2026-07-27 23:26:00
Rock Argentino,1. Lunes,Patricio Rey y sus Redonditos de Ricota,Te Voy a Atornillar,213600,2026-07-27 23:30:00
Rock Argentino,1. Lunes,Patricio Rey y sus Redonditos de Ricota,Me Matan Limón!,215360,2026-07-27 23:59:00
Rock Argentino,2. Martes,Serú Girán,Transformacion,415451,2026-07-28 00:08:00
Indie Pop,2. Martes,Paul Higgs,Daba La Casualidad,177073,2026-07-28 00:20:00
Rock Argentino,2. Martes,Serú Girán,"Autos, Jets, Aviones, Barcos - 2021 Remasterizado",252918,2026-07-28 00:24:00
Rock Argentino,2. Martes,Serú Girán,Frecuencia Modulada - 2019 Remasterizado,198345,2026-07-28 00:27:00
Indie Rock,2. Martes,Nina Suárez,Quequén,120654,2026-07-28 00:35:00
Rock Argentino,2. Martes,Indio Solari,Había una Vez...,268213,2026-07-28 00:39:00
Rock Argentino,2. Martes,Indio Solari,La Oscuridad,230053,2026-07-28 00:43:00
Rock Argentino,2. Martes,Indio Solari,La Pequeña Mamba,247293,2026-07-28 00:47:00
Rock Argentino,2. Martes,Indio Solari,To Beef Or Not To Beef - En Vivo,288640,2026-07-28 00:52:00
Rock Argentino,2. Martes,Indio Solari,Bebamos de las Copas Lindas,246053,2026-07-28 01:10:00
Rock Argentino,2. Martes,Patricio Rey y sus Redonditos de Ricota,Una Piba Con la Remera de Greenpeace,109684,2026-07-28 02:38:00
Rock Argentino,2. Martes,Patricio Rey y sus Redonditos de Ricota,Una Piba Con la Remera de Greenpeace,75793,2026-07-28 21:44:00
Rock Argentino,2. Martes,Patricio Rey y sus Redonditos de Ricota,Rock para los Dientes,209760,2026-07-28 22:41:00
Rock Argentino,2. Martes,Patricio Rey y sus Redonditos de Ricota,Murga Purga,204533,2026-07-28 22:45:00
Rock Argentino,2. Martes,Patricio Rey y sus Redonditos de Ricota,Te Voy a Atornillar,158990,2026-07-28 22:57:00
Indie Rock,3. Miércoles,The Strokes,Going Shopping,2918,2026-07-29 22:24:00
Indie Rock,3. Miércoles,The Strokes,Psycho Shit,323800,2026-07-29 22:29:00
Indie Rock,3. Miércoles,The Strokes,Dine N'Dash,303053,2026-07-29 22:34:00
Indie Rock,3. Miércoles,The Strokes,Lonely in the Future,200187,2026-07-29 22:37:00
Indie Rock,3. Miércoles,The Strokes,Falling out of Love,381293,2026-07-29 22:44:00
Indie Rock,3. Miércoles,The Strokes,Going to Babble On,246227,2026-07-29 22:48:00
Indie Rock,3. Miércoles,The Strokes,Going Shopping,258507,2026-07-29 22:52:00
Indie Rock,3. Miércoles,The Strokes,Liar's Remorse,290773,2026-07-29 22:57:00
Indie Rock,3. Miércoles,The Strokes,The Fruits of Conquest,308093,2026-07-29 23:02:00
Indie Rock,3. Miércoles,The Strokes,Tyrants of the Mellow Moon,250213,2026-07-29 23:06:00
Indie Rock,3. Miércoles,The Strokes,Psycho Shit,323800,2026-07-29 23:12:00
Indie Rock,3. Miércoles,The Strokes,Dine N'Dash,303053,2026-07-29 23:17:00
Indie Rock,3. Miércoles,The Strokes,Lonely in the Future,200187,2026-07-29 23:20:00
Indie Rock,3. Miércoles,The Strokes,Falling out of Love,381293,2026-07-29 23:27:00
Indie Rock,3. Miércoles,The Strokes,Going to Babble On,246227,2026-07-29 23:31:00
Indie Rock,3. Miércoles,The Strokes,Going Shopping,258507,2026-07-29 23:35:00
Indie Rock,3. Miércoles,The Strokes,Liar's Remorse,290773,2026-07-29 23:40:00
Indie Rock,3. Miércoles,The Strokes,The Fruits of Conquest,308093,2026-07-29 23:45:00
Indie Rock,3. Miércoles,The Strokes,Tyrants of the Mellow Moon,250213,2026-07-29 23:49:00
Indie Rock,3. Miércoles,The Strokes,Psycho Shit,323800,2026-07-29 23:55:00
Indie Rock,4. Jueves,The Strokes,Dine N'Dash,303053,2026-07-30 00:00:00
Indie Rock,4. Jueves,The Strokes,Lonely in the Future,200187,2026-07-30 00:03:00
Indie Rock,4. Jueves,The Strokes,Falling out of Love,381293,2026-07-30 00:09:00
Indie Rock,4. Jueves,The Strokes,Going to Babble On,246227,2026-07-30 00:13:00
Indie Rock,4. Jueves,The Strokes,Going Shopping,258507,2026-07-30 00:18:00
Indie Rock,4. Jueves,The Strokes,Liar's Remorse,290773,2026-07-30 00:23:00
Indie Rock,4. Jueves,The Strokes,The Fruits of Conquest,308093,2026-07-30 00:28:00
Indie Rock,4. Jueves,The Strokes,Tyrants of the Mellow Moon,250213,2026-07-30 00:32:00
Indie Rock,4. Jueves,The Strokes,Psycho Shit,323800,2026-07-30 00:37:00
Indie Rock,4. Jueves,The Strokes,Dine N'Dash,303053,2026-07-30 00:42:00
Indie Rock,4. Jueves,The Strokes,Lonely in the Future,200187,2026-07-30 00:46:00
Indie Rock,4. Jueves,The Strokes,Falling out of Love,381293,2026-07-30 00:52:00
Indie Rock,4. Jueves,The Strokes,Going to Babble On,246227,2026-07-30 00:56:00
Indie Rock,4. Jueves,The Strokes,Going Shopping,258507,2026-07-30 01:00:00
Indie Rock,4. Jueves,The Strokes,Liar's Remorse,290773,2026-07-30 01:05:00
Indie Rock,4. Jueves,The Strokes,The Fruits of Conquest,308093,2026-07-30 01:10:00
Indie Rock,4. Jueves,The Strokes,Tyrants of the Mellow Moon,250213,2026-07-30 01:15:00
Indie Rock,4. Jueves,The Strokes,Psycho Shit,75710,2026-07-30 01:16:00
Indie Folk,4. Jueves,Lizzy McAlpine,The light in the painting,0,2026-07-30 16:56:00
Rock Argentino,4. Jueves,Patricio Rey y sus Redonditos de Ricota,Rock para los Dientes,12545,2026-07-30 18:05:00
Indie Rock,4. Jueves,Suarez,Un Rayo de Sol,452,2026-07-30 18:16:00
Indie Folk,4. Jueves,Phoebe Bridgers,Motion Sickness,228580,2026-07-30 18:16:00
Indie Pop,4. Jueves,Le Mans,Un Rayo De Sol,979,2026-07-30 18:16:00
Rock Argentino,4. Jueves,Charly García,Fanky,5209,2026-07-30 18:20:00
Rock Argentino,4. Jueves,Charly García,Fanky,1368,2026-07-30 18:20:00
Rock Argentino,4. Jueves,Patricio Rey y sus Redonditos de Ricota,Roto y Mal Parado,275760,2026-07-30 18:26:00
Rock Argentino,4. Jueves,Patricio Rey y sus Redonditos de Ricota,"Pierre, El Vitricida",65440,2026-07-30 18:28:00
Rock Argentino,4. Jueves,Patricio Rey y sus Redonditos de Ricota,Te Voy a Atornillar,11249,2026-07-30 18:28:00
Indie Rock,4. Jueves,El Mató a un Policía Motorizado,Escupíme,181920,2026-07-30 18:31:00
Rock Argentino,4. Jueves,Charly García,Yo No Quiero Volverme Tan Loco,0,2026-07-30 18:32:00
Rock Argentino,4. Jueves,Indio Solari,To Beef Or Not To Beef - En Vivo,288640,2026-07-30 18:37:00
Indie Pop,4. Jueves,Paul Higgs,Daba La Casualidad,127435,2026-07-30 18:39:00
Indie Rock,4. Jueves,Mac DeMarco,Phantom,2289,2026-07-30 18:44:00
Indie Rock,4. Jueves,Wach,5 cosas (with La Llorona y su Jardín de Dragones),37952,2026-07-30 18:54:00
Indie Rock,4. Jueves,El Mató a un Policía Motorizado,Chica de Oro,233546,2026-07-30 18:58:00
Rock Argentino,4. Jueves,Bersuit Vergarabat,Toco Y Me Voy,249933,2026-07-30 19:02:00
Rock Argentino,4. Jueves,Los Piojos,Y Quemás,236612,2026-07-30 20:00:00
Rock Argentino,6. Sábado,Indio Solari,Encuentro con un Ángel Amateur,17389,2026-08-01 20:11:00
Rock Argentino,1. Lunes,Patricio Rey y sus Redonditos de Ricota,Rock para los Dientes,25173,2026-08-03 05:34:00
Rock Argentino,1. Lunes,Patricio Rey y sus Redonditos de Ricota,Rock para los Dientes,209760,2026-08-03 05:43:00
Rock Argentino,1. Lunes,Patricio Rey y sus Redonditos de Ricota,Murga Purga,204533,2026-08-03 05:46:00
Rock Argentino,1. Lunes,Patricio Rey y sus Redonditos de Ricota,Te Voy a Atornillar,213600,2026-08-03 05:50:00
Rock Argentino,1. Lunes,Patricio Rey y sus Redonditos de Ricota,Me Matan Limón!,1322,2026-08-03 06:12:00
Rock Argentino,1. Lunes,Serú Girán,Transformacion,1295,2026-08-03 06:12:00
Indie Pop,1. Lunes,Paul Higgs,Daba La Casualidad,177073,2026-08-03 06:18:00
Rock Argentino,1. Lunes,Serú Girán,"Autos, Jets, Aviones, Barcos - 2021 Remasterizado",251127,2026-08-03 08:51:00
Rock Argentino,1. Lunes,Serú Girán,"Autos, Jets, Aviones, Barcos - 2021 Remasterizado",1791,2026-08-03 10:23:00
Rock Argentino,1. Lunes,Serú Girán,Frecuencia Modulada - 2019 Remasterizado,7063,2026-08-03 10:26:00
Rock Argentino,1. Lunes,Indio Solari,To Beef Or Not To Beef - En Vivo,288640,2026-08-03 10:35:00
Rock Argentino,1. Lunes,Indio Solari,Bebamos de las Copas Lindas,246053,2026-08-03 10:52:00
Rock Argentino,1. Lunes,Patricio Rey y sus Redonditos de Ricota,Una Piba Con la Remera de Greenpeace,220467,2026-08-03 11:12:00
Rock Argentino,1. Lunes,Patricio Rey y sus Redonditos de Ricota,La Hija del Fletero,195173,2026-08-03 11:16:00
Rock Argentino,1. Lunes,Patricio Rey y sus Redonditos de Ricota,Blues de la Libertad,300960,2026-08-03 11:26:00
Indie Rock,1. Lunes,Perras on the beach,Puchos,232000,2026-08-03 11:30:00
Rock Argentino,1. Lunes,Indio Solari,Black Russian,175205,2026-08-03 11:33:00
Indie Folk,1. Lunes,Phoebe Bridgers,Motion Sickness,2223,2026-08-03 11:42:00
Indie Pop,1. Lunes,Le Mans,Un Rayo De Sol,4486,2026-08-03 11:42:00
Indie Rock,1. Lunes,Wach,5 cosas (with La Llorona y su Jardín de Dragones),7983,2026-08-03 11:42:00
Indie Rock,1. Lunes,Suarez,Un Rayo de Sol,294307,2026-08-03 11:47:00
Indie Rock,3. Miércoles,Diles que no me maten,Viene el viento,237000,2026-08-05 15:04:00
Rock Argentino,3. Miércoles,Indio Solari,Encuentro con un Ángel Amateur,0,2026-08-05 21:35:00
Rock Argentino,3. Miércoles,Indio Solari,Encuentro con un Ángel Amateur,1777,2026-08-05 21:37:00
Indie Rock,3. Miércoles,Diles que no me maten,Viene el viento,237000,2026-08-05 22:46:00
Rock Argentino,3. Miércoles,Patricio Rey y sus Redonditos de Ricota,Rock para los Dientes,156270,2026-08-05 23:01:00
Indie Rock,3. Miércoles,Diles que no me maten,Viene el viento,237000,2026-08-05 23:24:00
Rock Argentino,3. Miércoles,Patricio Rey y sus Redonditos de Ricota,Rock para los Dientes,60685,2026-08-05 23:31:00
Indie Rock,3. Miércoles,Diles que no me maten,Viene el viento,237000,2026-08-05 23:56:00
Rock Argentino,4. Jueves,Patricio Rey y sus Redonditos de Ricota,Rock para los Dientes,209760,2026-08-06 00:05:00
Rock Argentino,4. Jueves,Patricio Rey y sus Redonditos de Ricota,Murga Purga,204533,2026-08-06 00:08:00
Rock Argentino,4. Jueves,Patricio Rey y sus Redonditos de Ricota,Te Voy a Atornillar,213600,2026-08-06 00:12:00
Indie Rock,4. Jueves,The Strokes,Dine N'Dash,303053,2026-08-06 17:27:00
Indie Rock,5. Viernes,Diles que no me maten,Viene el viento,85160,2026-08-07 11:09:00
Indie Rock,5. Viernes,The Strokes,Going Shopping,22623,2026-08-07 11:21:00
Indie Folk,5. Viernes,Conrad Taylor,Berghain - Remix,69197,2026-08-07 19:45:00
Indie Rock,5. Viernes,The Strokes,Lonely in the Future,200187,2026-08-07 23:49:00
Indie Folk,5. Viernes,Phoebe Bridgers,Lost Boys,254615,2026-08-07 23:53:00
Rock Argentino,6. Sábado,Charly García,Cuchillos,36316,2026-08-08 01:00:00
Rock Argentino,6. Sábado,Charly García,Vemos...,3180,2026-08-08 01:00:00
Rock Argentino,6. Sábado,Charly García,Estaba En Llamas Cuando Me Acoste,14579,2026-08-08 01:00:00
Rock Argentino,6. Sábado,Charly García,Necesito Un Gol,13011,2026-08-08 01:01:00
Rock Argentino,6. Sábado,Charly García,Canciones De Jirafas,54572,2026-08-08 01:01:00
Rock Argentino,6. Sábado,Charly García,Constant Concept,277000,2026-08-08 01:08:00
Rock Argentino,6. Sábado,Charly García,Cuchillos,40156,2026-08-08 01:14:00
Rock Argentino,6. Sábado,Charly García,Say No More,276467,2026-08-08 01:14:00
Rock Argentino,6. Sábado,Charly García,Constant Concept,191160,2026-08-08 01:17:00
Rock Argentino,6. Sábado,Indio Solari,Había una Vez...,268213,2026-08-08 15:52:00
Indie Rock,6. Sábado,Marina Fages,El Límite,248007,2026-08-08 15:57:00
Indie Pop,6. Sábado,Los Besos,El Dron,140650,2026-08-08 15:59:00
Rock Argentino,6. Sábado,Los Gatos,La Balsa,176000,2026-08-08 16:41:00
Rock Argentino,6. Sábado,Sui Generis,Canción para Mi Muerte,215907,2026-08-08 16:46:00
Rock Argentino,6. Sábado,Almendra,Tema de Pototo (Para Saber Como Es la Soledad),157547,2026-08-08 16:52:00
Rock Argentino,6. Sábado,Moris,El Oso,174973,2026-08-08 16:58:00
Rock Argentino,6. Sábado,Los Gatos,Rock de la Mujer Perdida,189960,2026-08-08 17:04:00
Rock Argentino,6. Sábado,Sui Generis,Bienvenidos al Tren,194333,2026-08-08 17:07:00
Rock Argentino,6. Sábado,Almendra,Ana No Duerme,145823,2026-08-08 17:12:00
Indie Folk,6. Sábado,José González,Horizons,28088,2026-08-08 17:21:00
Rock Argentino,6. Sábado,Los Piojos,Sudestada,241747,2026-08-08 17:21:00
Indie Rock,6. Sábado,Diles que no me maten,Viene el viento,37317,2026-08-08 17:22:00
Rock Argentino,6. Sábado,Charly García,No Me Veras En El Subte,305000,2026-08-08 17:27:00
Rock Argentino,6. Sábado,Charly García,Ella Es Bailarina,177867,2026-08-08 17:30:00
Rock Argentino,6. Sábado,Charly García,Anhedonia,263200,2026-08-08 17:36:00
Rock Argentino,6. Sábado,Charly García,Suicida,196040,2026-08-08 17:39:00
Rock Argentino,6. Sábado,Charly García,Fantasy,182627,2026-08-08 17:43:00
Rock Argentino,6. Sábado,Charly García,A Punto De Caer,183373,2026-08-08 17:46:00
Rock Argentino,6. Sábado,Charly García,Shisyastawuman,270200,2026-08-08 17:50:00
Rock Argentino,6. Sábado,Charly García,El Karma de Vivir al Sur,211693,2026-08-08 17:58:00
Rock Argentino,6. Sábado,Patricio Rey y sus Redonditos de Ricota,Todo un Palo,440560,2026-08-08 18:05:00
Rock Argentino,6. Sábado,Sumo,Nextweek,194813,2026-08-08 18:08:00
Rock Argentino,6. Sábado,Las Pelotas,Día Feliz,228280,2026-08-08 18:12:00
Rock Argentino,6. Sábado,Sui Generis,El Día Que Apagaron La Luz,270987,2026-08-08 18:17:00
Indie Rock,6. Sábado,El Mató a un Policía Motorizado,Destruccion,344000,2026-08-08 18:23:00
Rock Argentino,6. Sábado,Charly García,Yendo De La Cama Al Living,285213,2026-08-08 18:27:00
Rock Argentino,6. Sábado,Patricio Rey y sus Redonditos de Ricota,Toxi-Taxi,219333,2026-08-08 18:31:00
Rock Argentino,6. Sábado,Serú Girán,Mientras Miro Las Nuevas Olas - Remastered 2012,237640,2026-08-08 18:35:00
Rock Argentino,6. Sábado,Indio Solari,To Beef Or Not To Beef,279480,2026-08-08 18:40:00
Rock Argentino,6. Sábado,Luis Alberto Spinetta,No Te Alejes Tanto De Mí,209893,2026-08-08 18:43:00
Rock Argentino,6. Sábado,Skay Beilinson,Oda a la Sin Nombre,272480,2026-08-08 18:48:00
Rock Argentino,6. Sábado,Charly García,Necesito Tu Amor,216187,2026-08-08 18:51:00
Rock Argentino,6. Sábado,Patricio Rey y sus Redonditos de Ricota,Unos Pocos Peligros Sensatos,185307,2026-08-08 18:54:00
Rock Argentino,6. Sábado,Serú Girán,"Viernes, 3AM - 2019 Remasterizado",265312,2026-08-08 18:59:00
Rock Argentino,6. Sábado,Indio Solari,El Tesoro de los Inocentes,258867,2026-08-08 19:03:00
Rock Argentino,6. Sábado,Sumo,Estallando Desde el Océano,214147,2026-08-08 19:07:00
Rock Argentino,6. Sábado,Las Pelotas,Víctimas del Cielo,253467,2026-08-08 19:11:00
Rock Argentino,6. Sábado,Charly García,Ella Adivinó,230560,2026-08-08 19:15:00
Rock Argentino,6. Sábado,Patricio Rey y sus Redonditos de Ricota,Roto y Mal Parado,275760,2026-08-08 19:19:00
Rock Argentino,6. Sábado,Serú Girán,Esperando Nacer,346787,2026-08-08 19:25:00
Rock Argentino,6. Sábado,Indio Solari,A la Luz de la Luna,278093,2026-08-08 19:31:00
Rock Argentino,6. Sábado,Indio Solari,Encuentro con un Ángel Amateur,275,2026-08-08 22:25:00
Rock Argentino,6. Sábado,Indio Solari,Encuentro con un Ángel Amateur,0,2026-08-08 22:25:00
Rock Argentino,6. Sábado,Indio Solari,Encuentro con un Ángel Amateur,343,2026-08-08 22:25:00
Rock Argentino,6. Sábado,Patricio Rey y sus Redonditos de Ricota,Me Matan Limón!,9080,2026-08-08 22:36:00
Rock Argentino,7. Domingo,Indio Solari,Encuentro con un Ángel Amateur,0,2026-08-09 11:45:00
Rock Argentino,7. Domingo,Las Pelotas,Víctimas del Cielo,253467,2026-08-09 11:50:00
Rock Argentino,4. Jueves,Indio Solari,Encuentro con un Ángel Amateur,0,2026-08-13 09:40:00
Indie Rock,4. Jueves,The Strokes,Going to Babble On,246227,2026-08-13 10:22:00
Indie Pop,4. Jueves,Suki Waterhouse,Back in Love,194347,2026-08-13 10:25:00
Indie Folk,5. Viernes,Phoebe Bridgers,I Can’t Wait,2084,2026-08-14 23:01:00
Indie Rock,5. Viernes,Sam Fender,Rein Me In (with Olivia Dean),339893,2026-08-14 23:13:00
Indie Folk,6. Sábado,Phoebe Bridgers,I Can’t Wait,15941,2026-08-15 12:37:00
Indie Folk,6. Sábado,Phoebe Bridgers,I Can’t Wait,0,2026-08-15 12:37:00
Urbano Latino,6. Sábado,Dillom,Ciudad de la Paz,30403,2026-08-15 12:42:00
Rock Argentino,6. Sábado,Las Pelotas,Víctimas del Cielo,253467,2026-08-15 12:46:00
Rock Argentino,6. Sábado,Sui Generis,El Día Que Apagaron La Luz,270987,2026-08-15 12:57:00
Indie Rock,6. Sábado,Arcade Fire,Intervention,259000,2026-08-15 13:48:00
Indie Pop,6. Sábado,Srta. Trueno Negro,Si Supiese Escribir,14699,2026-08-15 13:51:00
Rock Argentino,6. Sábado,Sui Generis,El Día Que Apagaron La Luz,270987,2026-08-15 14:16:00
Indie Folk,6. Sábado,Phoebe Bridgers,I Can’t Wait,155,2026-08-15 14:27:00
Indie Rock,6. Sábado,The Strokes,Lonely in the Future,200187,2026-08-15 15:55:00
Indie Pop,6. Sábado,Suki Waterhouse,Notting Hill,190213,2026-08-15 15:59:00
Indie Rock,6. Sábado,Sam Fender,Rein Me In (with Olivia Dean),339893,2026-08-15 21:49:00
Indie Rock,6. Sábado,Mac DeMarco,Phantom,3924,2026-08-15 22:06:00
Rock Argentino,6. Sábado,Indio Solari,La Pequeña Mamba,8327,2026-08-15 22:11:00
Indie Rock,6. Sábado,Mac DeMarco,Still Beating,181587,2026-08-15 22:14:00
Rock Argentino,6. Sábado,Divididos,Paisano De Hurlingham,7070,2026-08-15 22:14:00
Indie Rock,6. Sábado,Mac DeMarco,Dreams from Yesterday,207160,2026-08-15 22:18:00
Indie Rock,6. Sábado,Mac DeMarco,My Kind of Woman,190846,2026-08-15 22:31:00
Indie Rock,6. Sábado,Arctic Monkeys,I Wanna Be Yours,183956,2026-08-15 22:37:00
Indie Folk,6. Sábado,Juana Aguirre,la noche,5668,2026-08-15 22:48:00
Indie Folk,6. Sábado,Juana Aguirre,VOLVIERON,168773,2026-08-15 22:51:00
Indie Folk,6. Sábado,Juana Aguirre,lo_divino,201920,2026-08-15 22:54:00
Indie Folk,6. Sábado,Juana Aguirre,un nombre propio,187762,2026-08-15 22:57:00
Indie Folk,6. Sábado,Juana Aguirre,TORMENTA,0,2026-08-15 22:58:00
Indie Folk,6. Sábado,Juana Aguirre,TORMENTA,60488,2026-08-15 22:58:00
Indie Folk,7. Domingo,Feli Colina,LOM,38228,2026-08-16 11:54:00
Indie Folk,7. Domingo,Feli Colina,ALGÚN DÍA,133004,2026-08-16 11:57:00
Indie Folk,7. Domingo,Feli Colina,INGRATA,175768,2026-08-16 12:00:00
Indie Folk,7. Domingo,Feli Colina,DEMASIADO NADA,184113,2026-08-16 12:03:00
Indie Folk,7. Domingo,Feli Colina,MEGALÓMANA,163759,2026-08-16 12:05:00
Indie Folk,7. Domingo,Feli Colina,DESTRUIRTE Y AMARTE,38301,2026-08-16 12:06:00
Indie Folk,7. Domingo,Feli Colina,AMITUOFO,207379,2026-08-16 12:09:00
Indie Folk,7. Domingo,Feli Colina,NUMEN,202410,2026-08-16 12:13:00
Indie Folk,7. Domingo,Feli Colina,ETERLUDIO,48243,2026-08-16 12:14:00
Indie Folk,7. Domingo,Feli Colina,FLOR,185024,2026-08-16 12:17:00
Indie Folk,7. Domingo,Feli Colina,NINGUNA,103666,2026-08-16 12:18:00
Indie Folk,7. Domingo,Feli Colina,EUFORIA,118405,2026-08-16 12:20:00
Indie Folk,7. Domingo,Feli Colina,VAS A ENCONTRAR,169786,2026-08-16 12:23:00
Indie Folk,7. Domingo,Feli Colina,FLOR,508,2026-08-16 12:46:00
Indie Folk,7. Domingo,Feli Colina,DON,3040,2026-08-16 13:31:00
Indie Folk,7. Domingo,Feli Colina,DON,24415,2026-08-16 13:33:00
Indie Folk,7. Domingo,Feli Colina,FLOR,3381,2026-08-16 13:33:00
Rock Argentino,7. Domingo,Patricio Rey y sus Redonditos de Ricota,Me Matan Limón!,215360,2026-08-16 13:37:00
Rock Argentino,7. Domingo,Serú Girán,Transformacion,39383,2026-08-16 13:39:00
Indie Folk,7. Domingo,Feli Colina,NINGUNA,1568,2026-08-16 23:21:00
Indie Folk,1. Lunes,Feli Colina,NINGUNA,0,2026-08-17 10:50:00
Indie Folk,1. Lunes,Feli Colina,NINGUNA,483,2026-08-17 19:00:00
Indie Folk,2. Martes,Feli Colina,LOM,216,2026-08-18 16:44:00
Indie Folk,2. Martes,Feli Colina,ETERLUDIO,540,2026-08-18 16:44:00
Indie Folk,2. Martes,Feli Colina,LOM,154,2026-08-18 22:32:00
Indie Folk,2. Martes,Feli Colina,LOM,5809,2026-08-18 22:32:00
