Fecha,genero_principal,generos_secundarios,cantidad_reproducciones,msPlayed,minutosPlayed
2025-08-19,Punk Rock,"Pop Punk, Alternative Rock",1,518040,8.634
2025-08-19,Indie Rock,"Alternative Rock, Garage Rock",1,7603,0.12671666666666667
2025-08-20,Indie Pop,Pop Urbano,1,63466,1.0577666666666667
2025-08-21,Indie Rock,"Art Rock, Alternative Rock",2,276806,4.613433333333334
2025-08-21,Art Pop,"Indie Folk, Bedroom Pop",1,266432,4.440533333333334
2025-08-21,Rock Argentino,"Art Rock, Alternative Rock, Electronic Fusion",1,265690,4.428166666666667
2025-08-21,Alternative Rock,"Garage Rock Revival, Southern Rock",1,203346,3.3891
2025-08-21,Rock Argentino,"Art Rock, Jazz Rock, Folk Rock",1,201800,3.3633333333333333
2025-08-21,Indie Pop,"Canción de Autor, Art Pop",1,196162,3.2693666666666665
2025-08-21,Indie Pop,"R&B Urbano, Bedroom Pop",1,180389,3.006483333333333
2025-08-21,MPB,"Pop Brasileño, Acoustic Fusion",1,158187,2.63645
2025-08-21,MPB Latino / Fusion,"Funk, Candombe Fusion, Pop Experimental",2,157683,2.62805
2025-08-21,Indie Tropical,"Cumbia Pop, Funk Latino, Indie Rock",1,50130,0.8355
2025-08-21,Art Pop,"Experimental Electronic, House",1,22928,0.3821333333333333
2025-08-21,World Music,"Folk Latinoamericano, Acoustic Indie",1,9360,0.156
2025-08-21,Indie Pop,"Synth-Pop, Bedroom Pop",1,3827,0.06378333333333333
2025-08-21,Indie Pop,"Indie Folk, Canción Pop / Canción Urbana",1,3453,0.05755
2025-08-21,Minimal Wave,"Post-Punk, Synth-Pop",1,3425,0.05708333333333333
2025-08-21,Reggae Fusion,"Dub, Ska",1,2851,0.047516666666666665
2025-08-21,Indie Folk,"Canción Latinoamericana, Avant-Garde Pop",1,2810,0.04683333333333333
2025-08-21,Classic Rock,"Blues Rock, Roots Rock",1,2763,0.04605
2025-08-21,Canción de Autor,"Rock de Cámara, Experimental Folk",1,2733,0.04555
2025-08-21,Canción de Autor,"Indie Folk, Canción Platense",1,2703,0.04505
2025-08-21,Alternative Pop,"Hip-Hop, Synth-Pop, Reggaeton / Dub",1,2614,0.04356666666666666
2025-08-21,Rock Argentino,"Alternative Rock, Post-Punk, Shoegaze",1,2182,0.036366666666666665
2025-08-21,Neo-Soul,"R&B, Funk Calmo",1,2056,0.03426666666666667
2025-08-21,Canción de Autor,"Candombe Beat, Folk Uruguayo",1,2005,0.033416666666666664
2025-08-21,Alternative Rock,"Art Rock, Experimental / Electronic Rock",1,548,0.009133333333333334
2025-08-22,Latin Alternative,"Flamenco Pop, Urbano Latino, Rumba",1,26695,0.4449166666666667
2025-08-22,Indie Rock,"Lo-Fi, Noise Pop, Post-Punk",1,2626,0.04376666666666667
2025-08-22,Rock Latino,"Folk Rock, Progressive Rock",1,188,0.0031333333333333335
2025-08-23,Hard Rock,"Blues Rock, Folk Rock, Heavy Metal Primigenio",17,3120608,52.010133333333336
2025-08-23,Indie Pop,"Indie Folk, Canción Pop / Canción Urbana",11,1639308,27.3218
2025-08-23,MPB Latino / Fusion,"Funk, Candombe Fusion, Pop Experimental",4,677963,11.299383333333333
2025-08-23,Indie Rock,"Art Rock, Synth-Pop, Dance Rock",3,383514,6.3919
2025-08-23,Folklore Argentino,"Canción Latinoamericana, Fusion Folk",2,334048,5.567466666666666
2025-08-23,French House,"Electronic, Synth-Pop, Nu-Disco",1,301373,5.022883333333334
2025-08-23,Indie Folk,"Acoustic, Singer-Songwriter",1,285386,4.756433333333334
2025-08-23,Rock Uruguayo,"Ska Rock, Punk Rock",1,254318,4.2386333333333335
2025-08-23,Rock Argentino,"Murga Rock, Candombe Rock, Blues Rock",2,240102,4.0017
2025-08-23,Funk / Hip-Hop,"Latin Funk, Rap Rock, R&B",1,238042,3.9673666666666665
2025-08-23,Folk Rock,"Reggae Fusion, Canción Latinoamericana",2,234835,3.9139166666666663
2025-08-23,Rock Alternativo,"Experimental Folk, Post-Punk",1,230500,3.841666666666667
2025-08-23,Neo-Psychedelia,"Indie Rock, Space Rock, Experimental",1,228163,3.8027166666666665
2025-08-23,Indie Rock,"Experimental, Dream Pop, Lo-Fi",1,223706,3.7284333333333333
2025-08-23,Indie Pop,"Canción de Autor, Art Pop",2,204713,3.411883333333333
2025-08-23,Alternative Rock,"Garage Rock Revival, Southern Rock",1,203346,3.3891
2025-08-23,Rock Progresivo,"Symphonic Rock, Fusion",1,199498,3.3249666666666666
2025-08-23,Alternative Rock,"Shoegaze, Grunge, Indie Rock",1,196804,3.2800666666666665
2025-08-23,Dream Pop,"Shoegaze, Post-Punk, Etherial Wave",1,192466,3.2077666666666667
2025-08-23,Indie Folk,Canción Latinoamericana,1,191320,3.1886666666666668
2025-08-23,Indie Folk,"Acoustic, Folk Latinoamericano",1,179094,2.9849
2025-08-23,Indie Pop,"Dream Pop, Slowcore",1,170326,2.838766666666667
2025-08-23,Indie Tropical,"Cumbia Pop, Funk Latino, Indie Rock",1,169412,2.8235333333333332
2025-08-23,Hyperpop,"Dance-Pop, Synth-Pop, Electronic",1,164284,2.7380666666666666
2025-08-23,Folk Rock,"Singer-Songwriter, Classic Rock",2,160803,2.68005
2025-08-23,Worldbeat,"Folk Rock, Jam Band",2,90160,1.5026666666666668
2025-08-23,Piano Pop,"Pop Rock, Singer-Songwriter",2,83871,1.39785
2025-08-23,Glam Rock,"Art Rock, Proto-Punk",2,70245,1.17075
2025-08-23,Garage Rock,"Acoustic Blues, Indie Rock",1,63145,1.0524166666666666
2025-08-23,Rock Argentino,"Pop Rock, Piano Rock",2,58373,0.9728833333333333
2025-08-23,Rock Argentino,"Hard Rock, Blues Rock, Proto-Punk, Folk Progresivo",1,49044,0.8174
2025-08-23,Urbano Latino,"Reggaeton, Trap Latino, Synth-Pop, Mambo",1,39426,0.6571
2025-08-23,Nueva Trova Cubana,"Trova, Canción de Autor",2,34664,0.5777333333333333
2025-08-23,Soul,"R&B, Northern Soul",1,33365,0.5560833333333334
2025-08-23,Indie Rock,"Lo-Fi, Alternative Rock",1,32533,0.5422166666666667
2025-08-23,Alternative Rock,"Grunge, Psychedelic Rock",1,32110,0.5351666666666667
2025-08-23,Indie Rock,"Canción de Autor, Bedroom Pop",1,30713,0.5118833333333334
2025-08-23,Rock Argentino,"Latin Rock, Ska Rock, Cumbia Rock",1,27071,0.4511833333333333
2025-08-23,Rock and Roll,"Garage Rock, Blues Rock",1,15408,0.2568
2025-08-23,Alternative Rock,"Singer-Songwriter, Folk Rock",1,13093,0.21821666666666667
2025-08-23,Trova Rosarina,"Canción de Autor, Folk Rock",1,11688,0.1948
2025-08-23,Rock Latino,"Folk Rock, Progressive Rock",1,10248,0.1708
2025-08-23,Rock Argentino,"Alternative Rock, Electro-Rock, Pop Rock",1,9817,0.16361666666666666
2025-08-23,Indie Rock,"Post-Punk, Space Rock, Noise Pop",2,8416,0.14026666666666668
2025-08-23,Canción de Autor,"Candombe Beat, Folk Uruguayo",1,7886,0.13143333333333335
2025-08-23,Indie Rock,"Post-Punk, New Wave",1,7491,0.12485
2025-08-23,Reggae Fusion,"Dub, Ska",1,6886,0.11476666666666667
2025-08-23,Indie Rock,"Garage Rock, Post-Punk",1,4612,0.07686666666666667
2025-08-23,Latin Alternative,"Flamenco Pop, Urbano Latino, Rumba",1,4373,0.07288333333333333
2025-08-23,Progressive Rock,"Psychedelic Rock, Art Rock",1,3271,0.054516666666666665
2025-08-23,Electro Cumbia,"Tropical Bass, Latin Alternative",1,3000,0.05
2025-08-23,Folktronica,"Experimental Electronic, Art Pop",1,2556,0.0426
2025-08-23,Rock Stone,"Blues Rock, Rock and Roll",1,2494,0.04156666666666667
2025-08-23,Canción de Autor,"Indie Pop, Folk Latinoamericano",1,1991,0.033183333333333336
2025-08-23,Alternative Hip-Hop,"Rap Rock, Urbano Latino, Fusion",1,1264,0.021066666666666668
2025-08-24,Rock Progresivo,"Symphonic Rock, Fusion",2,411586,6.859766666666667
2025-08-24,Pop Rock,"Britpop Argentino, New Wave",1,232221,3.87035
2025-08-24,Electro-Tropical,"French Touch, Downtempo, House",1,222373,3.7062166666666667
2025-08-24,Rock Argentino,"Reggae Rock, Post-Punk",1,210026,3.5004333333333335
2025-08-24,Indie Tropical,"Cumbia Pop, Funk Latino, Indie Rock",1,207610,3.460166666666667
2025-08-24,Canción de Autor,"Rock de Cámara, Experimental Folk",1,204933,3.41555
2025-08-24,Classic Rock,"Garage Rock, Folk Rock, Proto-Punk",1,201022,3.3503666666666665
2025-08-24,Proto-Punk,"Art Rock, Garage Rock, Psychedelic Rock",2,200229,3.33715
2025-08-24,Low Rock,"Alternative Rock, Jazz Rock, Blues Rock",1,194093,3.2348833333333333
2025-08-24,Indie Pop,"Psicodelia, Bedroom Pop",1,174357,2.90595
2025-08-24,Alternative Rock,"Funk Rock, Hard Rock",2,164338,2.7389666666666668
2025-08-24,Indie Folk,"Acoustic, Singer-Songwriter",1,153413,2.5568833333333334
2025-08-24,Canción de Autor,"Jazz Fusion, Folklore Fusion, Pop Rock",1,24665,0.41108333333333336
2025-08-24,Indie Folk,"Americana, Acoustic",1,20072,0.33453333333333335
2025-08-24,Progressive Rock,"Psychedelic Rock, Art Rock",2,19505,0.32508333333333334
2025-08-24,Rock Argentino,"Hard Rock, Heavy Blues",1,11870,0.19783333333333333
2025-08-24,Indie Rock,"Lo-Fi, Alternative Rock",1,8487,0.14145
2025-08-24,Rock Argentino,"Pop Rock, New Wave, Progressive Rock",3,6976,0.11626666666666666
2025-08-24,Rock en Español,"Latin Alternative, Experimental Rock",1,6108,0.1018
2025-08-24,Candombe / Trova,"Canción de Autor, Vanguardia Uruguaya",1,5893,0.09821666666666666
2025-08-24,Rock Argentino,"Alternative Rock, Electro-Rock, Pop Rock",2,5571,0.09285
2025-08-24,Rock Argentino,"Hard Rock, Blues Rock, Proto-Punk, Folk Progresivo",2,4075,0.06791666666666667
2025-08-24,Neo-Soul,"Bedroom Pop, R&B, Reggaeton Pop",1,3627,0.06045
2025-08-24,Música Cubana,"Son Cubano, Guajira",1,3490,0.058166666666666665
2025-08-24,Rock Argentino,"Alternative Rock, Funk Rock, Hard Rock",1,3114,0.0519
2025-08-24,Indie Rock,"Art Rock, Alternative Rock",1,2914,0.04856666666666667
2025-08-24,Rock Argentino,"Pop Rock, Piano Rock",1,2414,0.040233333333333336
2025-08-24,Indie Rock,"Afro-Pop Fusion, Art Pop",1,2230,0.03716666666666667
2025-08-24,Indie Pop,"Jangle Pop, Post-Punk",1,2214,0.0369
2025-08-24,Urbano Latino,"Hip-Hop, Funk Carioca, Boom Bap, Trap",1,2100,0.035
2025-08-24,Rock Argentino,"Art Rock, Jazz Rock, Folk Rock",1,1976,0.032933333333333335
2025-08-24,Canción de Autor,"Candombe Beat, Folk Uruguayo",1,1950,0.0325
2025-08-24,Reggae,Roots Reggae,1,1845,0.03075
2025-08-24,Bedroom Pop,"Indie Pop, Chicano Batman Folk, Chicano R&B",1,1814,0.030233333333333334
2025-08-24,Art Pop,"Experimental Electronic, House",1,1698,0.0283
2025-08-25,Rock Argentino,"Latin Rock, Ska Rock, Cumbia Rock",4,375908,6.265133333333333
2025-08-25,Rock Argentino,"Pop Rock, New Wave, Progressive Rock",1,269066,4.4844333333333335
2025-08-25,Synth-Pop,"New Wave, Pop Rock",1,266986,4.449766666666667
2025-08-25,Rock Argentino,"Murga Rock, Candombe Rock, Blues Rock",1,241746,4.0291
2025-08-25,MPB Latino / Fusion,"Funk, Candombe Fusion, Pop Experimental",1,154733,2.578883333333333
2025-08-25,Urbano Latino,"Reggaeton, Trap Latino, Synth-Pop, Mambo",1,77120,1.2853333333333334
2025-08-25,Pop Rock,"Funk Pop, Electro Funk",2,36040,0.6006666666666667
2025-08-25,Latin Fusion,"Indie Pop, Funk, Ska, Candombe Rock",1,19906,0.33176666666666665
2025-08-25,Urbano Latino,"Alternative Hip-Hop, Industrial Rap, Post-Punk",1,6506,0.10843333333333334
2025-08-25,Indie Rock,"Art Rock, Synth-Pop, Dance Rock",1,82,0.0013666666666666666
2025-08-26,Rock Argentino,"Hard Rock, Art Rock",1,310173,5.16955
2025-08-26,Rock Argentino,"Folk Rock, Progressive Rock",1,294733,4.912216666666667
2025-08-26,Hip-Hop,"Latin Rap, Chicano Rap, East Coast Hip-Hop",1,255693,4.26155
2025-08-26,Pop Rock,"Funk Pop, Electro Funk",1,243185,4.053083333333333
2025-08-26,Indie Tropical,"Cumbia Pop, Funk Latino, Indie Rock",1,241083,4.01805
2025-08-26,New Wave,"Post-Punk, Pop Rock",1,184093,3.068216666666667
2025-08-26,Indie Rock,"Garage Rock, Post-Punk",1,123018,2.0503
2025-08-26,New Wave,"Power Pop, Synth-Pop",1,67772,1.1295333333333333
2025-08-26,MPB Latino / Fusion,"Funk, Candombe Fusion, Pop Experimental",1,1547,0.02578333333333333
2025-08-27,Rock Argentino,"Murga Rock, Candombe Rock, Blues Rock",1,343293,5.72155
2025-08-27,Grunge,"Alternative Rock, Classic Rock Revival",1,303586,5.0597666666666665
2025-08-27,Indie Electronic,"Synth-Pop, Ambient",2,278571,4.64285
2025-08-27,Classic Rock,"Blues Rock, Roots Rock",1,274226,4.570433333333333
2025-08-27,Indie Pop / Synth-Pop,"Folk-Pop, Chamber Pop",1,261922,4.365366666666667
2025-08-27,Rock Argentino,"Post-Punk, Hard Rock",1,239906,3.9984333333333333
2025-08-27,Glam Rock,"Art Rock, Proto-Punk",1,221120,3.6853333333333333
2025-08-27,Flamenco,"Nuevo Flamenco, Rumba Flamenca",1,211493,3.5248833333333334
2025-08-27,Alternative Pop,"Hip-Hop, Synth-Pop, Reggaeton / Dub",1,193463,3.2243833333333334
2025-08-27,Indie Rock,"Punk Folk, Experimental Rock",1,193012,3.2168666666666668
2025-08-27,Indie / Unmapped,Alternative / Various,1,182240,3.037333333333333
2025-08-27,Nueva Trova Cubana,"Trova, Canción de Autor",1,178131,2.96885
2025-08-27,Rock Argentino,"Pop Rock, Piano Rock",1,143106,2.3851
2025-08-27,Rock Argentino,"Alternative Rock, Funk Rock, Hard Rock",1,11690,0.19483333333333333
2025-08-27,Britpop,"Alternative Rock, Garage Rock",1,2667,0.04445
2025-08-27,Alternative Rock,"Art Rock, Experimental / Electronic Rock",1,340,0.005666666666666667
2025-08-27,Tango Canción,"Tango Fusion, Rock de Cámara",1,324,0.0054
2025-08-27,Indie Pop,"R&B Urbano, Bedroom Pop",1,0,0.0
2025-08-28,Neo-Psychedelia,"Indie Rock, Space Rock, Experimental",1,287506,4.791766666666667
2025-08-28,Indie Rock,"Punk Rock, Krautrock Argentino",1,241297,4.021616666666667
2025-08-28,World Music,"Folk Latinoamericano, Acoustic Indie",1,240449,4.007483333333333
2025-08-28,Indie Rock,"Post-Punk, Space Rock, Noise Pop",1,181766,3.0294333333333334
2025-08-28,Rock Argentino,"Alternative Rock, Funk Rock, Hard Rock",1,169653,2.82755
2025-08-28,Rock Argentino,"Pop Rock, New Wave, Progressive Rock",1,132243,2.20405
2025-08-28,Indie Rock,"Art Rock, Alternative Rock",1,1297,0.021616666666666666
2025-08-29,Latin Fusion,"Indie Pop, Funk, Ska, Candombe Rock",1,45976,0.7662666666666667
2025-08-29,Rock Argentino,"Hard Rock, Blues Rock, Proto-Punk, Folk Progresivo",1,2230,0.03716666666666667
2025-08-29,Indie Tropical,"Cumbia Pop, Funk Latino, Indie Rock",1,1295,0.021583333333333333
2025-08-30,Latin Fusion,"Indie Pop, Funk, Ska, Candombe Rock",5,1071939,17.865650000000002
2025-08-30,Rock Argentino,"Pop Rock, New Wave, Progressive Rock",3,890892,14.848199999999999
2025-08-30,Alternative Rock,"Funk Rock, Hard Rock",3,788782,13.146366666666665
2025-08-30,Indie Rock,"Post-Punk, Space Rock, Noise Pop",2,570619,9.510316666666666
2025-08-30,Indie Tropical,"Cumbia Pop, Funk Latino, Indie Rock",3,552509,9.208483333333334
2025-08-30,Rock Latino,"Folk Rock, Progressive Rock",2,449717,7.495283333333333
2025-08-30,Rock Stone,"Blues Rock, Rock and Roll",2,414706,6.911766666666667
2025-08-30,Canción de Autor,"Rock de Cámara, Experimental Folk",3,411297,6.8549500000000005
2025-08-30,Rock Argentino,"Art Rock, Alternative Rock, Electronic Fusion",1,388480,6.474666666666667
2025-08-30,Rock Argentino,"Alternative Rock, Electro-Rock, Pop Rock",2,375449,6.257483333333333
2025-08-30,Rock Argentino,"Pop Rock, Piano Rock",1,337200,5.62
2025-08-30,Hard Rock,"Blues Rock, Folk Rock, Heavy Metal Primigenio",2,337153,5.6192166666666665
2025-08-30,Grunge,"Heavy Metal, Alternative Rock",1,318586,5.3097666666666665
2025-08-30,New Wave,"Power Pop, Synth-Pop",1,280600,4.676666666666667
2025-08-30,Lo-Fi House,"Electronic, Chillwave",1,273059,4.550983333333333
2025-08-30,Rock Argentino,"Murga Rock, Candombe Rock, Blues Rock",1,263466,4.3911
2025-08-30,Indie Electronic,"Synth-Pop, Ambient",1,254037,4.23395
2025-08-30,Indie Rock,"Art Rock, Synth-Pop, Dance Rock",1,246600,4.11
2025-08-30,Indie Pop,"Indie Folk, Canción Pop / Canción Urbana",1,243640,4.060666666666667
2025-08-30,Indie Rock,"New Wave, Synth-Pop",1,243333,4.05555
2025-08-30,Rock Argentino,"Psych Rock, Folk Rock, Canción de Autor",2,236640,3.944
2025-08-30,Pop Rock,"Synth-Pop, Electro Pop",1,236120,3.9353333333333333
2025-08-30,Indie Rock,"Lo-Fi, Noise Pop, Post-Punk",1,229842,3.8307
2025-08-30,Indie Pop / Synth-Pop,"Folk-Pop, Chamber Pop",1,228965,3.8160833333333333
2025-08-30,Urbano Latino,"Alternative Hip-Hop, Industrial Rap, Post-Punk",1,227145,3.78575
2025-08-30,Electro-Tropical,"French Touch, Downtempo, House",1,222373,3.7062166666666667
2025-08-30,MPB,"Bossa Nova, Jazz Vocal",1,214003,3.5667166666666668
2025-08-30,Canción de Autor,"Indie Pop, Folk Latinoamericano",1,212574,3.5429
2025-08-30,Post-Punk,"Gothic Rock, New Wave, Pop Rock",1,212533,3.5422166666666666
2025-08-30,Indie Pop,"Electro-Pop, Performático",1,209133,3.48555
2025-08-30,Reggae,Roots Reggae,1,207773,3.4628833333333335
2025-08-30,Folklore Argentino,"Canción Latinoamericana, Fusion Folk",1,206621,3.4436833333333334
2025-08-30,Rock Argentino,"Hard Rock, Heavy Blues",1,201659,3.3609833333333334
2025-08-30,Urbano Latino,"Alternative R&B, Trap Pop",1,191448,3.1908
2025-08-30,Indie Rock,"Experimental, Dream Pop, Lo-Fi",1,188639,3.1439833333333334
2025-08-30,Rock Argentino,"Alternative Rock, Funk Rock, Hard Rock",1,179306,2.9884333333333335
2025-08-30,Indie Pop,"Canción de Autor, Art Pop",1,178995,2.98325
2025-08-30,Indie / Unmapped,Alternative / Various,3,177490,2.9581666666666666
2025-08-30,Neo-Soul,"Soul, Ska / Reggae, R&B",1,169373,2.8228833333333334
2025-08-30,Acoustic Folk,"Singer-Songwriter, Alternative Rock",1,164500,2.7416666666666667
2025-08-30,Indie Pop,"R&B Urbano, Bedroom Pop",1,134425,2.2404166666666665
2025-08-30,Rock Argentino,"Folk Rock, Progressive Rock",1,90973,1.5162166666666668
2025-08-30,Candombe Beat,"MPB Uruguay, Psych Folk",1,62708,1.0451333333333332
2025-08-30,Folk,"Singer-Songwriter, Vocal Jazz",1,60863,1.0143833333333334
2025-08-30,Urbano Latino,"Reggaeton, Trap Latino, Synth-Pop, Mambo",1,52442,0.8740333333333333
2025-08-30,Indie Rock,"Jangle Pop, Bedroom Pop, Psychedelic Pop",1,44251,0.7375166666666667
2025-08-30,Tropicalismo,"Psychedelic Rock, Garage Rock",1,7710,0.1285
2025-08-30,Indie Folk,"Acoustic, Singer-Songwriter",1,5053,0.08421666666666666
2025-08-30,Urbano Latino,"Hip-Hop, Funk Carioca, Boom Bap, Trap",2,3985,0.06641666666666667
2025-08-30,Rock Argentino,"Post-Punk, Hard Rock",1,2810,0.04683333333333333
2025-08-30,Electronic,"Tech House, Techno",1,2652,0.0442
2025-08-30,Folk Latinoamericano,"Bolero, Son Jarocho, Canción de Autor",1,2306,0.03843333333333333
2025-08-30,Hip-Hop,"Latin Rap, Chicano Rap, East Coast Hip-Hop",1,2265,0.03775
2025-08-30,Flamenco,"Nuevo Flamenco, Rumba Flamenca",1,2056,0.03426666666666667
2025-08-30,Progressive Rock,"Psychedelic Rock, Art Rock",1,1752,0.0292
2025-08-30,Folktronica,"Experimental Electronic, Art Pop",1,0,0.0
2025-08-31,Indie Tropical,"Cumbia Pop, Funk Latino, Indie Rock",12,2121834,35.3639
2025-08-31,Rock Argentino,"Hard Rock, Funk Rock, Folklore Rock",1,325960,5.432666666666667
2025-08-31,Nueva Trova Cubana,"Trova, Canción de Autor",1,225983,3.766383333333333
2025-08-31,Classic Rock,"Garage Rock, Folk Rock, Proto-Punk",1,201022,3.3503666666666665
2025-08-31,Rock Argentino,"Pop Rock, New Wave, Progressive Rock",2,132215,2.2035833333333334
2025-08-31,Rock Argentino,"Progressive Rock, Art Pop, Symphonic Rock",1,125733,2.09555
2025-08-31,Pop Rock,"Britpop Argentino, New Wave",1,107720,1.7953333333333332
2025-08-31,Indie Rock,"Alternative Rock, Garage Rock",2,79910,1.3318333333333334
2025-08-31,Canción de Autor,"Indie Folk, Canción Platense",1,63526,1.0587666666666666
2025-08-31,Indie Folk,"Acoustic, Singer-Songwriter",1,11970,0.1995
2025-08-31,Deep House,"Tropical House, Dance-Pop",1,4725,0.07875
2025-08-31,Rock Argentino,"Folk Rock, Progressive Rock",1,4681,0.07801666666666666
2025-08-31,Indie Rock,"Art Rock, Synth-Pop, Dance Rock",1,4193,0.06988333333333334
2025-08-31,Bedroom Pop,"Indie Pop, Chicano Batman Folk, Chicano R&B",1,3805,0.06341666666666666
2025-08-31,Música Cubana,"Son Cubano, Guajira",1,3763,0.06271666666666667
2025-08-31,Indie Pop,"Dream Pop, R&B Soul",1,2733,0.04555
2025-08-31,Alternative R&B,"Bedroom Pop, Funk, Indie Rock",1,1800,0.03
2025-08-31,Electro Pop,"Synth-Pop, House",1,1511,0.025183333333333332
2025-08-31,Indie Pop,"Indie Folk, Canción Pop / Canción Urbana",1,1507,0.025116666666666666
2025-08-31,Indie Rock,"Indie Folk, Alternative Rock",1,1396,0.023266666666666668
2025-08-31,Indie Rock,"Art Rock, Alternative Rock",1,1280,0.021333333333333333
2025-09-01,Hyperpop,"Dance-Pop, Synth-Pop, Electronic",6,872871,14.54785
2025-09-01,Alternative Hip-Hop,"Rap Rock, Urbano Latino, Fusion",4,712979,11.882983333333334
2025-09-01,Urbano Latino,"Reggaeton, Trap Latino, Synth-Pop, Mambo",3,675861,11.26435
2025-09-01,Urbano Latino,"Electro Funk, Alternative Trap, Hip-Hop",4,544876,9.081266666666666
2025-09-01,Urbano Latino,"Hip-Hop, Funk Carioca, Boom Bap, Trap",2,322398,5.3733
2025-09-01,Indie Rock,"Art Rock, Alternative Rock",1,232514,3.8752333333333335
2025-09-01,Alternative R&B,"Bedroom Pop, Funk, Indie Rock",1,232114,3.8685666666666667
2025-09-01,Indie Rock,"Jangle Pop, Bedroom Pop, Psychedelic Pop",1,145893,2.43155
2025-09-01,Pop / R&B,"Trap, Contemporary R&B",1,62423,1.0403833333333334
2025-09-01,Techno,"Progressive House, Trance, Electronic",1,8860,0.14766666666666667
2025-09-01,Dance-Pop,"Synth-Pop, Electro Pop",1,6126,0.1021
2025-09-01,Contemporary R&B,"Neo-Soul, Alternative R&B",1,2830,0.04716666666666667
2025-09-01,Indie Electronic,"Synth-Pop, Ambient",1,2640,0.044
2025-09-01,Canción de Autor,"Rock de Cámara, Experimental Folk",1,270,0.0045
2025-09-02,Hyperpop,"Dance-Pop, Synth-Pop, Electronic",6,828753,13.81255
2025-09-02,Techno,"Progressive House, Trance, Electronic",3,688803,11.48005
2025-09-02,Urbano Latino,"Reggaeton, Trap Latino, Synth-Pop, Mambo",3,675861,11.26435
2025-09-02,Pop / R&B,"Dancehall, Trap R&B, Hip-Hop",3,630225,10.50375
2025-09-02,Urbano Latino,"Electro Funk, Alternative Trap, Hip-Hop",4,505649,8.427483333333333
2025-09-02,Pop / R&B,"Trap, Contemporary R&B",1,335750,5.595833333333333
2025-09-02,Contemporary R&B,"Neo-Soul, Alternative R&B",1,279204,4.6534
2025-09-02,Alternative Rock,"Grunge, Psychedelic Rock",1,246306,4.1051
2025-09-02,Electro-Pop,"Synth-Pop, Dance-Pop",1,239400,3.99
2025-09-02,Alternative R&B,"Bedroom Pop, Funk, Indie Rock",1,232114,3.8685666666666667
2025-09-02,Nueva Trova Cubana,"Trova, Canción de Autor",1,229002,3.8167
2025-09-02,Indie Pop / Synth-Pop,"Folk-Pop, Chamber Pop",1,228965,3.8160833333333333
2025-09-02,Alternative Rock,"Madchester, Gospel Rock, Neo-Psychedelia",1,228266,3.8044333333333333
2025-09-02,Alternative Rock,"Garage Rock Revival, Southern Rock",1,203346,3.3891
2025-09-02,Proto-Punk,"Art Rock, Garage Rock, Psychedelic Rock",2,201579,3.35965
2025-09-02,Rock Argentino,"Alternative Rock, Electro-Rock, Pop Rock",1,160746,2.6791
2025-09-02,Indie Rock,"Jangle Pop, Bedroom Pop, Psychedelic Pop",1,145893,2.43155
2025-09-02,Indie Pop,"R&B Urbano, Bedroom Pop",1,137052,2.2842
2025-09-02,Urbano Latino,"Hip-Hop, Funk Carioca, Boom Bap, Trap",6,112111,1.8685166666666668
2025-09-02,Funk / Hip-Hop,"Latin Funk, Rap Rock, R&B",1,106593,1.77655
2025-09-02,Alternative Hip-Hop,"Rap Rock, Urbano Latino, Fusion",3,43175,0.7195833333333334
2025-09-02,Classic Rock,"Singer-Songwriter, Pop Rock",1,26675,0.44458333333333333
2025-09-02,Rock Argentino,"Progressive Rock, Art Pop, Symphonic Rock",2,25181,0.4196833333333333
2025-09-02,Rock Argentino,"Art Rock, Jazz Rock, Folk Rock",2,15306,0.2551
2025-09-02,Dance-Pop,"Synth-Pop, Electro Pop",1,14726,0.24543333333333334
2025-09-02,PBR&B / Pop,"Synth-Pop, Funk Pop",2,13853,0.23088333333333333
2025-09-02,Canción de Autor,"Candombe Beat, Folk Uruguayo",2,6800,0.11333333333333334
2025-09-02,Indie Pop,"Indie Folk, Canción Pop / Canción Urbana",1,6300,0.105
2025-09-02,Alternative Rock,"Dream Pop, Grunge",1,5136,0.0856
2025-09-02,MPB (Música Popular Brasileña),"Bossa Nova, Samba",1,4456,0.07426666666666666
2025-09-02,Tropicalismo,"Psychedelic Rock, Garage Rock",1,3786,0.0631
2025-09-02,Canción de Autor,"Rock de Cámara, Experimental Folk",1,3511,0.05851666666666667
2025-09-02,Electro-Tropical,"French Touch, Downtempo, House",2,2341,0.03901666666666667
2025-09-02,Synth-Pop,"Shoegaze, Ambient Electronic, Post-Rock",1,1901,0.031683333333333334
2025-09-02,French House,"Electronic, Synth-Pop, Nu-Disco",1,1766,0.029433333333333332
2025-09-03,Urbano Latino,"Reggaeton, Trap Latino, Synth-Pop, Mambo",19,2840832,47.3472
2025-09-03,Rock Argentino,"Pop Rock, New Wave, Progressive Rock",1,301200,5.02
2025-09-03,Canción de Autor,"Folktronica, Indie Folk",1,206546,3.4424333333333332
2025-09-03,Alternative Rock,"Garage Rock Revival, Southern Rock",1,203346,3.3891
2025-09-03,Indie Pop,"Canción de Autor, Art Pop",1,175099,2.9183166666666667
2025-09-03,Hardcore Punk,"Melodic Hardcore, Alternative Rock",2,174465,2.90775
2025-09-03,Indie Rock,"Lo-Fi, Noise Pop, Post-Punk",1,165740,2.7623333333333333
2025-09-03,Nuevo Flamenco,"Latin Alternative, Bolero Fusion, Experimental Pop",1,155480,2.5913333333333335
2025-09-03,Power Trio / Rock,"Hard Rock, Funk Rock, Fusion",1,108648,1.8108
2025-09-03,Punk Rock,"Post-Punk, Garage Rock",1,94253,1.5708833333333334
2025-09-03,Indie Tropical,"Cumbia Pop, Funk Latino, Indie Rock",1,6226,0.10376666666666666
2025-09-03,Indie Rock,"Jangle Pop, Bedroom Pop, Psychedelic Pop",1,1283,0.021383333333333334
2025-09-04,Freak Folk,"Indie Folk, Psych Folk",1,23800,0.39666666666666667
2025-09-04,Krautrock / Garage Rock,"Post-Punk, Psychedelic Rock",1,722,0.012033333333333333
2025-09-04,Folk Latinoamericano,"Bolero, Son Jarocho, Canción de Autor",1,590,0.009833333333333333
2025-09-05,Urbano Latino,"Reggaeton, Trap Latino, Synth-Pop, Mambo",22,2738927,45.648783333333334
2025-09-05,Rock Argentino,"Post-Punk, New Wave, Darkwave",1,16466,0.2744333333333333
2025-09-05,Rock Argentino,"Alternative Rock, Electro-Rock, Pop Rock",1,1453,0.024216666666666668
2025-09-06,Indie Electronic,"Synth-Pop, Ambient",7,682578,11.3763
2025-09-06,Urbano Latino,"Reggaeton, Trap Latino, Synth-Pop, Mambo",12,618949,10.315816666666667
2025-09-06,Post-Punk,"Gothic Rock, New Wave, Pop Rock",1,1793,0.029883333333333335
2025-09-06,Proto-Punk,"Art Rock, Garage Rock, Psychedelic Rock",1,1395,0.02325
2025-09-07,Indie / Unmapped,Alternative / Various,7,983165,16.386083333333332
2025-09-07,Rock Latino,"Folk Rock, Progressive Rock",4,778076,12.967933333333335
2025-09-07,Punk Rock,"Post-Punk, Garage Rock",4,641390,10.689833333333333
2025-09-07,Rock Argentino,"Progressive Rock, Art Pop, Symphonic Rock",3,618167,10.302783333333334
2025-09-07,Rock Argentino,"Alternative Rock, Electro-Rock, Pop Rock",2,417718,6.961966666666667
2025-09-07,Rock Argentino,"Pop Rock, New Wave, Progressive Rock",2,358736,5.978933333333334
2025-09-07,MPB Latino / Fusion,"Funk, Candombe Fusion, Pop Experimental",2,304119,5.06865
2025-09-07,Indie Rock,"Art Rock, Alternative Rock",1,259000,4.316666666666666
2025-09-07,Folk Rock,"Reggae Fusion, Canción Latinoamericana",1,254866,4.247766666666666
2025-09-07,Canción de Autor,"Indie Folk, Canción Platense",2,231930,3.8655
2025-09-07,Rock Argentino,"Post-Punk, Hard Rock",1,223040,3.7173333333333334
2025-09-07,Neo-Soul,"Bedroom Pop, R&B, Reggaeton Pop",1,207454,3.4575666666666667
2025-09-07,Rock Uruguayo,"Ska Rock, Punk Rock",1,205533,3.42555
2025-09-07,Indie Rock,"Canción de Autor, Bedroom Pop",1,205000,3.4166666666666665
2025-09-07,New Wave,"Power Pop, Synth-Pop",1,197540,3.292333333333333
2025-09-07,Indie Tropical,"Cumbia Pop, Funk Latino, Indie Rock",1,169412,2.8235333333333332
2025-09-07,Post-Punk,"Gothic Rock, New Wave, Pop Rock",2,92973,1.54955
2025-09-07,Rock Argentino,"Art Rock, Jazz Rock, Folk Rock",2,39132,0.6522
2025-09-07,Folklore Argentino,"Canción Latinoamericana, Fusion Folk",1,19066,0.31776666666666664
2025-09-07,World Music,"Folk Latinoamericano, Acoustic Indie",1,18654,0.3109
2025-09-07,Synth-Pop,"Shoegaze, Ambient Electronic, Post-Rock",1,16873,0.28121666666666667
2025-09-07,Electronic,"Tech House, Techno",1,12585,0.20975
2025-09-07,Rock Argentino,"Hard Rock, Heavy Blues",1,9411,0.15685
2025-09-07,Rock Argentino,"Psych Rock, Folk Rock, Canción de Autor",1,9364,0.15606666666666666
2025-09-07,Rock Argentino,"Pop Rock, Piano Rock",1,7053,0.11755
2025-09-07,Rock Argentino,"Reggae Rock, Post-Punk",1,3963,0.06605
2025-09-07,Canción de Autor,"Candombe Beat, Folk Uruguayo",1,3793,0.06321666666666667
2025-09-07,Alternative Rock,"Art Rock, Experimental / Electronic Rock",1,2844,0.0474
2025-09-07,Indie Rock,"Post-Punk, Space Rock, Noise Pop",1,2563,0.04271666666666667
2025-09-07,Rock Argentino,"Folk Rock, Progressive Rock",1,197,0.0032833333333333334
2025-09-08,Urbano Latino,"Reggaeton, Trap Latino, Synth-Pop, Mambo",26,3302975,55.04958333333333
2025-09-08,Nuevo Flamenco,"Latin Alternative, Bolero Fusion, Experimental Pop",8,589018,9.816966666666666
2025-09-08,Indie / Unmapped,Alternative / Various,1,1581,0.02635
2025-09-09,Indie / Unmapped,Alternative / Various,1,248,0.0041333333333333335
2025-09-09,Canción de Autor,"Rock de Cámara, Experimental Folk",1,77,0.0012833333333333334
2025-09-10,Hyperpop,"Dance-Pop, Synth-Pop, Electronic",12,1139280,18.988
2025-09-10,Indie / Unmapped,Alternative / Various,8,767475,12.79125
2025-09-10,Urbano Latino,"Reggaeton, Trap Latino, Synth-Pop, Mambo",3,675861,11.26435
2025-09-10,Electro-Tropical,"French Touch, Downtempo, House",3,600392,10.006533333333334
2025-09-10,French House,"Electronic, Synth-Pop, Nu-Disco",3,550718,9.178633333333334
2025-09-10,Urbano Latino,"Electro Funk, Alternative Trap, Hip-Hop",4,369425,6.157083333333333
2025-09-10,Alternative Hip-Hop,"Rap Rock, Urbano Latino, Fusion",4,365503,6.091716666666667
2025-09-10,Pop / R&B,"Trap, Contemporary R&B",1,267066,4.4511
2025-09-10,Alternative Rock,"Funk Rock, Hard Rock",2,262050,4.367500000000001
2025-09-10,Alternative R&B,"Bedroom Pop, Funk, Indie Rock",1,232114,3.8685666666666667
2025-09-10,Indie Rock,"Art Rock, Alternative Rock",1,231813,3.86355
2025-09-10,Punk Rock,"Post-Punk, Garage Rock",1,220586,3.676433333333333
2025-09-10,Urbano Latino,"Hip-Hop, Funk Carioca, Boom Bap, Trap",9,216285,3.60475
2025-09-10,Dream Pop,"Shoegaze, Post-Punk, Etherial Wave",1,192466,3.2077666666666667
2025-09-10,Indie Rock,"Jangle Pop, Bedroom Pop, Psychedelic Pop",1,121813,2.0302166666666666
2025-09-10,Krautrock / Garage Rock,"Post-Punk, Psychedelic Rock",1,29037,0.48395
2025-09-10,Rock Argentino,"Progressive Rock, Art Pop, Symphonic Rock",1,16768,0.27946666666666664
2025-09-10,Indie Folk,"Acoustic, Folk Latinoamericano",1,13292,0.22153333333333333
2025-09-10,Dance-Pop,"Synth-Pop, Electro Pop",1,8275,0.13791666666666666
2025-09-10,Contemporary R&B,"Neo-Soul, Alternative R&B",1,8208,0.1368
2025-09-10,Pop / R&B,"Dancehall, Trap R&B, Hip-Hop",3,3955,0.06591666666666667
2025-09-10,Techno,"Progressive House, Trance, Electronic",1,3481,0.05801666666666667
2025-09-10,Alternative Pop,"Hip-Hop, Synth-Pop, Reggaeton / Dub",1,3046,0.05076666666666667
2025-09-10,PBR&B / Pop,"Synth-Pop, Funk Pop",1,1032,0.0172
2025-09-10,Rock Argentino,"Art Rock, Jazz Rock, Folk Rock",1,394,0.006566666666666667
2025-09-11,Hyperpop,"Dance-Pop, Synth-Pop, Electronic",18,1549431,25.82385
2025-09-11,Urbano Latino,"Electro Funk, Alternative Trap, Hip-Hop",14,1158408,19.3068
2025-09-11,Urbano Latino,"Reggaeton, Trap Latino, Synth-Pop, Mambo",10,1130752,18.845866666666666
2025-09-11,Urbano Latino,"Hip-Hop, Funk Carioca, Boom Bap, Trap",12,936330,15.6055
2025-09-11,Indie / Unmapped,Alternative / Various,22,809875,13.497916666666667
2025-09-11,Electro-Tropical,"French Touch, Downtempo, House",3,743412,12.3902
2025-09-11,Pop / R&B,"Trap, Contemporary R&B",3,537358,8.955966666666667
2025-09-11,Alternative Hip-Hop,"Rap Rock, Urbano Latino, Fusion",8,511899,8.531649999999999
2025-09-11,Alternative R&B,"Bedroom Pop, Funk, Indie Rock",2,464228,7.737133333333333
2025-09-11,Rock Argentino,"Art Rock, Alternative Rock, Electronic Fusion",1,388480,6.474666666666667
2025-09-11,World Music,"Folk Latinoamericano, Acoustic Indie",4,326840,5.447333333333334
2025-09-11,Rock Stone,"Blues Rock, Rock and Roll",1,320640,5.344
2025-09-11,Indie Rock,"Garage Rock, Post-Punk",3,317105,5.285083333333333
2025-09-11,French House,"Electronic, Synth-Pop, Nu-Disco",2,307529,5.125483333333333
2025-09-11,Indie Rock,"Jangle Pop, Bedroom Pop, Psychedelic Pop",3,279317,4.655283333333333
2025-09-11,Rock Argentino,"Pop Rock, Piano Rock",1,273133,4.552216666666666
2025-09-11,Techno,"Progressive House, Trance, Electronic",2,271507,4.5251166666666665
2025-09-11,Indie Rock,"Art Rock, Alternative Rock",3,245281,4.088016666666666
2025-09-11,PBR&B / Pop,"Synth-Pop, Funk Pop",1,213520,3.558666666666667
2025-09-11,Indie Pop,"Electro-Pop, Performático",1,209133,3.48555
2025-09-11,Alternative Rock,"Garage Rock Revival, Southern Rock",1,203346,3.3891
2025-09-11,Dance-Pop,"Synth-Pop, Electro Pop",3,197089,3.2848166666666665
2025-09-11,Rock Argentino,"Alternative Rock, Electro-Rock, Pop Rock",3,166055,2.767583333333333
2025-09-11,Garage Rock,"Acoustic Blues, Indie Rock",1,140178,2.3363
2025-09-11,Synth-Pop,"New Wave, Pop Rock",1,70229,1.1704833333333333
2025-09-11,Rock Latino,"Folk Rock, Progressive Rock",2,61508,1.0251333333333332
2025-09-11,Indie Rock,"Post-Punk, New Wave",1,15738,0.2623
2025-09-11,Pop / R&B,"Dancehall, Trap R&B, Hip-Hop",3,14595,0.24325
2025-09-11,Rock Argentino,"Pop Rock, New Wave, Progressive Rock",4,11382,0.18969999999999998
2025-09-11,Canción de Autor,"Indie Folk, Canción Platense",2,9787,0.16311666666666666
2025-09-11,Alternative Pop,"Hip-Hop, Synth-Pop, Reggaeton / Dub",1,9220,0.15366666666666667
2025-09-11,Contemporary R&B,"Neo-Soul, Alternative R&B",2,8608,0.1434666666666667
2025-09-11,Bedroom Pop,"Indie Pop, Chicano Batman Folk, Chicano R&B",1,8380,0.13966666666666666
2025-09-11,Folk Rock,"Singer-Songwriter, Classic Rock",1,6328,0.10546666666666667
2025-09-11,Rock Argentino,"Latin Rock, Ska Rock, Cumbia Rock",1,5380,0.08966666666666667
2025-09-11,Indie Pop,"Canción de Autor, Art Pop",2,4926,0.0821
2025-09-11,Rock Progresivo,"Symphonic Rock, Fusion",1,4718,0.07863333333333333
2025-09-11,Rock Argentino,"Hard Rock, Blues Rock, Proto-Punk, Folk Progresivo",1,4700,0.07833333333333334
2025-09-11,Indie Rock,"Experimental, Dream Pop, Lo-Fi",1,4220,0.07033333333333333
2025-09-11,Indie Rock,"Art Rock, Synth-Pop, Dance Rock",1,3676,0.061266666666666664
2025-09-11,Alternative Rock,"Shoegaze, Grunge, Indie Rock",1,3456,0.0576
2025-09-11,Latin Fusion,"Indie Pop, Funk, Ska, Candombe Rock",1,3455,0.057583333333333334
2025-09-11,Canción de Autor,"Rock de Cámara, Experimental Folk",1,3088,0.05146666666666667
2025-09-11,Classic Rock,"Garage Rock, Folk Rock, Proto-Punk",1,3036,0.0506
2025-09-11,Rock Argentino,"Progressive Rock, Art Pop, Symphonic Rock",1,2515,0.041916666666666665
2025-09-11,Indie Rock,"Post-Punk, Space Rock, Noise Pop",1,2500,0.041666666666666664
2025-09-11,Synth-Pop,"Shoegaze, Ambient Electronic, Post-Rock",1,2107,0.035116666666666664
2025-09-11,Indie Pop,"Jangle Pop, Post-Punk",1,1716,0.0286
2025-09-11,Rock Argentino,"Alternative Rock, Funk Rock, Hard Rock",1,1682,0.028033333333333334
2025-09-11,Acoustic Folk,"Singer-Songwriter, Alternative Rock",1,1473,0.02455
2025-09-11,Rock Argentino,"Psych Rock, Folk Rock, Canción de Autor",1,1281,0.02135
2025-09-11,Power Trio / Rock,"Hard Rock, Funk Rock, Fusion",1,1252,0.020866666666666665
2025-09-11,Indie Pop,"Indie Folk, Canción Pop / Canción Urbana",1,1110,0.0185
2025-09-11,Alternative Rock,"Funk Rock, Hard Rock",2,0,0.0
2025-09-11,Indie Rock,"Punk Folk, Experimental Rock",1,0,0.0
2025-09-11,Nuevo Flamenco,"Latin Alternative, Bolero Fusion, Experimental Pop",1,0,0.0
2025-09-11,Proto-Punk,"Art Rock, Garage Rock, Psychedelic Rock",1,0,0.0
2025-09-12,Indie / Unmapped,Alternative / Various,4,770807,12.846783333333333
2025-09-12,Electro-Tropical,"French Touch, Downtempo, House",2,467119,7.785316666666667
2025-09-12,Rock Argentino,"Art Rock, Alternative Rock, Electronic Fusion",1,388480,6.474666666666667
2025-09-12,MPB,"Pop Brasileño, Acoustic Fusion",1,250440,4.174
2025-09-12,Pop Rock,"Funk Pop, Electro Funk",1,243185,4.053083333333333
2025-09-12,Indie Rock,"Post-Punk, Space Rock, Noise Pop",1,238311,3.97185
2025-09-12,Latin Fusion,"Indie Pop, Funk, Ska, Candombe Rock",1,209604,3.4934
2025-09-12,Indie Pop,"Canción de Autor, Art Pop",1,196162,3.2693666666666665
2025-09-12,Canción de Autor,"Indie Folk, Canción Platense",1,170306,2.838433333333333
2025-09-12,Indie Rock,"Art Rock, Alternative Rock",1,150056,2.5009333333333332
2025-09-12,Urbano Latino,"Hip-Hop, Funk Carioca, Boom Bap, Trap",1,33040,0.5506666666666666
2025-09-12,Canción de Autor,"Rock de Cámara, Experimental Folk",1,26923,0.44871666666666665
2025-09-13,Indie / Unmapped,Alternative / Various,6,274327,4.572116666666666
2025-09-13,Rock Argentino,"Alternative Rock, Electro-Rock, Pop Rock",2,268456,4.474266666666667
2025-09-13,Rock Argentino,"Pop Rock, New Wave, Progressive Rock",2,260015,4.333583333333333
2025-09-13,Neo-Soul,"R&B, Funk Calmo",1,222022,3.7003666666666666
2025-09-13,Rock Argentino,"Art Rock, Jazz Rock, Folk Rock",1,201800,3.3633333333333333
2025-09-13,Rock Argentino,"Reggae Rock, Post-Punk",1,190866,3.1811
2025-09-13,MPB Latino / Fusion,"Funk, Candombe Fusion, Pop Experimental",1,154733,2.578883333333333
2025-09-13,Reggae,Roots Reggae,1,140676,2.3446
2025-09-13,Acoustic Folk,"Singer-Songwriter, Alternative Rock",2,71619,1.19365
2025-09-13,Rock Argentino,"Progressive Rock, Art Pop, Symphonic Rock",1,6171,0.10285
2025-09-13,Electro-Tropical,"French Touch, Downtempo, House",1,3103,0.05171666666666667
2025-09-13,French House,"Electronic, Synth-Pop, Nu-Disco",1,2201,0.03668333333333333
2025-09-13,Indie Rock,"Art Rock, Synth-Pop, Dance Rock",1,0,0.0
2025-09-14,Indie / Unmapped,Alternative / Various,29,1341351,22.35585
2025-09-14,Nuevo Flamenco,"Latin Alternative, Bolero Fusion, Experimental Pop",9,1167614,19.460233333333335
2025-09-14,Urbano Latino,"Reggaeton, Trap Latino, Synth-Pop, Mambo",7,1115492,18.591533333333334
2025-09-14,Hyperpop,"Dance-Pop, Synth-Pop, Electronic",18,678444,11.3074
2025-09-14,Urbano Latino,"Electro Funk, Alternative Trap, Hip-Hop",3,344788,5.746466666666667
2025-09-14,Rock en Español,"Latin Alternative, Experimental Rock",1,278573,4.642883333333334
2025-09-14,Rock Argentino,"Pop Rock, New Wave, Progressive Rock",1,251296,4.188266666666666
2025-09-14,Rock Uruguayo,"Ska Rock, Punk Rock",1,205533,3.42555
2025-09-14,Neo-Soul,"Bedroom Pop, R&B, Reggaeton Pop",4,124624,2.0770666666666666
2025-09-14,Pop / R&B,"Dancehall, Trap R&B, Hip-Hop",2,99748,1.6624666666666665
2025-09-14,Rock Argentino,"Folk Rock, Progressive Rock",1,90973,1.5162166666666668
2025-09-14,Indie Rock,"Post-Punk, Space Rock, Noise Pop",1,88880,1.4813333333333334
2025-09-14,Electro-Tropical,"French Touch, Downtempo, House",4,40586,0.6764333333333333
2025-09-14,Indie Rock,"Art Rock, Alternative Rock",2,40248,0.6708000000000001
2025-09-14,MPB Latino / Fusion,"Funk, Candombe Fusion, Pop Experimental",1,24926,0.4154333333333333
2025-09-14,Canción de Autor,"Jazz Fusion, Folklore Fusion, Pop Rock",1,16841,0.28068333333333334
2025-09-14,Indie Folk,"Canción Latinoamericana, Avant-Garde Pop",1,14516,0.24193333333333333
2025-09-14,Urbano Latino,"Hip-Hop, Funk Carioca, Boom Bap, Trap",1,9218,0.15363333333333334
2025-09-14,Contemporary R&B,"Neo-Soul, Alternative R&B",1,9010,0.15016666666666667
2025-09-14,Rock Argentino,"Alternative Rock, Electro-Rock, Pop Rock",1,5667,0.09445
2025-09-14,Reggae Fusion,"Dub, Ska",1,3623,0.06038333333333333
2025-09-14,Canción de Autor,"Rock de Cámara, Experimental Folk",1,3346,0.055766666666666666
2025-09-14,Folk Latinoamericano,"Bolero, Son Jarocho, Canción de Autor",1,2330,0.03883333333333333
2025-09-15,Urbano Latino,"Reggaeton, Trap Latino, Synth-Pop, Mambo",10,1323781,22.063016666666666
2025-09-15,Hyperpop,"Dance-Pop, Synth-Pop, Electronic",9,993159,16.55265
2025-09-15,Indie / Unmapped,Alternative / Various,8,687447,11.45745
2025-09-15,Nuevo Flamenco,"Latin Alternative, Bolero Fusion, Experimental Pop",5,684999,11.41665
2025-09-15,Urbano Latino,"Electro Funk, Alternative Trap, Hip-Hop",6,443413,7.390216666666667
2025-09-15,Electro-Tropical,"French Touch, Downtempo, House",2,361893,6.031549999999999
2025-09-15,Pop / R&B,"Dancehall, Trap R&B, Hip-Hop",2,216589,3.6098166666666667
2025-09-15,Alternative R&B,"Bedroom Pop, Funk, Indie Rock",1,23053,0.38421666666666665
2025-09-15,Dance-Pop,"Synth-Pop, Electro Pop",1,10235,0.17058333333333334
2025-09-15,Techno,"Progressive House, Trance, Electronic",1,7276,0.12126666666666666
2025-09-15,Rock Argentino,"Alternative Rock, Electro-Rock, Pop Rock",1,175,0.002916666666666667
2025-09-16,Urbano Latino,"Reggaeton, Trap Latino, Synth-Pop, Mambo",5,894244,14.904066666666667
2025-09-16,Hyperpop,"Dance-Pop, Synth-Pop, Electronic",6,660027,11.000449999999999
2025-09-16,Urbano Latino,"Electro Funk, Alternative Trap, Hip-Hop",5,588838,9.813966666666666
2025-09-16,Indie / Unmapped,Alternative / Various,3,451080,7.518
2025-09-16,Nuevo Flamenco,"Latin Alternative, Bolero Fusion, Experimental Pop",3,396866,6.614433333333333
2025-09-16,Alternative Hip-Hop,"Rap Rock, Urbano Latino, Fusion",2,338119,5.635316666666666
2025-09-16,Urbano Latino,"Hip-Hop, Funk Carioca, Boom Bap, Trap",3,272042,4.534033333333333
2025-09-16,Pop / R&B,"Trap, Contemporary R&B",1,267066,4.4511
2025-09-16,Alternative R&B,"Bedroom Pop, Funk, Indie Rock",1,232114,3.8685666666666667
2025-09-16,Pop / R&B,"Dancehall, Trap R&B, Hip-Hop",2,224968,3.7494666666666667
2025-09-16,Dance-Pop,"Synth-Pop, Electro Pop",1,157625,2.627083333333333
2025-09-16,French House,"Electronic, Synth-Pop, Nu-Disco",1,1480,0.024666666666666667
2025-09-16,Indie Pop,"Canción de Autor, Art Pop",1,178,0.0029666666666666665
2025-09-17,Urbano Latino,"Reggaeton, Trap Latino, Synth-Pop, Mambo",12,2041690,34.02816666666667
2025-09-17,Indie / Unmapped,Alternative / Various,19,1486227,24.77045
2025-09-17,Nuevo Flamenco,"Latin Alternative, Bolero Fusion, Experimental Pop",4,404403,6.74005
2025-09-17,Hyperpop,"Dance-Pop, Synth-Pop, Electronic",5,373239,6.22065
2025-09-17,Electro-Tropical,"French Touch, Downtempo, House",3,371560,6.192666666666667
2025-09-17,Urbano Latino,"Hip-Hop, Funk Carioca, Boom Bap, Trap",6,354305,5.905083333333334
2025-09-17,Indie Rock,"Art Rock, Alternative Rock",2,327476,5.457933333333334
2025-09-17,Urbano Latino,"Electro Funk, Alternative Trap, Hip-Hop",3,300000,5.0
2025-09-17,Pop / R&B,"Trap, Contemporary R&B",1,267066,4.4511
2025-09-17,Techno,"Progressive House, Trance, Electronic",1,188618,3.1436333333333333
2025-09-17,Proto-Punk,"Art Rock, Garage Rock, Psychedelic Rock",1,175893,2.93155
2025-09-17,French House,"Electronic, Synth-Pop, Nu-Disco",1,97664,1.6277333333333333
2025-09-17,Alternative Hip-Hop,"Rap Rock, Urbano Latino, Fusion",3,21572,0.35953333333333337
2025-09-17,Canción de Autor,"Indie Folk, Canción Platense",1,19785,0.32975
2025-09-17,Pop / R&B,"Dancehall, Trap R&B, Hip-Hop",2,11286,0.1881
2025-09-17,Alternative Rock,"Singer-Songwriter, Folk Rock",1,10292,0.17153333333333334
2025-09-17,Krautrock / Garage Rock,"Post-Punk, Psychedelic Rock",1,9450,0.1575
2025-09-17,Alternative Rock,"Madchester, Gospel Rock, Neo-Psychedelia",1,9285,0.15475
2025-09-17,Canción de Autor,"Rock de Cámara, Experimental Folk",1,6247,0.10411666666666666
2025-09-17,Folk Rock,"Singer-Songwriter, Classic Rock",1,5725,0.09541666666666666
2025-09-17,Rock Argentino,"Art Rock, Jazz Rock, Folk Rock",1,5571,0.09285
2025-09-17,Folklore Argentino,"Canción Latinoamericana, Fusion Folk",1,5467,0.09111666666666667
2025-09-17,Indie Rock,"Jangle Pop, Bedroom Pop, Psychedelic Pop",1,4830,0.0805
2025-09-17,Alternative R&B,"Bedroom Pop, Funk, Indie Rock",1,2543,0.042383333333333335
2025-09-17,Indie Rock,"Post-Punk, Space Rock, Noise Pop",1,1851,0.03085
2025-09-18,Indie / Unmapped,Alternative / Various,13,1593559,26.559316666666668
2025-09-18,Hyperpop,"Dance-Pop, Synth-Pop, Electronic",13,1223967,20.399449999999998
2025-09-18,Urbano Latino,"Reggaeton, Trap Latino, Synth-Pop, Mambo",6,756562,12.609366666666666
2025-09-18,Urbano Latino,"Electro Funk, Alternative Trap, Hip-Hop",8,599871,9.99785
2025-09-18,Nuevo Flamenco,"Latin Alternative, Bolero Fusion, Experimental Pop",4,547466,9.124433333333332
2025-09-18,Pop / R&B,"Dancehall, Trap R&B, Hip-Hop",3,435784,7.263066666666667
2025-09-18,Alternative R&B,"Bedroom Pop, Funk, Indie Rock",1,232114,3.8685666666666667
2025-09-18,Electro-Tropical,"French Touch, Downtempo, House",2,167115,2.78525
2025-09-18,Pop / R&B,"Trap, Contemporary R&B",1,166015,2.7669166666666665
2025-09-18,Dance-Pop,"Synth-Pop, Electro Pop",2,161878,2.6979666666666664
2025-09-18,Alternative Hip-Hop,"Rap Rock, Urbano Latino, Fusion",4,71019,1.18365
2025-09-18,Urbano Latino,"Hip-Hop, Funk Carioca, Boom Bap, Trap",5,27282,0.4547
2025-09-18,Techno,"Progressive House, Trance, Electronic",2,9921,0.16535
2025-09-18,Alternative Rock,"Garage Rock Revival, Southern Rock",1,111,0.00185
2025-09-19,Indie / Unmapped,Alternative / Various,19,2411602,40.19336666666667
2025-09-19,Hyperpop,"Dance-Pop, Synth-Pop, Electronic",4,658781,10.979683333333334
2025-09-19,Art Pop,"Indie Folk, Bedroom Pop",2,536475,8.94125
2025-09-19,Indie Rock,"Canción de Autor, Bedroom Pop",1,330843,5.51405
2025-09-19,Punk Rock,"Post-Punk, Garage Rock",1,220586,3.676433333333333
2025-09-19,Urbano Latino,"Hip-Hop, Funk Carioca, Boom Bap, Trap",2,201592,3.3598666666666666
2025-09-19,Rock Argentino,"Folk Rock, Progressive Rock",2,166339,2.7723166666666668
2025-09-19,Electro-Pop,"Synth-Pop, Dance-Pop",1,74088,1.2348
2025-09-19,Indie Pop / Synth-Pop,"Folk-Pop, Chamber Pop",1,14694,0.2449
2025-09-19,Folklore Argentino,"Canción Latinoamericana, Fusion Folk",1,11353,0.18921666666666667
2025-09-19,Indie Folk,"Acoustic, Singer-Songwriter",1,1546,0.025766666666666667
2025-09-19,Rock Argentino,"Progressive Rock, Art Pop, Symphonic Rock",1,1400,0.023333333333333334
2025-09-19,Indie Pop,"Canción de Autor, Art Pop",1,1116,0.0186
2025-09-20,Indie / Unmapped,Alternative / Various,39,4772386,79.53976666666667
2025-09-20,Urbano Latino,"Reggaeton, Trap Latino, Synth-Pop, Mambo",5,942385,15.706416666666666
2025-09-20,Hyperpop,"Dance-Pop, Synth-Pop, Electronic",5,469375,7.822916666666667
2025-09-20,Rock Alternativo,"Experimental Folk, Post-Punk",2,344160,5.736000000000001
2025-09-20,Art Pop,"Indie Folk, Bedroom Pop",2,268885,4.481416666666667
2025-09-20,Indie Rock,"Punk Folk, Experimental Rock",1,241500,4.025
2025-09-20,Neo-Soul,"Bedroom Pop, R&B, Reggaeton Pop",1,225947,3.7657833333333333
2025-09-20,Indie Electronic,"Synth-Pop, Ambient",1,215827,3.5971166666666665
2025-09-20,Rock Argentino,"Alternative Rock, Funk Rock, Hard Rock",1,169653,2.82755
2025-09-20,Indie Rock,"Art Rock, Alternative Rock",1,124334,2.072233333333333
2025-09-20,Grunge,"Alternative Rock, Classic Rock Revival",1,106800,1.78
2025-09-20,Indie Rock,"Canción de Autor, Bedroom Pop",1,106237,1.7706166666666667
2025-09-20,Art Pop,"Experimental Electronic, House",1,28413,0.47355
2025-09-20,Indie Pop / Synth-Pop,"Folk-Pop, Chamber Pop",1,7298,0.12163333333333333
2025-09-20,Rock Argentino,"Hard Rock, Heavy Blues",1,116,0.0019333333333333333
2025-09-21,Indie / Unmapped,Alternative / Various,9,991185,16.519750000000002
2025-09-21,Folklore Argentino,"Canción Latinoamericana, Fusion Folk",5,670403,11.173383333333334
2025-09-21,Rock Latino,"Folk Rock, Progressive Rock",4,476669,7.9444833333333325
2025-09-21,Rock Uruguayo,"Ska Rock, Punk Rock",2,466056,7.7676
2025-09-21,Rock Argentino,"Reggae Rock, Post-Punk",2,400892,6.681533333333333
2025-09-21,Rock Argentino,"Art Rock, Alternative Rock, Electronic Fusion",3,293599,4.893316666666667
2025-09-21,Synth-Pop,"New Wave, Pop Rock",1,266986,4.449766666666667
2025-09-21,Latin Fusion,"Indie Pop, Funk, Ska, Candombe Rock",1,209604,3.4934
2025-09-21,Indie Pop,"Dream Pop, R&B Soul",1,208240,3.470666666666667
2025-09-21,Rock Argentino,"Pop Rock, Piano Rock",1,205600,3.4266666666666667
2025-09-21,Indie Pop,"Dream Pop, Slowcore",1,170326,2.838766666666667
2025-09-21,Rock Argentino,"Alternative Rock, Electro-Rock, Pop Rock",1,160063,2.6677166666666667
2025-09-21,MPB Latino / Fusion,"Funk, Candombe Fusion, Pop Experimental",1,149386,2.4897666666666667
2025-09-21,Rock Argentino,"Progressive Rock, Art Pop, Symphonic Rock",1,88747,1.4791166666666666
2025-09-21,Canción de Autor,"Rock de Cámara, Experimental Folk",1,46869,0.78115
2025-09-21,Indie Electronic,"Synth-Pop, Ambient",1,38076,0.6346
2025-09-21,Alternative Rock,"Art Rock, Experimental / Electronic Rock",1,22254,0.3709
2025-09-21,Indie Rock,"Art Rock, Synth-Pop, Dance Rock",1,21002,0.3500333333333333
2025-09-21,World Music,"Folk Latinoamericano, Acoustic Indie",1,14517,0.24195
2025-09-21,Indie Folk,"Acoustic, Singer-Songwriter",2,11604,0.19340000000000002
2025-09-21,Indie Rock,"New Wave, Synth-Pop",1,8450,0.14083333333333334
2025-09-21,Alternative Rock,"Funk Rock, Hard Rock",1,3005,0.050083333333333334
2025-09-21,Canción de Autor,"Candombe Beat, Folk Uruguayo",1,2253,0.03755
2025-09-21,Hip-Hop,"Latin Rap, Chicano Rap, East Coast Hip-Hop",1,1860,0.031
2025-09-21,Pop Rock,"Funk Pop, Electro Funk",1,1378,0.022966666666666666
2025-09-22,Indie / Unmapped,Alternative / Various,27,2094436,34.907266666666665
2025-09-22,Art Pop,"Indie Folk, Bedroom Pop",7,482713,8.045216666666667
2025-09-22,Urbano Latino,"Reggaeton, Trap Latino, Synth-Pop, Mambo",2,440104,7.335066666666666
2025-09-22,Hyperpop,"Dance-Pop, Synth-Pop, Electronic",7,367345,6.122416666666666
2025-09-22,Indie Pop / Synth-Pop,"Folk-Pop, Chamber Pop",1,230177,3.8362833333333333
2025-09-22,Urbano Latino,"Hip-Hop, Funk Carioca, Boom Bap, Trap",1,3034,0.05056666666666667
2025-09-23,Hyperpop,"Dance-Pop, Synth-Pop, Electronic",24,1705751,28.42918333333333
2025-09-23,Urbano Latino,"Reggaeton, Trap Latino, Synth-Pop, Mambo",8,1565932,26.098866666666666
2025-09-23,Indie / Unmapped,Alternative / Various,23,1498739,24.978983333333336
2025-09-23,Techno,"Progressive House, Trance, Electronic",1,456480,7.608
2025-09-23,Nuevo Flamenco,"Latin Alternative, Bolero Fusion, Experimental Pop",3,318007,5.300116666666666
2025-09-23,Urbano Latino,"Electro Funk, Alternative Trap, Hip-Hop",4,296295,4.93825
2025-09-23,Art Pop,"Indie Folk, Bedroom Pop",2,281987,4.699783333333333
2025-09-23,Electro-Tropical,"French Touch, Downtempo, House",1,190826,3.1804333333333332
2025-09-23,Alternative Hip-Hop,"Rap Rock, Urbano Latino, Fusion",3,136569,2.2761500000000003
2025-09-23,Urbano Latino,"Hip-Hop, Funk Carioca, Boom Bap, Trap",2,114288,1.9048
2025-09-23,French House,"Electronic, Synth-Pop, Nu-Disco",1,11582,0.19303333333333333
2025-09-23,Indie Pop / Synth-Pop,"Folk-Pop, Chamber Pop",1,4420,0.07366666666666667
2025-09-23,Pop / R&B,"Dancehall, Trap R&B, Hip-Hop",1,3277,0.05461666666666667
2025-09-23,MPB Latino / Fusion,"Funk, Candombe Fusion, Pop Experimental",1,3196,0.053266666666666664
2025-09-23,Indie Rock,"Art Rock, Alternative Rock",1,388,0.006466666666666667
2025-09-24,Urbano Latino,"Reggaeton, Trap Latino, Synth-Pop, Mambo",13,2031527,33.858783333333335
2025-09-24,World Music,"Folk Latinoamericano, Acoustic Indie",1,1127,0.018783333333333332
2025-09-24,Rock Argentino,"Alternative Rock, Electro-Rock, Pop Rock",1,431,0.007183333333333333
2025-09-25,Indie / Unmapped,Alternative / Various,31,1729367,28.822783333333334
2025-09-25,Urbano Latino,"Reggaeton, Trap Latino, Synth-Pop, Mambo",7,1234812,20.580199999999998
2025-09-25,Nuevo Flamenco,"Latin Alternative, Bolero Fusion, Experimental Pop",5,578693,9.644883333333333
2025-09-25,Urbano Latino,"Electro Funk, Alternative Trap, Hip-Hop",6,468967,7.816116666666667
2025-09-25,Urbano Latino,"Alternative Hip-Hop, Industrial Rap, Post-Punk",2,292853,4.880883333333333
2025-09-25,Urbano Latino,"Hip-Hop, Funk Carioca, Boom Bap, Trap",5,277064,4.617733333333334
2025-09-25,Hyperpop,"Dance-Pop, Synth-Pop, Electronic",4,274883,4.581383333333333
2025-09-25,Pop / R&B,"Trap, Contemporary R&B",1,255900,4.265
2025-09-25,Rock Progresivo,"Symphonic Rock, Fusion",1,108895,1.8149166666666667
2025-09-25,Indie Pop,"Electro-Pop, Performático",1,73585,1.2264166666666667
2025-09-25,Alternative Rock,"Funk Rock, Hard Rock",2,31914,0.5319
2025-09-25,Alternative Hip-Hop,"Rap Rock, Urbano Latino, Fusion",2,14589,0.24315
2025-09-25,Pop / R&B,"Dancehall, Trap R&B, Hip-Hop",1,10046,0.16743333333333332
2025-09-25,Electro-Tropical,"French Touch, Downtempo, House",1,4133,0.06888333333333334
2025-09-25,Indie Rock,"Post-Punk, Space Rock, Noise Pop",1,1200,0.02
2025-09-25,Rock Argentino,"Hard Rock, Blues Rock, Proto-Punk, Folk Progresivo",1,766,0.012766666666666667
2025-09-25,Synth-Pop,"Shoegaze, Ambient Electronic, Post-Rock",1,603,0.01005
2025-09-26,Indie / Unmapped,Alternative / Various,15,2611560,43.526
2025-09-26,Urbano Latino,"Reggaeton, Trap Latino, Synth-Pop, Mambo",7,756299,12.604983333333333
2025-09-26,Rock Progresivo,"Symphonic Rock, Fusion",4,487503,8.12505
2025-09-26,Rock Argentino,"Pop Rock, New Wave, Progressive Rock",2,479333,7.988883333333333
2025-09-26,Hyperpop,"Dance-Pop, Synth-Pop, Electronic",7,467171,7.786183333333333
2025-09-26,Rock Argentino,"Pop Rock, Piano Rock",2,427386,7.123099999999999
2025-09-26,Rock Argentino,"Hard Rock, Funk Rock, Folklore Rock",1,236946,3.9491
2025-09-26,Alternative R&B,"Bedroom Pop, Funk, Indie Rock",1,232114,3.8685666666666667
2025-09-26,Pop Rock,"Funk Pop, Electro Funk",1,208790,3.479833333333333
2025-09-26,Indie Rock,"Post-Punk, Space Rock, Noise Pop",1,195773,3.2628833333333334
2025-09-26,Electro-Tropical,"French Touch, Downtempo, House",1,190826,3.1804333333333332
2025-09-26,Urbano Latino,"Electro Funk, Alternative Trap, Hip-Hop",3,175645,2.927416666666667
2025-09-26,Urbano Latino,"Hip-Hop, Funk Carioca, Boom Bap, Trap",2,168143,2.8023833333333332
2025-09-26,Alternative Hip-Hop,"Rap Rock, Urbano Latino, Fusion",1,156665,2.611083333333333
2025-09-26,Nuevo Flamenco,"Latin Alternative, Bolero Fusion, Experimental Pop",2,126245,2.1040833333333335
2025-09-26,Urbano Latino,"Alternative Hip-Hop, Industrial Rap, Post-Punk",1,111012,1.8502
2025-09-26,Techno,"Progressive House, Trance, Electronic",1,38114,0.6352333333333333
2025-09-26,Pop / R&B,"Dancehall, Trap R&B, Hip-Hop",1,23431,0.3905166666666667
2025-09-26,Rock Argentino,"Murga Rock, Candombe Rock, Blues Rock",1,7708,0.12846666666666667
2025-09-26,Rock Argentino,"Alternative Rock, Funk Rock, Hard Rock",1,210,0.0035
2025-09-26,Progressive Rock,"Psychedelic Rock, Art Rock",1,173,0.0028833333333333332
2025-09-27,Indie / Unmapped,Alternative / Various,26,3720143,62.002383333333334
2025-09-27,Nueva Trova Cubana,"Trova, Canción de Autor",6,1071252,17.8542
2025-09-27,Indie Rock,"Post-Punk, Space Rock, Noise Pop",4,851911,14.198516666666666
2025-09-27,Rock Argentino,"Pop Rock, New Wave, Progressive Rock",3,729827,12.163783333333333
2025-09-27,Rock Stone,"Blues Rock, Rock and Roll",2,520747,8.679116666666667
2025-09-27,Indie Rock,"Lo-Fi, Noise Pop, Post-Punk",2,426052,7.100866666666667
2025-09-27,Rock Argentino,"Alternative Rock, Electro-Rock, Pop Rock",5,318390,5.3065
2025-09-27,Hardcore Punk,"Melodic Hardcore, Alternative Rock",1,314803,5.246716666666667
2025-09-27,Nuevo Flamenco,"Latin Alternative, Bolero Fusion, Experimental Pop",2,276099,4.60165
2025-09-27,Folk,"Singer-Songwriter, Vocal Jazz",1,273573,4.55955
2025-09-27,Rock Alternativo,"Experimental Folk, Post-Punk",1,264940,4.415666666666667
2025-09-27,Indie Pop / Synth-Pop,"Folk-Pop, Chamber Pop",1,261923,4.365383333333333
2025-09-27,Rock Uruguayo,"Ska Rock, Punk Rock",1,260524,4.342066666666667
2025-09-27,Indie Rock,"Punk Folk, Experimental Rock",1,248007,4.13345
2025-09-27,Rock Argentino,"Art Rock, Jazz Rock, Folk Rock",1,242441,4.040683333333333
2025-09-27,Indie Pop,"Jangle Pop, Post-Punk",1,236667,3.94445
2025-09-27,Funk / Hip-Hop,"Latin Funk, Rap Rock, R&B",1,234000,3.9
2025-09-27,Latin Fusion,"Indie Pop, Funk, Ska, Candombe Rock",1,205538,3.4256333333333333
2025-09-27,Indie Rock,"Canción de Autor, Bedroom Pop",1,205000,3.4166666666666665
2025-09-27,Alternative Rock,"Garage Rock Revival, Southern Rock",1,203347,3.3891166666666668
2025-09-27,New Wave,"Power Pop, Synth-Pop",1,202256,3.3709333333333333
2025-09-27,Alternative Pop,"Hip-Hop, Synth-Pop, Reggaeton / Dub",1,193464,3.2244
2025-09-27,Folklore Argentino,"Canción Latinoamericana, Fusion Folk",1,193447,3.2241166666666667
2025-09-27,Rock Argentino,"Reggae Rock, Post-Punk",1,188000,3.1333333333333333
2025-09-27,Alternative Hip-Hop,"Rap Rock, Urbano Latino, Fusion",2,185924,3.098733333333333
2025-09-27,Indie Rock,"Art Rock, Alternative Rock",2,169675,2.827916666666667
2025-09-27,Rock Argentino,"Folk Rock, Progressive Rock",1,163667,2.7277833333333334
2025-09-27,MPB Latino / Fusion,"Funk, Candombe Fusion, Pop Experimental",1,131573,2.1928833333333335
2025-09-27,Krautrock / Garage Rock,"Post-Punk, Psychedelic Rock",1,63856,1.0642666666666667
2025-09-27,Indie Electronic,"Synth-Pop, Ambient",2,61254,1.0209
2025-09-27,Indie Folk,"Acoustic, Singer-Songwriter",2,53249,0.8874833333333334
2025-09-27,Reggae,Roots Reggae,1,50313,0.83855
2025-09-27,Punk Rock,"Post-Punk, Garage Rock",1,48844,0.8140666666666667
2025-09-27,Urbano Latino,"Electro Funk, Alternative Trap, Hip-Hop",1,39885,0.66475
2025-09-27,Rock Argentino,"Progressive Rock, Art Pop, Symphonic Rock",1,24310,0.4051666666666667
2025-09-27,Canción de Autor,"Jazz Fusion, Folklore Fusion, Pop Rock",1,18837,0.31395
2025-09-27,Electro Cumbia,"Tropical Bass, Latin Alternative",1,18756,0.3126
2025-09-27,Canción de Autor,"Rock de Cámara, Experimental Folk",1,13852,0.23086666666666666
2025-09-27,Indie Rock,"Jangle Pop, Bedroom Pop, Psychedelic Pop",1,13068,0.2178
2025-09-27,Rock Argentino,"Murga Rock, Candombe Rock, Blues Rock",2,12045,0.20075
2025-09-27,Pop Rock,"Funk Pop, Electro Funk",1,9960,0.166
2025-09-27,Folk Latinoamericano,"Bolero, Son Jarocho, Canción de Autor",1,6737,0.11228333333333333
2025-09-27,Indie Rock,"Experimental, Dream Pop, Lo-Fi",1,6361,0.10601666666666666
2025-09-27,Indie Folk,"Americana, Acoustic",2,4662,0.07769999999999999
2025-09-27,Alternative Rock,"Funk Rock, Hard Rock",1,2048,0.034133333333333335
2025-09-27,Neo-Soul,"Bedroom Pop, R&B, Reggaeton Pop",1,1772,0.029533333333333335
2025-09-27,Urbano Latino,"Hip-Hop, Funk Carioca, Boom Bap, Trap",1,1729,0.028816666666666668
2025-09-27,Tropicalismo,"Psychedelic Rock, Garage Rock",1,1672,0.027866666666666668
2025-09-27,Classic Rock,"Singer-Songwriter, Pop Rock",1,1448,0.024133333333333333
2025-09-27,Pop / R&B,"Dancehall, Trap R&B, Hip-Hop",1,1400,0.023333333333333334
2025-09-28,Indie / Unmapped,Alternative / Various,38,2262063,37.701049999999995
2025-09-28,Indie Rock,"Post-Punk, Space Rock, Noise Pop",10,1002164,16.70273333333333
2025-09-28,MPB Latino / Fusion,"Funk, Candombe Fusion, Pop Experimental",2,412760,6.879333333333333
2025-09-28,Rock Stone,"Blues Rock, Rock and Roll",1,320640,5.344
2025-09-28,Indie Tropical,"Cumbia Pop, Funk Latino, Indie Rock",1,262978,4.3829666666666665
2025-09-28,Folk Rock,"Reggae Fusion, Canción Latinoamericana",1,254867,4.2477833333333335
2025-09-28,Indie Rock,"Experimental, Dream Pop, Lo-Fi",1,254093,4.234883333333333
2025-09-28,Synth-Pop,"New Wave, Pop Rock",1,236813,3.9468833333333335
2025-09-28,Rock Argentino,"Post-Punk, Hard Rock",1,223040,3.7173333333333334
2025-09-28,Indie Rock,"Punk Folk, Experimental Rock",3,206257,3.4376166666666665
2025-09-28,Rock Progresivo,"Symphonic Rock, Fusion",2,202569,3.37615
2025-09-28,Rock Argentino,"Murga Rock, Candombe Rock, Blues Rock",1,200247,3.33745
2025-09-28,Rock Argentino,"Alternative Rock, Funk Rock, Hard Rock",2,173712,2.8952
2025-09-28,Indie Rock,"Lo-Fi, Noise Pop, Post-Punk",1,145240,2.4206666666666665
2025-09-28,Indie Rock,"Jangle Pop, Bedroom Pop, Psychedelic Pop",1,76645,1.2774166666666666
2025-09-28,Indie Rock,"New Wave, Synth-Pop",2,62427,1.04045
2025-09-28,Hyperpop,"Dance-Pop, Synth-Pop, Electronic",1,59224,0.9870666666666666
2025-09-28,Dream Pop,"Shoegaze, Post-Punk, Etherial Wave",1,53607,0.89345
2025-09-28,Indie Rock,"Garage Rock, Post-Punk",2,22116,0.3686
2025-09-28,Nuevo Flamenco,"Latin Alternative, Bolero Fusion, Experimental Pop",1,15746,0.26243333333333335
2025-09-28,Rock Argentino,"Art Rock, Jazz Rock, Folk Rock",1,5326,0.08876666666666666
2025-09-28,Canción de Autor,"Rock de Cámara, Experimental Folk",2,5214,0.0869
2025-09-28,Proto-Punk,"Art Rock, Garage Rock, Psychedelic Rock",1,3966,0.0661
2025-09-28,Neo-Soul,"R&B, Funk Calmo",1,3965,0.06608333333333333
2025-09-28,Alternative Rock,"Shoegaze, Grunge, Indie Rock",1,3749,0.062483333333333335
2025-09-28,Rock Argentino,"Psych Rock, Folk Rock, Canción de Autor",1,3672,0.0612
2025-09-28,Rock Argentino,"Pop Rock, Piano Rock",1,3662,0.061033333333333335
2025-09-28,Latin Alternative,"Flamenco Pop, Urbano Latino, Rumba",1,3475,0.057916666666666665
2025-09-28,World Music,"Folk Latinoamericano, Acoustic Indie",1,3356,0.055933333333333335
2025-09-28,Alternative Rock,"Funk Rock, Hard Rock",1,3250,0.05416666666666667
2025-09-28,Indie Pop,"Canción de Autor, Art Pop",1,2618,0.043633333333333336
2025-09-28,Techno,"Progressive House, Trance, Electronic",1,2463,0.04105
2025-09-28,Reggae,Roots Reggae,1,2313,0.03855
2025-09-28,New Wave,"Post-Punk, Pop Rock",1,2178,0.0363
2025-09-28,Indie Pop / Synth-Pop,"Folk-Pop, Chamber Pop",1,2080,0.034666666666666665
2025-09-29,Indie / Unmapped,Alternative / Various,13,1506807,25.11345
2025-09-29,Urbano Latino,"Electro Funk, Alternative Trap, Hip-Hop",4,568244,9.470733333333333
2025-09-29,Urbano Latino,"Reggaeton, Trap Latino, Synth-Pop, Mambo",2,403883,6.7313833333333335
2025-09-29,Hyperpop,"Dance-Pop, Synth-Pop, Electronic",3,368039,6.133983333333333
2025-09-29,Nuevo Flamenco,"Latin Alternative, Bolero Fusion, Experimental Pop",3,307965,5.13275
2025-09-29,French House,"Electronic, Synth-Pop, Nu-Disco",1,294762,4.9127
2025-09-29,Dance-Pop,"Synth-Pop, Electro Pop",1,157625,2.627083333333333
2025-09-29,Pop / R&B,"Dancehall, Trap R&B, Hip-Hop",1,137405,2.2900833333333335
2025-09-29,Electro-Tropical,"French Touch, Downtempo, House",1,17581,0.29301666666666665
2025-09-29,World Music,"Folk Latinoamericano, Acoustic Indie",1,623,0.010383333333333333
2025-09-29,Indie Folk,"Canción Latinoamericana, Avant-Garde Pop",1,441,0.00735
2025-09-30,Indie / Unmapped,Alternative / Various,15,1650508,27.508466666666667
2025-09-30,Urbano Latino,"Reggaeton, Trap Latino, Synth-Pop, Mambo",8,1332624,22.2104
2025-09-30,Urbano Latino,"Hip-Hop, Funk Carioca, Boom Bap, Trap",7,914137,15.235616666666665
2025-09-30,Hyperpop,"Dance-Pop, Synth-Pop, Electronic",7,663619,11.060316666666667
2025-09-30,Pop / R&B,"Dancehall, Trap R&B, Hip-Hop",3,609879,10.16465
2025-09-30,Rock Argentino,"Pop Rock, New Wave, Progressive Rock",2,483029,8.050483333333332
2025-09-30,Alternative Hip-Hop,"Rap Rock, Urbano Latino, Fusion",2,333060,5.551
2025-09-30,Rock Stone,"Blues Rock, Rock and Roll",1,320640,5.344
2025-09-30,Urbano Latino,"Electro Funk, Alternative Trap, Hip-Hop",5,300570,5.0095
2025-09-30,Grunge,"Alternative Rock, Classic Rock Revival",1,276560,4.609333333333334
2025-09-30,Pop / R&B,"Trap, Contemporary R&B",2,268699,4.478316666666666
2025-09-30,Rock Argentino,"Alternative Rock, Electro-Rock, Pop Rock",3,240402,4.0066999999999995
2025-09-30,Indie Pop,"Jangle Pop, Post-Punk",1,236667,3.94445
2025-09-30,Indie Rock,"Lo-Fi, Alternative Rock",1,221333,3.6888833333333335
2025-09-30,Rock Argentino,"Art Rock, Alternative Rock, Electronic Fusion",1,216413,3.606883333333333
2025-09-30,Indie Pop,"Dream Pop, R&B Soul",1,208240,3.470666666666667
2025-09-30,Alternative Rock,"Garage Rock Revival, Southern Rock",1,203347,3.3891166666666668
2025-09-30,Electro-Tropical,"French Touch, Downtempo, House",2,194164,3.236066666666667
2025-09-30,Indie Rock,"Garage Rock, Post-Punk",1,194087,3.234783333333333
2025-09-30,MPB Latino / Fusion,"Funk, Candombe Fusion, Pop Experimental",1,192493,3.2082166666666665
2025-09-30,Nuevo Flamenco,"Latin Alternative, Bolero Fusion, Experimental Pop",2,165784,2.7630666666666666
2025-09-30,Dance-Pop,"Synth-Pop, Electro Pop",1,157625,2.627083333333333
2025-09-30,Proto-Punk,"Art Rock, Garage Rock, Psychedelic Rock",1,25843,0.4307166666666667
2025-09-30,Rock Argentino,"Folk Rock, Progressive Rock",1,13138,0.21896666666666667
2025-09-30,Indie Folk,"Acoustic, Singer-Songwriter",1,10664,0.17773333333333333
2025-09-30,Alternative Rock,"Art Rock, Experimental / Electronic Rock",1,8818,0.14696666666666666
2025-09-30,MPB,"Pop Brasileño, Acoustic Fusion",1,7157,0.11928333333333334
2025-09-30,Alternative Rock,"Madchester, Gospel Rock, Neo-Psychedelia",1,5172,0.0862
2025-09-30,Urbano Latino,"Alternative Hip-Hop, Industrial Rap, Post-Punk",1,4323,0.07205
2025-09-30,Latin Fusion,"Indie Pop, Funk, Ska, Candombe Rock",1,4203,0.07005
2025-09-30,Alternative R&B,"Bedroom Pop, Funk, Indie Rock",1,3427,0.05711666666666667
2025-10-01,Urbano Latino,"Reggaeton, Trap Latino, Synth-Pop, Mambo",1,235337,3.922283333333333
2025-10-01,Indie / Unmapped,Alternative / Various,2,224223,3.73705
2025-10-01,Hyperpop,"Dance-Pop, Synth-Pop, Electronic",1,203618,3.3936333333333333
2025-10-01,Alternative Hip-Hop,"Rap Rock, Urbano Latino, Fusion",1,150747,2.51245
2025-10-01,Urbano Latino,"Electro Funk, Alternative Trap, Hip-Hop",1,148253,2.4708833333333335
2025-10-01,French House,"Electronic, Synth-Pop, Nu-Disco",1,29345,0.4890833333333333
2025-10-01,Techno,"Progressive House, Trance, Electronic",1,4980,0.083
2025-10-01,Proto-Punk,"Art Rock, Garage Rock, Psychedelic Rock",1,489,0.00815
2025-10-02,Indie Pop,"Indie Folk, Canción Pop / Canción Urbana",1,10910,0.18183333333333335
2025-10-02,Proto-Punk,"Art Rock, Garage Rock, Psychedelic Rock",1,906,0.0151
2025-10-03,Urbano Latino,"Reggaeton, Trap Latino, Synth-Pop, Mambo",11,841729,14.028816666666666
2025-10-03,Indie / Unmapped,Alternative / Various,11,680060,11.334333333333333
2025-10-03,Nuevo Flamenco,"Latin Alternative, Bolero Fusion, Experimental Pop",5,544239,9.07065
2025-10-03,Hyperpop,"Dance-Pop, Synth-Pop, Electronic",10,432187,7.203116666666666
2025-10-03,Synth-Pop,"New Wave, Pop Rock",4,335800,5.596666666666667
2025-10-03,Pop / R&B,"Trap, Contemporary R&B",1,267067,4.451116666666667
2025-10-03,Indie Rock,"Experimental, Dream Pop, Lo-Fi",2,259649,4.327483333333333
2025-10-03,Alternative Rock,"Garage Rock Revival, Southern Rock",3,229292,3.8215333333333334
2025-10-03,Urbano Latino,"Electro Funk, Alternative Trap, Hip-Hop",7,218271,3.6378500000000003
2025-10-03,Pop / R&B,"Dancehall, Trap R&B, Hip-Hop",2,216131,3.6021833333333335
2025-10-03,Electro-Tropical,"French Touch, Downtempo, House",2,192344,3.2057333333333333
2025-10-03,Dance-Pop,"Synth-Pop, Electro Pop",1,157625,2.627083333333333
2025-10-03,Rock Argentino,"Psych Rock, Folk Rock, Canción de Autor",2,67181,1.1196833333333334
2025-10-03,Indie Pop / Synth-Pop,"Folk-Pop, Chamber Pop",5,23454,0.39089999999999997
2025-10-03,Urbano Latino,"Hip-Hop, Funk Carioca, Boom Bap, Trap",4,16487,0.2747833333333333
2025-10-03,Neo-Soul,"Bedroom Pop, R&B, Reggaeton Pop",2,12550,0.20916666666666667
2025-10-03,Canción de Autor,"Candombe Beat, Folk Uruguayo",1,11338,0.18896666666666667
2025-10-03,Alternative Hip-Hop,"Rap Rock, Urbano Latino, Fusion",1,5554,0.09256666666666667
2025-10-03,French House,"Electronic, Synth-Pop, Nu-Disco",1,5454,0.0909
2025-10-03,Rock Argentino,"Pop Rock, New Wave, Progressive Rock",1,4047,0.06745
2025-10-03,Neo-Soul,"R&B, Funk Calmo",1,1781,0.029683333333333332
2025-10-03,Alternative Rock,"Shoegaze, Grunge, Indie Rock",1,1663,0.027716666666666667
2025-10-03,Indie Pop,"Dream Pop, Slowcore",1,1367,0.022783333333333333
2025-10-03,Rock Argentino,"Post-Punk, New Wave, Darkwave",1,938,0.015633333333333332
2025-10-03,Alternative R&B,"Bedroom Pop, Funk, Indie Rock",1,925,0.015416666666666667
2025-10-03,Neo-Soul,"Soul, Ska / Reggae, R&B",1,0,0.0
2025-10-04,Indie / Unmapped,Alternative / Various,25,3882306,64.7051
2025-10-04,Rock Argentino,"Pop Rock, New Wave, Progressive Rock",9,1832448,30.540799999999997
2025-10-04,Rock Argentino,"Progressive Rock, Art Pop, Symphonic Rock",7,1552761,25.87935
2025-10-04,Rock Argentino,"Post-Punk, Hard Rock",5,1317641,21.960683333333336
2025-10-04,Indie Rock,"Art Rock, Alternative Rock",4,1311347,21.855783333333335
2025-10-04,Rock Argentino,"Alternative Rock, Electro-Rock, Pop Rock",4,710122,11.835366666666667
2025-10-04,Indie Pop,"Indie Folk, Canción Pop / Canción Urbana",4,652004,10.866733333333332
2025-10-04,Indie Rock,"Art Rock, Synth-Pop, Dance Rock",4,621768,10.3628
2025-10-04,Rock Argentino,"Hard Rock, Funk Rock, Folklore Rock",2,583107,9.71845
2025-10-04,Reggae,Roots Reggae,2,507920,8.465333333333334
2025-10-04,Rock Argentino,"Pop Rock, Piano Rock",3,497262,8.287700000000001
2025-10-04,Alternative Hip-Hop,"Rap Rock, Urbano Latino, Fusion",2,469900,7.831666666666667
2025-10-04,Rock Progresivo,"Symphonic Rock, Fusion",2,401386,6.689766666666666
2025-10-04,Rock Alternativo,"Experimental Folk, Post-Punk",2,366613,6.110216666666666
2025-10-04,Nuevo Flamenco,"Latin Alternative, Bolero Fusion, Experimental Pop",2,357093,5.95155
2025-10-04,Acoustic Folk,"Singer-Songwriter, Alternative Rock",2,346852,5.780866666666666
2025-10-04,Neo-Soul,"R&B, Funk Calmo",2,343864,5.731066666666667
2025-10-04,Rock Argentino,"Art Rock, Jazz Rock, Folk Rock",2,343591,5.726516666666667
2025-10-04,Nueva Trova Cubana,"Trova, Canción de Autor",1,336400,5.6066666666666665
2025-10-04,MPB,"Pop Brasileño, Acoustic Fusion",2,335168,5.586133333333334
2025-10-04,Indie Rock,"Canción de Autor, Bedroom Pop",1,330843,5.51405
2025-10-04,Funk / Hip-Hop,"Latin Funk, Rap Rock, R&B",1,317600,5.293333333333333
2025-10-04,Rock Argentino,"Murga Rock, Candombe Rock, Blues Rock",1,309680,5.161333333333333
2025-10-04,Rock Latino,"Folk Rock, Progressive Rock",1,306578,5.109633333333333
2025-10-04,Rock en Español,"Latin Alternative, Experimental Rock",1,278573,4.642883333333334
2025-10-04,Freak Folk,"Indie Folk, Psych Folk",1,275493,4.59155
2025-10-04,Indie Rock,"Experimental, Dream Pop, Lo-Fi",1,247969,4.132816666666667
2025-10-04,Indie Rock,"Punk Rock, Krautrock Argentino",1,241297,4.021616666666667
2025-10-04,Indie Tropical,"Cumbia Pop, Funk Latino, Indie Rock",1,241083,4.01805
2025-10-04,MPB Latino / Fusion,"Funk, Candombe Fusion, Pop Experimental",1,240573,4.00955
2025-10-04,Electro-Pop,"Synth-Pop, Dance-Pop",1,239400,3.99
2025-10-04,Pop Rock,"Funk Pop, Electro Funk",1,226841,3.780683333333333
2025-10-04,Neo-Soul,"Bedroom Pop, R&B, Reggaeton Pop",1,225947,3.7657833333333333
2025-10-04,Bedroom Pop,"Indie Pop, Chicano Batman Folk, Chicano R&B",1,217517,3.6252833333333334
2025-10-04,World Music,"Folk Latinoamericano, Acoustic Indie",2,214965,3.58275
2025-10-04,Folk Latinoamericano,"Bolero, Son Jarocho, Canción de Autor",1,214547,3.5757833333333333
2025-10-04,Latin Fusion,"Indie Pop, Funk, Ska, Candombe Rock",1,209604,3.4934
2025-10-04,Indie Rock,"Indie Folk, Alternative Rock",1,200093,3.3348833333333334
2025-10-04,Proto-Punk,"Art Rock, Garage Rock, Psychedelic Rock",1,197827,3.2971166666666667
2025-10-04,Indie Rock,"Post-Punk, Space Rock, Noise Pop",1,195773,3.2628833333333334
2025-10-04,Indie Pop,"Dream Pop, Slowcore",1,170326,2.838766666666667
2025-10-04,Hyperpop,"Dance-Pop, Synth-Pop, Electronic",1,164284,2.7380666666666666
2025-10-04,Indie Rock,"Garage Rock, Post-Punk",1,153800,2.5633333333333335
2025-10-04,Indie Pop,"Canción de Autor, Art Pop",1,145090,2.4181666666666666
2025-10-04,Canción de Autor,"Indie Folk, Canción Platense",1,116845,1.9474166666666666
2025-10-04,MPB,"Bossa Nova, Jazz Vocal",1,26573,0.44288333333333335
2025-10-04,Indie Folk,"Acoustic, Singer-Songwriter",1,2708,0.04513333333333333
2025-10-04,Canción de Autor,"Candombe Beat, Folk Uruguayo",1,1810,0.030166666666666668
2025-10-04,Indie Rock,"Post-Punk, New Wave",1,1537,0.025616666666666666
2025-10-04,Indie Pop,"R&B Urbano, Bedroom Pop",1,1481,0.024683333333333335
2025-10-04,Folklore Argentino,"Canción Latinoamericana, Fusion Folk",1,1377,0.02295
2025-10-04,Power Trio / Rock,"Hard Rock, Funk Rock, Fusion",1,1238,0.020633333333333333
2025-10-04,Folktronica,"Experimental Electronic, Art Pop",1,1125,0.01875
2025-10-04,Canción de Autor,"Jazz Fusion, Folklore Fusion, Pop Rock",1,1091,0.018183333333333333
2025-10-04,Tango Canción,"Tango Fusion, Rock de Cámara",1,1072,0.017866666666666666
2025-10-04,Synth-Pop,"New Wave, Pop Rock",1,57,0.00095
2025-10-05,Indie / Unmapped,Alternative / Various,13,1685335,28.088916666666666
2025-10-05,Rock Argentino,"Progressive Rock, Art Pop, Symphonic Rock",5,1208130,20.1355
2025-10-05,Canción de Autor,"Rock de Cámara, Experimental Folk",2,642533,10.708883333333333
2025-10-05,Canción de Autor,"Folktronica, Indie Folk",3,527312,8.788533333333334
2025-10-05,Rock Argentino,"Alternative Rock, Electro-Rock, Pop Rock",4,507187,8.453116666666666
2025-10-05,Rock Argentino,"Pop Rock, New Wave, Progressive Rock",4,483792,8.0632
2025-10-05,Rock en Español,"Latin Alternative, Experimental Rock",1,308040,5.134
2025-10-05,Rock Argentino,"Pop Rock, Piano Rock",1,305493,5.09155
2025-10-05,Tropicalismo,"Psychedelic Rock, Garage Rock",1,284987,4.749783333333333
2025-10-05,New Wave,"Power Pop, Synth-Pop",1,280600,4.676666666666667
2025-10-05,Rock Argentino,"Latin Rock, Ska Rock, Cumbia Rock",1,271347,4.52245
2025-10-05,Folk Rock,"Reggae Fusion, Canción Latinoamericana",1,254867,4.2477833333333335
2025-10-05,Neo-Soul,"R&B, Funk Calmo",1,225938,3.765633333333333
2025-10-05,Indie Rock,"Lo-Fi, Alternative Rock",1,221333,3.6888833333333335
2025-10-05,Punk Rock,"Post-Punk, Garage Rock",1,220587,3.67645
2025-10-05,Rock Argentino,"Murga Rock, Candombe Rock, Blues Rock",1,212040,3.534
2025-10-05,Latin Fusion,"Indie Pop, Funk, Ska, Candombe Rock",1,209604,3.4934
2025-10-05,Indie Rock,"Art Rock, Synth-Pop, Dance Rock",3,196584,3.2764
2025-10-05,Indie Rock,"Lo-Fi, Noise Pop, Post-Punk",1,196209,3.27015
2025-10-05,Folklore Argentino,"Canción Latinoamericana, Fusion Folk",2,193449,3.2241500000000003
2025-10-05,Rock Argentino,"Hard Rock, Funk Rock, Folklore Rock",1,184973,3.082883333333333
2025-10-05,Rock Argentino,"Hard Rock, Blues Rock, Proto-Punk, Folk Progresivo",1,184693,3.0782166666666666
2025-10-05,MPB Latino / Fusion,"Funk, Candombe Fusion, Pop Experimental",1,183840,3.064
2025-10-05,Hip-Hop,"Latin Rap, Chicano Rap, East Coast Hip-Hop",1,173667,2.89445
2025-10-05,Canción de Autor,"Indie Folk, Canción Platense",1,171345,2.85575
2025-10-05,Hardcore Punk,"Melodic Hardcore, Alternative Rock",1,156303,2.60505
2025-10-05,Nueva Trova Cubana,"Trova, Canción de Autor",1,144632,2.4105333333333334
2025-10-05,Rock Argentino,"Hard Rock, Heavy Blues",1,68840,1.1473333333333333
2025-10-05,Urbano Latino,"Alternative R&B, Trap Pop",1,32517,0.54195
2025-10-05,Indie Pop,"Dream Pop, R&B Soul",1,17234,0.28723333333333334
2025-10-05,Rock Argentino,"Art Rock, Jazz Rock, Folk Rock",1,7107,0.11845
2025-10-05,Indie Rock,"Post-Punk, Space Rock, Noise Pop",1,6358,0.10596666666666667
2025-10-05,Urbano Latino,"Reggaeton, Trap Latino, Synth-Pop, Mambo",1,5168,0.08613333333333334
2025-10-05,Indie Rock,"Art Rock, Alternative Rock",1,5079,0.08465
2025-10-05,Acoustic Folk,"Singer-Songwriter, Alternative Rock",1,4954,0.08256666666666666
2025-10-05,World Music,"Folk Latinoamericano, Acoustic Indie",1,2312,0.038533333333333336
2025-10-05,Música Cubana,"Son Cubano, Guajira",1,1774,0.029566666666666668
2025-10-05,Rock Argentino,"Alternative Rock, Funk Rock, Hard Rock",1,1725,0.02875
2025-10-05,Indie Pop,"Indie Folk, Canción Pop / Canción Urbana",1,1384,0.023066666666666666
2025-10-05,Hyperpop,"Dance-Pop, Synth-Pop, Electronic",1,1307,0.02178333333333333
2025-10-05,Urbano Latino,"Electro Funk, Alternative Trap, Hip-Hop",1,429,0.00715
2025-10-06,Urbano Latino,"Electro Funk, Alternative Trap, Hip-Hop",10,936927,15.61545
2025-10-06,Urbano Latino,"Reggaeton, Trap Latino, Synth-Pop, Mambo",6,779477,12.991283333333334
2025-10-06,Hyperpop,"Dance-Pop, Synth-Pop, Electronic",10,716187,11.93645
2025-10-06,Indie / Unmapped,Alternative / Various,9,534816,8.913599999999999
2025-10-06,Alternative Hip-Hop,"Rap Rock, Urbano Latino, Fusion",5,498708,8.3118
2025-10-06,Nuevo Flamenco,"Latin Alternative, Bolero Fusion, Experimental Pop",6,338556,5.6426
2025-10-06,Pop / R&B,"Trap, Contemporary R&B",1,267067,4.451116666666667
2025-10-06,Urbano Latino,"Hip-Hop, Funk Carioca, Boom Bap, Trap",1,194735,3.2455833333333333
2025-10-06,Dance-Pop,"Synth-Pop, Electro Pop",1,157625,2.627083333333333
2025-10-06,Rock Argentino,"Murga Rock, Candombe Rock, Blues Rock",1,11403,0.19005
2025-10-06,Indie Rock,"Art Rock, Alternative Rock",1,10802,0.18003333333333332
2025-10-06,Electro-Tropical,"French Touch, Downtempo, House",2,2982,0.0497
2025-10-06,Alternative R&B,"Bedroom Pop, Funk, Indie Rock",1,1756,0.029266666666666667
2025-10-06,MPB,"Pop Brasileño, Acoustic Fusion",1,687,0.01145
2025-10-06,Pop / R&B,"Dancehall, Trap R&B, Hip-Hop",1,0,0.0
2025-10-07,Urbano Latino,"Reggaeton, Trap Latino, Synth-Pop, Mambo",4,640952,10.682533333333332
2025-10-07,Indie Pop,"Canción de Autor, Art Pop",12,471261,7.854349999999999
2025-10-07,Indie / Unmapped,Alternative / Various,3,370602,6.1767
2025-10-07,Hyperpop,"Dance-Pop, Synth-Pop, Electronic",2,340336,5.672266666666666
2025-10-07,Rock Argentino,"Murga Rock, Candombe Rock, Blues Rock",2,309689,5.161483333333333
2025-10-07,Rock Argentino,"Progressive Rock, Art Pop, Symphonic Rock",1,296648,4.944133333333333
2025-10-07,Nuevo Flamenco,"Latin Alternative, Bolero Fusion, Experimental Pop",4,262072,4.367866666666667
2025-10-07,Rock Progresivo,"Symphonic Rock, Fusion",1,247946,4.132433333333333
2025-10-07,Neo-Soul,"R&B, Funk Calmo",1,222022,3.7003666666666666
2025-10-07,Rock Argentino,"Hard Rock, Heavy Blues",1,149640,2.494
2025-10-07,Indie Pop,"Jangle Pop, Post-Punk",1,507,0.00845
2025-10-08,Indie / Unmapped,Alternative / Various,7,848373,14.13955
2025-10-08,Urbano Latino,"Reggaeton, Trap Latino, Synth-Pop, Mambo",2,431418,7.190300000000001
2025-10-08,Rock Argentino,"Progressive Rock, Art Pop, Symphonic Rock",1,296648,4.944133333333333
2025-10-08,Urbano Latino,"Electro Funk, Alternative Trap, Hip-Hop",2,289211,4.8201833333333335
2025-10-08,Pop / R&B,"Trap, Contemporary R&B",1,267067,4.451116666666667
2025-10-08,Indie Rock,"Post-Punk, Space Rock, Noise Pop",1,233587,3.893116666666667
2025-10-08,Alternative Rock,"Funk Rock, Hard Rock",1,221440,3.6906666666666665
2025-10-08,Pop / R&B,"Dancehall, Trap R&B, Hip-Hop",1,215227,3.5871166666666667
2025-10-08,Post-Punk,"Gothic Rock, New Wave, Pop Rock",1,212533,3.5422166666666666
2025-10-08,Urbano Latino,"Hip-Hop, Funk Carioca, Boom Bap, Trap",4,198500,3.308333333333333
2025-10-08,French House,"Electronic, Synth-Pop, Nu-Disco",1,189274,3.1545666666666667
2025-10-08,Techno,"Progressive House, Trance, Electronic",1,136078,2.2679666666666667
2025-10-08,Art Pop,"Experimental Electronic, House",1,11286,0.1881
2025-10-08,Reggae,Roots Reggae,1,6520,0.10866666666666666
2025-10-08,Grunge,"Heavy Metal, Alternative Rock",1,6007,0.10011666666666667
2025-10-08,Rock Argentino,"Art Rock, Alternative Rock, Electronic Fusion",1,5618,0.09363333333333333
2025-10-08,Bedroom Pop,"Indie Pop, Chicano Batman Folk, Chicano R&B",1,3424,0.05706666666666667
2025-10-08,Alternative Hip-Hop,"Rap Rock, Urbano Latino, Fusion",2,3086,0.05143333333333333
2025-10-08,Indie Rock,"Lo-Fi, Noise Pop, Post-Punk",1,2737,0.045616666666666666
2025-10-09,Urbano Latino,"Reggaeton, Trap Latino, Synth-Pop, Mambo",15,1099618,18.326966666666667
2025-10-09,Urbano Latino,"Electro Funk, Alternative Trap, Hip-Hop",26,969030,16.1505
2025-10-09,Hyperpop,"Dance-Pop, Synth-Pop, Electronic",22,781753,13.029216666666667
2025-10-09,Indie / Unmapped,Alternative / Various,6,578350,9.639166666666666
2025-10-09,Dance-Pop,"Synth-Pop, Electro Pop",7,171238,2.8539666666666665
2025-10-09,Neo-Soul,"R&B, Funk Calmo",2,9191,0.15318333333333334
2025-10-09,Nuevo Flamenco,"Latin Alternative, Bolero Fusion, Experimental Pop",1,9084,0.1514
2025-10-10,Indie / Unmapped,Alternative / Various,8,1326611,22.11018333333333
2025-10-10,Rock Argentino,"Post-Punk, Hard Rock",8,810141,13.50235
2025-10-10,Rock Argentino,"Pop Rock, New Wave, Progressive Rock",5,682213,11.370216666666666
2025-10-10,Rock Argentino,"Hard Rock, Funk Rock, Folklore Rock",2,335967,5.59945
2025-10-10,Rock Argentino,"Progressive Rock, Art Pop, Symphonic Rock",4,300146,5.002433333333333
2025-10-10,Indie Rock,"Canción de Autor, Bedroom Pop",1,255998,4.266633333333333
2025-10-10,Funk / Hip-Hop,"Latin Funk, Rap Rock, R&B",2,241784,4.029733333333334
2025-10-10,Neo-Soul,"R&B, Funk Calmo",1,222023,3.7003833333333334
2025-10-10,Rock Uruguayo,"Ska Rock, Punk Rock",1,205533,3.42555
2025-10-10,Indie Rock,"Lo-Fi, Noise Pop, Post-Punk",1,131058,2.1843
2025-10-10,World Music,"Folk Latinoamericano, Acoustic Indie",1,35945,0.5990833333333333
2025-10-10,Indie Rock,"Art Rock, Alternative Rock",2,28397,0.47328333333333333
2025-10-10,Alternative Hip-Hop,"Rap Rock, Urbano Latino, Fusion",1,16346,0.27243333333333336
2025-10-10,Rock Argentino,"Alternative Rock, Funk Rock, Hard Rock",1,16233,0.27055
2025-10-10,Indie Folk,"Acoustic, Singer-Songwriter",1,6552,0.1092
2025-10-10,Pop Rock,"Funk Pop, Electro Funk",1,4469,0.07448333333333333
2025-10-10,Canción de Autor,"Candombe Beat, Folk Uruguayo",1,3412,0.05686666666666667
2025-10-10,Reggae,Roots Reggae,1,3329,0.055483333333333336
2025-10-10,Folklore Argentino,"Canción Latinoamericana, Fusion Folk",1,1451,0.024183333333333334
2025-10-11,Indie / Unmapped,Alternative / Various,12,2190536,36.50893333333333
2025-10-11,Rock Argentino,"Alternative Rock, Electro-Rock, Pop Rock",10,2046570,34.1095
2025-10-11,Indie Tropical,"Cumbia Pop, Funk Latino, Indie Rock",6,1364082,22.7347
2025-10-11,Rock Argentino,"Pop Rock, New Wave, Progressive Rock",6,1216986,20.2831
2025-10-11,Canción de Autor,"Indie Folk, Canción Platense",4,783138,13.0523
2025-10-11,Latin Fusion,"Indie Pop, Funk, Ska, Candombe Rock",3,591524,9.858733333333333
2025-10-11,Rock Argentino,"Hard Rock, Blues Rock, Proto-Punk, Folk Progresivo",3,577814,9.630233333333333
2025-10-11,Indie Pop,"Jangle Pop, Post-Punk",3,550307,9.171783333333334
2025-10-11,Nueva Trova Cubana,"Trova, Canción de Autor",2,404116,6.735266666666666
2025-10-11,MPB Latino / Fusion,"Funk, Candombe Fusion, Pop Experimental",2,333227,5.5537833333333335
2025-10-11,Alternative Rock,"Funk Rock, Hard Rock",1,311867,5.197783333333334
2025-10-11,Indie Rock,"Art Rock, Alternative Rock",1,284916,4.7486
2025-10-11,Indie Pop,"Indie Folk, Canción Pop / Canción Urbana",2,274325,4.5720833333333335
2025-10-11,Classic Rock,"Blues Rock, Roots Rock",1,274227,4.57045
2025-10-11,Rock Argentino,"Post-Punk, Hard Rock",2,265957,4.432616666666666
2025-10-11,Rock Argentino,"Pop Rock, Piano Rock",1,258960,4.316
2025-10-11,Rock Argentino,"Art Rock, Alternative Rock, Electronic Fusion",1,248573,4.142883333333334
2025-10-11,Indie Rock,"Canción de Autor, Bedroom Pop",1,238512,3.9752
2025-10-11,Rock Argentino,"Progressive Rock, Art Pop, Symphonic Rock",1,235667,3.927783333333333
2025-10-11,Folklore Argentino,"Canción Latinoamericana, Fusion Folk",1,232733,3.8788833333333335
2025-10-11,Rock Argentino,"Alternative Rock, Funk Rock, Hard Rock",2,218032,3.6338666666666666
2025-10-11,Urbano Latino,"Alternative Hip-Hop, Industrial Rap, Post-Punk",1,216837,3.61395
2025-10-11,Folk,"Singer-Songwriter, Vocal Jazz",1,207507,3.45845
2025-10-11,Punk Rock,"Post-Punk, Garage Rock",1,194667,3.24445
2025-10-11,Indie Rock,"Experimental, Dream Pop, Lo-Fi",1,188639,3.1439833333333334
2025-10-11,Proto-Punk,"Art Rock, Garage Rock, Psychedelic Rock",1,159000,2.65
2025-10-11,Rock Argentino,"Murga Rock, Candombe Rock, Blues Rock",2,82601,1.3766833333333333
2025-10-11,Hyperpop,"Dance-Pop, Synth-Pop, Electronic",1,15858,0.2643
2025-10-11,Rock Argentino,"Hard Rock, Funk Rock, Folklore Rock",1,14267,0.23778333333333335
2025-10-11,Indie Folk,"Canción Latinoamericana, Avant-Garde Pop",1,12066,0.2011
2025-10-11,Indie Pop,"Canción de Autor, Art Pop",1,9763,0.16271666666666668
2025-10-11,Indie Rock,"Post-Punk, Space Rock, Noise Pop",1,3012,0.0502
2025-10-11,Rock Stone,"Blues Rock, Rock and Roll",1,1582,0.026366666666666667
2025-10-11,Folk Latinoamericano,"Bolero, Son Jarocho, Canción de Autor",1,1451,0.024183333333333334
2025-10-11,Classic Rock,"Singer-Songwriter, Pop Rock",1,1193,0.019883333333333333
2025-10-11,Reggae,Roots Reggae,1,864,0.0144
2025-10-11,Rock Argentino,"Folk Rock, Progressive Rock",1,698,0.011633333333333334
2025-10-12,Nueva Trova Cubana,"Trova, Canción de Autor",16,2538057,42.30095
2025-10-12,Indie / Unmapped,Alternative / Various,25,2037433,33.95721666666667
2025-10-12,Rock Argentino,"Hard Rock, Blues Rock, Proto-Punk, Folk Progresivo",5,795659,13.260983333333334
2025-10-12,Rock Argentino,"Progressive Rock, Art Pop, Symphonic Rock",2,487579,8.126316666666666
2025-10-12,Indie Pop,"Indie Folk, Canción Pop / Canción Urbana",1,246268,4.104466666666666
2025-10-12,Rock Argentino,"Post-Punk, Hard Rock",1,240107,4.001783333333333
2025-10-12,Indie Rock,"Post-Punk, Space Rock, Noise Pop",1,238311,3.97185
2025-10-12,Rock Argentino,"Folk Rock, Progressive Rock",1,221507,3.6917833333333334
2025-10-12,Rock Latino,"Folk Rock, Progressive Rock",1,220000,3.6666666666666665
2025-10-12,Rock Argentino,"Pop Rock, New Wave, Progressive Rock",1,176664,2.9444
2025-10-12,Rock Argentino,"Alternative Rock, Electro-Rock, Pop Rock",1,153760,2.562666666666667
2025-10-12,Indie Rock,"Afro-Pop Fusion, Art Pop",1,137760,2.296
2025-10-12,Indie Tropical,"Cumbia Pop, Funk Latino, Indie Rock",1,43568,0.7261333333333333
2025-10-12,Rock Argentino,"Art Rock, Alternative Rock, Electronic Fusion",1,42748,0.7124666666666667
2025-10-12,Música Cubana,"Son Cubano, Guajira",2,11555,0.19258333333333333
2025-10-13,Urbano Latino,"Reggaeton, Trap Latino, Synth-Pop, Mambo",12,1148874,19.1479
2025-10-13,Hyperpop,"Dance-Pop, Synth-Pop, Electronic",9,958433,15.973883333333333
2025-10-13,Urbano Latino,"Electro Funk, Alternative Trap, Hip-Hop",10,939797,15.663283333333332
2025-10-13,Indie / Unmapped,Alternative / Various,12,851045,14.184083333333334
2025-10-13,Nuevo Flamenco,"Latin Alternative, Bolero Fusion, Experimental Pop",5,460337,7.672283333333333
2025-10-13,Urbano Latino,"Alternative Hip-Hop, Industrial Rap, Post-Punk",1,185905,3.0984166666666666
2025-10-13,Neo-Soul,"Bedroom Pop, R&B, Reggaeton Pop",2,97470,1.6244999999999998
2025-10-13,Electro-Tropical,"French Touch, Downtempo, House",2,91818,1.5303
2025-10-13,Latin Alternative,"Flamenco Pop, Urbano Latino, Rumba",3,58359,0.97265
2025-10-13,Dance-Pop,"Synth-Pop, Electro Pop",1,3093,0.05155
2025-10-13,Nueva Trova Cubana,"Trova, Canción de Autor",1,2818,0.046966666666666664
2025-10-13,Alternative R&B,"Bedroom Pop, Funk, Indie Rock",1,962,0.016033333333333333
2025-10-14,Indie / Unmapped,Alternative / Various,21,2685240,44.754
2025-10-14,Urbano Latino,"Reggaeton, Trap Latino, Synth-Pop, Mambo",5,919692,15.328199999999999
2025-10-14,Hyperpop,"Dance-Pop, Synth-Pop, Electronic",6,851563,14.192716666666666
2025-10-14,Urbano Latino,"Electro Funk, Alternative Trap, Hip-Hop",7,684411,11.40685
2025-10-14,Urbano Latino,"Hip-Hop, Funk Carioca, Boom Bap, Trap",9,652935,10.882249999999999
2025-10-14,Alternative Hip-Hop,"Rap Rock, Urbano Latino, Fusion",5,337817,5.630283333333333
2025-10-14,Nuevo Flamenco,"Latin Alternative, Bolero Fusion, Experimental Pop",3,288943,4.815716666666667
2025-10-14,Pop / R&B,"Dancehall, Trap R&B, Hip-Hop",4,172378,2.8729666666666667
2025-10-14,Dance-Pop,"Synth-Pop, Electro Pop",1,157625,2.627083333333333
2025-10-14,Rock Argentino,"Alternative Rock, Electro-Rock, Pop Rock",1,63613,1.0602166666666666
2025-10-14,Alternative R&B,"Bedroom Pop, Funk, Indie Rock",1,32400,0.54
2025-10-14,Pop / R&B,"Trap, Contemporary R&B",1,13838,0.23063333333333333
2025-10-14,Techno,"Progressive House, Trance, Electronic",1,1374,0.0229
2025-10-14,Electro-Tropical,"French Touch, Downtempo, House",1,995,0.016583333333333332
2025-10-14,French House,"Electronic, Synth-Pop, Nu-Disco",1,956,0.015933333333333334
2025-10-14,Rock Argentino,"Hard Rock, Heavy Blues",1,267,0.00445
2025-10-15,Urbano Latino,"Reggaeton, Trap Latino, Synth-Pop, Mambo",17,2257872,37.6312
2025-10-15,Indie / Unmapped,Alternative / Various,14,1797300,29.955
2025-10-15,Hyperpop,"Dance-Pop, Synth-Pop, Electronic",10,999489,16.65815
2025-10-15,Urbano Latino,"Electro Funk, Alternative Trap, Hip-Hop",9,749038,12.483966666666667
2025-10-15,Nuevo Flamenco,"Latin Alternative, Bolero Fusion, Experimental Pop",8,718670,11.977833333333333
2025-10-15,Pop / R&B,"Dancehall, Trap R&B, Hip-Hop",2,434547,7.24245
2025-10-15,Urbano Latino,"Hip-Hop, Funk Carioca, Boom Bap, Trap",10,384135,6.4022499999999996
2025-10-15,French House,"Electronic, Synth-Pop, Nu-Disco",2,284748,4.7458
2025-10-15,Pop / R&B,"Trap, Contemporary R&B",2,270208,4.503466666666666
2025-10-15,Dance-Pop,"Synth-Pop, Electro Pop",1,157625,2.627083333333333
2025-10-15,Alternative Hip-Hop,"Rap Rock, Urbano Latino, Fusion",4,116971,1.9495166666666668
2025-10-15,Rock Argentino,"Pop Rock, New Wave, Progressive Rock",1,107902,1.7983666666666667
2025-10-15,World Music,"Folk Latinoamericano, Acoustic Indie",1,16738,0.27896666666666664
2025-10-15,Electro-Tropical,"French Touch, Downtempo, House",3,13673,0.22788333333333335
2025-10-15,Indie Rock,"Alternative Rock, Garage Rock",1,4920,0.082
2025-10-15,Techno,"Progressive House, Trance, Electronic",2,4470,0.0745
2025-10-15,Alternative R&B,"Bedroom Pop, Funk, Indie Rock",1,1015,0.016916666666666667
2025-10-16,Indie / Unmapped,Alternative / Various,4,697100,11.618333333333332
2025-10-16,Rock Argentino,"Pop Rock, New Wave, Progressive Rock",3,674373,11.23955
2025-10-16,Urbano Latino,"Reggaeton, Trap Latino, Synth-Pop, Mambo",3,441477,7.357950000000001
2025-10-16,Rock Argentino,"Hard Rock, Funk Rock, Folklore Rock",1,325960,5.432666666666667
2025-10-16,Grunge,"Heavy Metal, Alternative Rock",1,318587,5.309783333333334
2025-10-16,Art Pop,"Experimental Electronic, House",1,316573,5.2762166666666666
2025-10-16,Rock Argentino,"Hard Rock, Blues Rock, Proto-Punk, Folk Progresivo",1,304827,5.08045
2025-10-16,Funk / Hip-Hop,"Latin Funk, Rap Rock, R&B",1,289227,4.82045
2025-10-16,Rock Argentino,"Art Rock, Alternative Rock, Electronic Fusion",1,269040,4.484
2025-10-16,Canción de Autor,"Folktronica, Indie Folk",1,264919,4.415316666666667
2025-10-16,Indie Rock,"Post-Punk, New Wave",1,263419,4.390316666666667
2025-10-16,Hip-Hop,"Latin Rap, Chicano Rap, East Coast Hip-Hop",1,255693,4.26155
2025-10-16,Indie Pop,"Jangle Pop, Post-Punk",1,236667,3.94445
2025-10-16,Alternative Rock,"Funk Rock, Hard Rock",1,221440,3.6906666666666665
2025-10-16,Urbano Latino,"Electro Funk, Alternative Trap, Hip-Hop",4,221137,3.6856166666666668
2025-10-16,Urbano Latino,"Hip-Hop, Funk Carioca, Boom Bap, Trap",3,209303,3.488383333333333
2025-10-16,Indie Pop / Synth-Pop,"Folk-Pop, Chamber Pop",1,200690,3.3448333333333333
2025-10-16,Indie Rock,"Experimental, Dream Pop, Lo-Fi",1,188639,3.1439833333333334
2025-10-16,New Wave,"Post-Punk, Pop Rock",1,184093,3.068216666666667
2025-10-16,Hyperpop,"Dance-Pop, Synth-Pop, Electronic",2,179797,2.9966166666666667
2025-10-16,Nueva Trova Cubana,"Trova, Canción de Autor",1,178132,2.9688666666666665
2025-10-16,Nuevo Flamenco,"Latin Alternative, Bolero Fusion, Experimental Pop",2,155992,2.5998666666666663
2025-10-16,Latin Fusion,"Indie Pop, Funk, Ska, Candombe Rock",1,89992,1.4998666666666667
2025-10-16,Indie Rock,"Art Rock, Alternative Rock",1,87627,1.46045
2025-10-16,Rock Argentino,"Alternative Rock, Electro-Rock, Pop Rock",1,30387,0.50645
2025-10-16,World Music,"Folk Latinoamericano, Acoustic Indie",1,2004,0.0334
2025-10-17,Indie Pop,"Canción de Autor, Art Pop",17,1916239,31.937316666666668
2025-10-17,Indie / Unmapped,Alternative / Various,11,399212,6.653533333333333
2025-10-17,Nueva Trova Cubana,"Trova, Canción de Autor",1,273499,4.558316666666666
2025-10-17,Indie Pop,"Jangle Pop, Post-Punk",1,165533,2.7588833333333334
2025-10-17,Contemporary R&B,"Neo-Soul, Alternative R&B",1,90075,1.50125
2025-10-17,Techno,"Progressive House, Trance, Electronic",1,11399,0.18998333333333334
2025-10-17,Alternative Rock,"Shoegaze, Grunge, Indie Rock",1,4457,0.07428333333333334
2025-10-17,Indie Pop,"Dream Pop, Slowcore",1,2230,0.03716666666666667
2025-10-17,Rock Argentino,"Alternative Rock, Funk Rock, Hard Rock",1,1998,0.0333
2025-10-17,Reggae Fusion,"Dub, Ska",1,1724,0.028733333333333333
2025-10-18,Indie / Unmapped,Alternative / Various,19,3358664,55.97773333333333
2025-10-18,Rock Argentino,"Pop Rock, Piano Rock",10,1174295,19.571583333333333
2025-10-18,Nueva Trova Cubana,"Trova, Canción de Autor",13,955689,15.92815
2025-10-18,Rock Argentino,"Art Rock, Alternative Rock, Electronic Fusion",4,508720,8.478666666666667
2025-10-18,Canción de Autor,"Indie Folk, Canción Platense",2,413843,6.897383333333334
2025-10-18,Indie Rock,"Post-Punk, Space Rock, Noise Pop",1,340200,5.67
2025-10-18,Indie Pop,"Indie Folk, Canción Pop / Canción Urbana",2,302930,5.048833333333333
2025-10-18,Alternative R&B,"Bedroom Pop, Funk, Indie Rock",1,134548,2.2424666666666666
2025-10-18,Rock Argentino,"Psych Rock, Folk Rock, Canción de Autor",1,119187,1.98645
2025-10-18,Rock Argentino,"Alternative Rock, Electro-Rock, Pop Rock",3,34108,0.5684666666666667
2025-10-18,Power Trio / Rock,"Hard Rock, Funk Rock, Fusion",1,16400,0.2733333333333333
2025-10-18,Rock Argentino,"Art Rock, Jazz Rock, Folk Rock",1,390,0.0065
2025-10-19,Indie / Unmapped,Alternative / Various,10,1357123,22.618716666666668
2025-10-20,Electro-Pop,"Synth-Pop, Dance-Pop",21,1963020,32.717
2025-10-20,Urbano Latino,"Reggaeton, Trap Latino, Synth-Pop, Mambo",6,1105036,18.417266666666666
2025-10-20,Nuevo Flamenco,"Latin Alternative, Bolero Fusion, Experimental Pop",10,776749,12.945816666666666
2025-10-20,Indie / Unmapped,Alternative / Various,3,333001,5.550016666666667
2025-10-20,Indie Rock,"Art Rock, Alternative Rock",1,161800,2.6966666666666668
2025-10-20,Urbano Latino,"Electro Funk, Alternative Trap, Hip-Hop",1,29280,0.488
2025-10-20,Urbano Latino,"Hip-Hop, Funk Carioca, Boom Bap, Trap",1,23477,0.3912833333333333
2025-10-21,Indie / Unmapped,Alternative / Various,27,3871817,64.53028333333333
2025-10-21,Electro-Pop,"Synth-Pop, Dance-Pop",27,2069711,34.49518333333334
2025-10-21,Hyperpop,"Dance-Pop, Synth-Pop, Electronic",5,695051,11.584183333333334
2025-10-21,Urbano Latino,"Electro Funk, Alternative Trap, Hip-Hop",6,514771,8.579516666666667
2025-10-21,French House,"Electronic, Synth-Pop, Nu-Disco",1,301373,5.022883333333334
2025-10-21,Techno,"Progressive House, Trance, Electronic",1,257171,4.286183333333334
2025-10-21,Pop / R&B,"Dancehall, Trap R&B, Hip-Hop",1,233605,3.8934166666666665
2025-10-21,Nuevo Flamenco,"Latin Alternative, Bolero Fusion, Experimental Pop",3,152838,2.5473
2025-10-21,Alternative R&B,"Bedroom Pop, Funk, Indie Rock",1,28530,0.4755
2025-10-21,Rock Argentino,"Alternative Rock, Electro-Rock, Pop Rock",1,17617,0.2936166666666667
2025-10-21,Urbano Latino,"Reggaeton, Trap Latino, Synth-Pop, Mambo",5,13204,0.22006666666666666
2025-10-21,Rock Argentino,"Hard Rock, Blues Rock, Proto-Punk, Folk Progresivo",1,10168,0.16946666666666665
2025-10-21,Alternative Hip-Hop,"Rap Rock, Urbano Latino, Fusion",3,2980,0.049666666666666665
2025-10-21,Urbano Latino,"Hip-Hop, Funk Carioca, Boom Bap, Trap",2,2725,0.04541666666666667
2025-10-21,Electro-Tropical,"French Touch, Downtempo, House",2,2239,0.037316666666666665
2025-10-21,Indie Rock,"Post-Punk, Space Rock, Noise Pop",1,2146,0.03576666666666667
2025-10-21,Pop / R&B,"Trap, Contemporary R&B",1,1507,0.025116666666666666
2025-10-22,Electro-Pop,"Synth-Pop, Dance-Pop",20,3400446,56.6741
2025-10-22,Indie / Unmapped,Alternative / Various,3,462266,7.704433333333332
2025-10-22,Rock Argentino,"Murga Rock, Candombe Rock, Blues Rock",1,212040,3.534
2025-10-22,Indie Rock,"Post-Punk, Space Rock, Noise Pop",1,88880,1.4813333333333334
2025-10-22,Rock Argentino,"Alternative Rock, Electro-Rock, Pop Rock",1,2083,0.034716666666666667
2025-10-22,Folktronica,"Experimental Electronic, Art Pop",1,1814,0.030233333333333334
2025-10-22,Indie Folk,"Acoustic, Singer-Songwriter",1,1757,0.029283333333333335
2025-10-22,Folk,"Singer-Songwriter, Vocal Jazz",1,1755,0.02925
2025-10-22,Pop / R&B,"Dancehall, Trap R&B, Hip-Hop",1,1621,0.027016666666666668
2025-10-22,Canción de Autor,"Indie Folk, Canción Platense",1,1573,0.026216666666666666
2025-10-22,Neo-Soul,"Bedroom Pop, R&B, Reggaeton Pop",1,1480,0.024666666666666667
2025-10-22,Canción de Autor,"Rock de Cámara, Experimental Folk",1,969,0.01615
2025-10-23,Indie / Unmapped,Alternative / Various,52,4112142,68.5357
2025-10-23,Urbano Latino,"Reggaeton, Trap Latino, Synth-Pop, Mambo",12,1216028,20.267133333333334
2025-10-23,Rock Argentino,"Alternative Rock, Electro-Rock, Pop Rock",2,343156,5.719266666666667
2025-10-23,Indie Rock,"Art Rock, Alternative Rock",1,288333,4.80555
2025-10-23,Rock en Español,"Latin Alternative, Experimental Rock",2,278583,4.64305
2025-10-23,Rock Argentino,"Pop Rock, New Wave, Progressive Rock",2,248099,4.134983333333333
2025-10-23,Latin Fusion,"Indie Pop, Funk, Ska, Candombe Rock",1,240300,4.005
2025-10-23,Canción de Autor,"Rock de Cámara, Experimental Folk",2,225914,3.7652333333333337
2025-10-23,French House,"Electronic, Synth-Pop, Nu-Disco",2,215712,3.5952
2025-10-23,Hyperpop,"Dance-Pop, Synth-Pop, Electronic",17,214892,3.5815333333333332
2025-10-23,Rock Argentino,"Reggae Rock, Post-Punk",1,210027,3.50045
2025-10-23,Alternative Rock,"Garage Rock Revival, Southern Rock",1,203347,3.3891166666666668
2025-10-23,Indie Rock,"Post-Punk, Space Rock, Noise Pop",1,177360,2.956
2025-10-23,MPB Latino / Fusion,"Funk, Candombe Fusion, Pop Experimental",1,154733,2.578883333333333
2025-10-23,Indie Rock,"Lo-Fi, Noise Pop, Post-Punk",1,145240,2.4206666666666665
2025-10-23,Rock Latino,"Folk Rock, Progressive Rock",2,103459,1.7243166666666665
2025-10-23,Alternative Pop,"Hip-Hop, Synth-Pop, Reggaeton / Dub",4,37693,0.6282166666666666
2025-10-23,Rock Argentino,"Hard Rock, Funk Rock, Folklore Rock",1,24917,0.41528333333333334
2025-10-23,Art Pop,"Indie Folk, Bedroom Pop",3,17768,0.29613333333333336
2025-10-23,Reggae,Roots Reggae,4,16450,0.27416666666666667
2025-10-23,Lo-Fi House,"Electronic, Chillwave",1,14350,0.23916666666666667
2025-10-23,Techno,"Progressive House, Trance, Electronic",1,3185,0.05308333333333334
2025-10-23,World Music,"Folk Latinoamericano, Acoustic Indie",2,3080,0.051333333333333335
2025-10-23,Indie Rock,"Experimental, Dream Pop, Lo-Fi",1,2893,0.048216666666666665
2025-10-23,Rock Argentino,"Art Rock, Jazz Rock, Folk Rock",2,2710,0.04516666666666667
2025-10-23,Alternative Rock,"Art Rock, Experimental / Electronic Rock",1,2670,0.0445
2025-10-23,Indie Pop / Synth-Pop,"Folk-Pop, Chamber Pop",1,2594,0.04323333333333333
2025-10-23,Indie Rock,"Punk Folk, Experimental Rock",1,2283,0.03805
2025-10-23,Rock Argentino,"Progressive Rock, Art Pop, Symphonic Rock",1,1853,0.030883333333333332
2025-10-23,Indie Rock,"Jangle Pop, Bedroom Pop, Psychedelic Pop",1,1734,0.0289
2025-10-23,Pop / R&B,"Dancehall, Trap R&B, Hip-Hop",1,1193,0.019883333333333333
2025-10-23,Classic Rock,"Singer-Songwriter, Pop Rock",1,1165,0.019416666666666665
2025-10-23,Folklore Argentino,"Canción Latinoamericana, Fusion Folk",1,1109,0.018483333333333334
2025-10-23,Folk Rock,"Singer-Songwriter, Classic Rock",2,1060,0.017666666666666667
2025-10-23,Rock Argentino,"Murga Rock, Candombe Rock, Blues Rock",1,844,0.014066666666666667
2025-10-23,Candombe Beat,"MPB Uruguay, Psych Folk",1,0,0.0
2025-10-23,Classic Rock,"Blues Rock, Roots Rock",1,0,0.0
2025-10-23,Indie Tropical,"Cumbia Pop, Funk Latino, Indie Rock",1,0,0.0
2025-10-23,Low Rock,"Alternative Rock, Jazz Rock, Blues Rock",1,0,0.0
2025-10-23,Rock Argentino,"Folk Rock, Progressive Rock",1,0,0.0
2025-10-23,Rock Argentino,"Pop Rock, Piano Rock",2,0,0.0
2025-10-23,Urbano Latino,"Alternative Hip-Hop, Industrial Rap, Post-Punk",1,0,0.0
2025-10-24,Rock Argentino,"Alternative Rock, Electro-Rock, Pop Rock",20,2994054,49.9009
2025-10-24,Rock Argentino,"Pop Rock, New Wave, Progressive Rock",3,627506,10.458433333333334
2025-10-24,Indie Rock,"Post-Punk, Space Rock, Noise Pop",5,303457,5.057616666666666
2025-10-24,MPB,"Pop Brasileño, Acoustic Fusion",1,233047,3.884116666666667
2025-10-24,Rock Latino,"Folk Rock, Progressive Rock",1,222512,3.7085333333333335
2025-10-24,Indie / Unmapped,Alternative / Various,3,221428,3.6904666666666666
2025-10-24,Rock Uruguayo,"Ska Rock, Punk Rock",1,205533,3.42555
2025-10-24,Indie Folk,Canción Latinoamericana,1,191321,3.1886833333333335
2025-10-24,Indie Pop,"Synth-Pop, Bedroom Pop",1,166950,2.7825
2025-10-24,Rock Argentino,"Art Rock, Jazz Rock, Folk Rock",2,80839,1.3473166666666665
2025-10-24,Synth-Pop,"New Wave, Pop Rock",3,67016,1.1169333333333333
2025-10-24,Canción de Autor,"Candombe Beat, Folk Uruguayo",1,35601,0.59335
2025-10-24,Rock Argentino,"Progressive Rock, Art Pop, Symphonic Rock",1,17739,0.29565
2025-10-24,Neo-Psychedelia,"Indie Rock, Space Rock, Experimental",1,7045,0.11741666666666667
2025-10-24,Rock Argentino,"Post-Punk, Hard Rock",1,2242,0.037366666666666666
2025-10-24,Pop Rock,"Funk Pop, Electro Funk",1,2237,0.037283333333333335
2025-10-24,Alternative Rock,"Dream Pop, Grunge",1,2234,0.037233333333333334
2025-10-24,Rock Argentino,"Pop Rock, Piano Rock",1,1872,0.0312
2025-10-24,Urbano Latino,"Reggaeton, Trap Latino, Synth-Pop, Mambo",1,1654,0.027566666666666666
2025-10-24,Rock Argentino,"Alternative Rock, Post-Punk, Shoegaze",1,1475,0.024583333333333332
2025-10-24,Indie Folk,"Acoustic, Singer-Songwriter",1,1308,0.0218
2025-10-24,Electro Pop,"Synth-Pop, House",1,1218,0.0203
2025-10-25,Indie / Unmapped,Alternative / Various,18,2193929,36.56548333333333
2025-10-25,Techno,"Progressive House, Trance, Electronic",1,456480,7.608
2025-10-25,Rock Latino,"Folk Rock, Progressive Rock",3,453446,7.557433333333334
2025-10-25,Indie Pop,"Canción de Autor, Art Pop",2,371699,6.194983333333333
2025-10-25,Indie Rock,"Garage Rock, Post-Punk",3,317135,5.285583333333333
2025-10-25,Rock Argentino,"Pop Rock, New Wave, Progressive Rock",1,280547,4.675783333333333
2025-10-25,Classic Rock,"Blues Rock, Roots Rock",1,274227,4.57045
2025-10-25,Canción de Autor,"Folktronica, Indie Folk",1,264919,4.415316666666667
2025-10-25,Indie Rock,"Post-Punk, Space Rock, Noise Pop",1,238311,3.97185
2025-10-25,Indie Tropical,"Cumbia Pop, Funk Latino, Indie Rock",2,226806,3.7801
2025-10-25,Post-Punk,"Gothic Rock, New Wave, Pop Rock",1,212533,3.5422166666666666
2025-10-25,Latin Fusion,"Indie Pop, Funk, Ska, Candombe Rock",1,205538,3.4256333333333333
2025-10-25,Alternative R&B,"Bedroom Pop, Funk, Indie Rock",1,185520,3.092
2025-10-25,Canción de Autor,"Indie Folk, Canción Platense",1,170307,2.83845
2025-10-25,Canción de Autor,"Candombe Beat, Folk Uruguayo",1,166113,2.76855
2025-10-25,Nueva Trova Cubana,"Trova, Canción de Autor",3,162446,2.7074333333333334
2025-10-25,Indie Pop / Synth-Pop,"Folk-Pop, Chamber Pop",1,110353,1.8392166666666667
2025-10-25,Rock Argentino,"Post-Punk, Hard Rock",1,22642,0.3773666666666667
2025-10-25,Indie Pop,"Jangle Pop, Post-Punk",2,11190,0.1865
2025-10-25,Rock Argentino,"Progressive Rock, Art Pop, Symphonic Rock",1,9533,0.15888333333333332
2025-10-25,Candombe Beat,"MPB Uruguay, Psych Folk",1,8640,0.144
2025-10-25,Urbano Latino,"Alternative Hip-Hop, Industrial Rap, Post-Punk",1,8410,0.14016666666666666
2025-10-25,Minimal Wave,"Post-Punk, Synth-Pop",1,7342,0.12236666666666667
2025-10-25,Urbano Latino,"Reggaeton, Trap Latino, Synth-Pop, Mambo",2,4840,0.08066666666666666
2025-10-25,Folklore Argentino,"Canción Latinoamericana, Fusion Folk",1,4480,0.07466666666666667
2025-10-25,Rock Argentino,"Art Rock, Alternative Rock, Electronic Fusion",1,4182,0.0697
2025-10-25,Canción de Autor,"Rock de Cámara, Experimental Folk",2,2962,0.04936666666666667
2025-10-25,Urbano Latino,"Alternative R&B, Trap Pop",1,2277,0.03795
2025-10-25,Indie Rock,"Lo-Fi, Noise Pop, Post-Punk",1,2134,0.03556666666666667
2025-10-25,Rock Argentino,"Art Rock, Jazz Rock, Folk Rock",1,2042,0.03403333333333333
2025-10-25,Rock Argentino,"Hard Rock, Blues Rock, Proto-Punk, Folk Progresivo",1,1913,0.03188333333333333
2025-10-25,World Music,"Folk Latinoamericano, Acoustic Indie",1,1556,0.025933333333333333
2025-10-25,Indie Rock,"Canción de Autor, Bedroom Pop",1,1430,0.023833333333333335
2025-10-25,Rock Argentino,"Pop Rock, Piano Rock",1,1400,0.023333333333333334
2025-10-25,Indie Rock,"Experimental, Dream Pop, Lo-Fi",1,1171,0.01951666666666667
2025-10-26,Indie / Unmapped,Alternative / Various,18,1006682,16.778033333333333
2025-10-26,Acoustic Folk,"Singer-Songwriter, Alternative Rock",2,495433,8.257216666666666
2025-10-26,MPB Latino / Fusion,"Funk, Candombe Fusion, Pop Experimental",2,338573,5.642883333333334
2025-10-26,Rock Stone,"Blues Rock, Rock and Roll",1,320640,5.344
2025-10-26,Freak Folk,"Indie Folk, Psych Folk",2,276999,4.61665
2025-10-26,Indie Rock,"Art Rock, Alternative Rock",1,273693,4.56155
2025-10-26,Alternative Hip-Hop,"Rap Rock, Urbano Latino, Fusion",1,252072,4.2012
2025-10-26,Rock Latino,"Folk Rock, Progressive Rock",2,241213,4.020216666666666
2025-10-26,Indie Pop,"Jangle Pop, Post-Punk",2,238586,3.976433333333333
2025-10-26,Folk Latinoamericano,"Bolero, Son Jarocho, Canción de Autor",1,233800,3.8966666666666665
2025-10-26,Indie Rock,"Jangle Pop, Bedroom Pop, Psychedelic Pop",1,231724,3.8620666666666668
2025-10-26,Indie Rock,"Lo-Fi, Alternative Rock",1,221333,3.6888833333333335
2025-10-26,Punk Rock,"Post-Punk, Garage Rock",1,220587,3.67645
2025-10-26,Rock Argentino,"Murga Rock, Candombe Rock, Blues Rock",1,212040,3.534
2025-10-26,Rock Argentino,"Art Rock, Jazz Rock, Folk Rock",2,206825,3.4470833333333335
2025-10-26,Indie Pop,"Canción de Autor, Art Pop",2,204427,3.4071166666666666
2025-10-26,Alternative Rock,"Funk Rock, Hard Rock",1,186148,3.1024666666666665
2025-10-26,Rock Argentino,"Pop Rock, New Wave, Progressive Rock",2,183885,3.06475
2025-10-26,Tango Canción,"Tango Fusion, Rock de Cámara",1,169787,2.8297833333333333
2025-10-26,Neo-Soul,"Soul, Ska / Reggae, R&B",1,169373,2.8228833333333334
2025-10-26,Rock Progresivo,"Symphonic Rock, Fusion",1,164440,2.740666666666667
2025-10-26,World Music,"Folk Latinoamericano, Acoustic Indie",2,153279,2.55465
2025-10-26,Indie Pop,"Indie Folk, Canción Pop / Canción Urbana",3,139453,2.3242166666666666
2025-10-26,Folklore Argentino,"Canción Latinoamericana, Fusion Folk",2,128906,2.1484333333333336
2025-10-26,Rock Argentino,"Latin Rock, Ska Rock, Cumbia Rock",2,54702,0.9117
2025-10-26,Canción de Autor,"Folktronica, Indie Folk",4,11833,0.19721666666666665
2025-10-26,Indie Pop,"R&B Urbano, Bedroom Pop",1,7487,0.12478333333333333
2025-10-26,Canción de Autor,"Indie Folk, Canción Platense",2,7144,0.11906666666666668
2025-10-26,New Wave,"Post-Punk, Pop Rock",2,5637,0.09394999999999999
2025-10-26,Indie Rock,"New Wave, Synth-Pop",1,5307,0.08845
2025-10-26,Electro-Tropical,"French Touch, Downtempo, House",1,5267,0.08778333333333334
2025-10-26,Indie Folk,"Canción Latinoamericana, Avant-Garde Pop",1,2285,0.03808333333333333
2025-10-26,Indie Pop,"Electro-Pop, Performático",1,2249,0.037483333333333334
2025-10-26,Canción de Autor,"Candombe Beat, Folk Uruguayo",1,1924,0.03206666666666667
2025-10-26,Urbano Latino,"Reggaeton, Trap Latino, Synth-Pop, Mambo",1,1723,0.028716666666666668
2025-10-26,Rock Argentino,"Alternative Rock, Funk Rock, Hard Rock",1,1485,0.02475
2025-10-26,Pop / R&B,"Dancehall, Trap R&B, Hip-Hop",1,1305,0.02175
2025-10-27,Indie / Unmapped,Alternative / Various,1,77043,1.28405
2025-10-28,Nuevo Flamenco,"Latin Alternative, Bolero Fusion, Experimental Pop",17,2812859,46.88098333333333
2025-10-28,Indie / Unmapped,Alternative / Various,11,1227047,20.450783333333334
2025-10-28,Urbano Latino,"Electro Funk, Alternative Trap, Hip-Hop",8,914826,15.2471
2025-10-28,Urbano Latino,"Reggaeton, Trap Latino, Synth-Pop, Mambo",6,461400,7.6899999999999995
2025-10-28,Hyperpop,"Dance-Pop, Synth-Pop, Electronic",4,425530,7.0921666666666665
2025-10-28,Rock Argentino,"Progressive Rock, Art Pop, Symphonic Rock",1,296648,4.944133333333333
2025-10-28,Alternative Hip-Hop,"Rap Rock, Urbano Latino, Fusion",1,234950,3.9158333333333335
2025-10-28,French House,"Electronic, Synth-Pop, Nu-Disco",1,232667,3.8777833333333334
2025-10-28,Alternative Rock,"Garage Rock Revival, Southern Rock",1,203347,3.3891166666666668
2025-10-28,Urbano Latino,"Alternative Hip-Hop, Industrial Rap, Post-Punk",1,185905,3.0984166666666666
2025-10-28,Indie Rock,"Art Rock, Alternative Rock",1,181733,3.0288833333333334
2025-10-28,Rock Argentino,"Alternative Rock, Electro-Rock, Pop Rock",1,158240,2.6373333333333333
2025-10-28,Dance-Pop,"Synth-Pop, Electro Pop",1,157625,2.627083333333333
2025-10-28,Art Pop,"Experimental Electronic, House",1,102933,1.71555
2025-10-28,Neo-Soul,"Bedroom Pop, R&B, Reggaeton Pop",1,34593,0.57655
2025-10-28,Proto-Punk,"Art Rock, Garage Rock, Psychedelic Rock",1,27203,0.45338333333333336
2025-10-28,Urbano Latino,"Hip-Hop, Funk Carioca, Boom Bap, Trap",1,24825,0.41375
2025-10-28,Techno,"Progressive House, Trance, Electronic",1,17243,0.2873833333333333
2025-10-28,Canción de Autor,"Indie Folk, Canción Platense",1,6823,0.11371666666666666
2025-10-28,Indie Rock,"Post-Punk, Space Rock, Noise Pop",1,6283,0.10471666666666667
2025-10-28,Rock Progresivo,"Symphonic Rock, Fusion",1,2528,0.042133333333333335
2025-10-28,Indie Pop,"R&B Urbano, Bedroom Pop",1,1553,0.025883333333333335
2025-10-28,Rock Argentino,"Post-Punk, New Wave, Darkwave",1,1373,0.022883333333333332
2025-10-28,Reggae,Roots Reggae,1,1343,0.022383333333333335
2025-10-29,Rock Argentino,"Art Rock, Alternative Rock, Electronic Fusion",1,171401,2.8566833333333332
2025-10-29,Indie Folk,"Acoustic, Singer-Songwriter",1,143280,2.388
2025-10-29,Urbano Latino,"Reggaeton, Trap Latino, Synth-Pop, Mambo",1,2640,0.044
2025-10-30,Indie / Unmapped,Alternative / Various,6,978417,16.30695
2025-10-30,Urbano Latino,"Reggaeton, Trap Latino, Synth-Pop, Mambo",3,732066,12.2011
2025-10-30,Nuevo Flamenco,"Latin Alternative, Bolero Fusion, Experimental Pop",6,607094,10.118233333333333
2025-10-30,Urbano Latino,"Hip-Hop, Funk Carioca, Boom Bap, Trap",2,305896,5.0982666666666665
2025-10-30,French House,"Electronic, Synth-Pop, Nu-Disco",1,293112,4.8852
2025-10-30,Alternative R&B,"Bedroom Pop, Funk, Indie Rock",1,232115,3.8685833333333335
2025-10-30,Urbano Latino,"Electro Funk, Alternative Trap, Hip-Hop",1,185896,3.0982666666666665
2025-10-30,Alternative Hip-Hop,"Rap Rock, Urbano Latino, Fusion",1,176395,2.9399166666666665
2025-10-30,Hyperpop,"Dance-Pop, Synth-Pop, Electronic",2,117630,1.9605000000000001
2025-10-30,Electro-Tropical,"French Touch, Downtempo, House",1,44164,0.7360666666666666
2025-10-30,Folk Latinoamericano,"Bolero, Son Jarocho, Canción de Autor",1,1203,0.02005
2025-10-30,Rock en Español,"Latin Alternative, Experimental Rock",1,132,0.0022
2025-10-31,Indie / Unmapped,Alternative / Various,10,1575501,26.25835
2025-10-31,Urbano Latino,"Electro Funk, Alternative Trap, Hip-Hop",19,1502992,25.049866666666667
2025-10-31,Urbano Latino,"Reggaeton, Trap Latino, Synth-Pop, Mambo",6,1073822,17.897033333333333
2025-10-31,Electro-Tropical,"French Touch, Downtempo, House",2,467120,7.785333333333334
2025-10-31,Nuevo Flamenco,"Latin Alternative, Bolero Fusion, Experimental Pop",3,425280,7.087999999999999
2025-10-31,Hyperpop,"Dance-Pop, Synth-Pop, Electronic",5,342180,5.702999999999999
2025-10-31,French House,"Electronic, Synth-Pop, Nu-Disco",1,301373,5.022883333333334
2025-10-31,Pop / R&B,"Dancehall, Trap R&B, Hip-Hop",2,221808,3.6968
2025-10-31,Alternative Hip-Hop,"Rap Rock, Urbano Latino, Fusion",2,178423,2.9737166666666663
2025-10-31,Urbano Latino,"Hip-Hop, Funk Carioca, Boom Bap, Trap",2,167920,2.7986666666666666
2025-10-31,Proto-Punk,"Art Rock, Garage Rock, Psychedelic Rock",1,28260,0.471
2025-10-31,Rock Argentino,"Progressive Rock, Art Pop, Symphonic Rock",1,14690,0.24483333333333332
2025-10-31,Pop Rock,"Britpop Argentino, New Wave",1,426,0.0071
2025-11-01,Indie / Unmapped,Alternative / Various,10,869477,14.491283333333334
2025-11-01,Indie Folk,"Acoustic, Singer-Songwriter",4,503522,8.392033333333332
2025-11-01,Alternative Hip-Hop,"Rap Rock, Urbano Latino, Fusion",2,414501,6.90835
2025-11-01,Rock Argentino,"Hard Rock, Funk Rock, Folklore Rock",1,325960,5.432666666666667
2025-11-01,Rock en Español,"Latin Alternative, Experimental Rock",1,308040,5.134
2025-11-01,French House,"Electronic, Synth-Pop, Nu-Disco",2,279774,4.6629
2025-11-01,Synth-Pop,"New Wave, Pop Rock",1,266987,4.449783333333333
2025-11-01,Canción de Autor,"Candombe Beat, Folk Uruguayo",1,264435,4.40725
2025-11-01,Punk Rock,"Post-Punk, Garage Rock",1,220587,3.67645
2025-11-01,Flamenco,"Nuevo Flamenco, Rumba Flamenca",1,211493,3.5248833333333334
2025-11-01,Folk,"Singer-Songwriter, Vocal Jazz",1,207507,3.45845
2025-11-01,Indie Rock,"Post-Punk, New Wave",1,206716,3.4452666666666665
2025-11-01,Rock Argentino,"Art Rock, Jazz Rock, Folk Rock",3,201640,3.360666666666667
2025-11-01,Nueva Trova Cubana,"Trova, Canción de Autor",1,201238,3.3539666666666665
2025-11-01,Folklore Argentino,"Canción Latinoamericana, Fusion Folk",1,198946,3.3157666666666668
2025-11-01,Neo-Soul,"R&B, Funk Calmo",1,184852,3.0808666666666666
2025-11-01,Indie Pop,"Synth-Pop, Bedroom Pop",1,166950,2.7825
2025-11-01,Alternative Rock,"Grunge, Psychedelic Rock",1,155320,2.5886666666666667
2025-11-01,Rock Argentino,"Hard Rock, Blues Rock, Proto-Punk, Folk Progresivo",1,9374,0.15623333333333334
2025-11-01,Canción de Autor,"Folktronica, Indie Folk",1,4424,0.07373333333333333
2025-11-01,World Music,"Folk Latinoamericano, Acoustic Indie",1,4083,0.06805
2025-11-01,Rock Argentino,"Pop Rock, New Wave, Progressive Rock",1,3688,0.06146666666666667
2025-11-01,Dream Pop,"Shoegaze, Post-Punk, Etherial Wave",1,3274,0.054566666666666666
2025-11-01,Rock Argentino,"Alternative Rock, Electro-Rock, Pop Rock",1,3108,0.0518
2025-11-01,Rock Argentino,"Psych Rock, Folk Rock, Canción de Autor",1,2899,0.04831666666666667
2025-11-01,Alternative Rock,"Funk Rock, Hard Rock",1,2540,0.042333333333333334
2025-11-01,Indie Rock,"Art Rock, Alternative Rock",1,2035,0.033916666666666664
2025-11-01,Classic Rock,"Garage Rock, Folk Rock, Proto-Punk",1,64,0.0010666666666666667
2025-11-02,Indie / Unmapped,Alternative / Various,49,5338233,88.97055
2025-11-02,Rock Argentino,"Pop Rock, New Wave, Progressive Rock",2,527253,8.78755
2025-11-02,Rock Argentino,"Alternative Rock, Electro-Rock, Pop Rock",6,461341,7.689016666666666
2025-11-02,Rock Latino,"Folk Rock, Progressive Rock",2,458659,7.644316666666667
2025-11-02,World Music,"Folk Latinoamericano, Acoustic Indie",2,285432,4.7572
2025-11-02,Rock Argentino,"Progressive Rock, Art Pop, Symphonic Rock",1,268321,4.472016666666667
2025-11-02,Art Pop,"Indie Folk, Bedroom Pop",1,266432,4.440533333333334
2025-11-02,Folk Rock,"Reggae Fusion, Canción Latinoamericana",1,254867,4.2477833333333335
2025-11-02,Glam Rock,"Art Rock, Proto-Punk",1,254173,4.2362166666666665
2025-11-02,Alternative Hip-Hop,"Rap Rock, Urbano Latino, Fusion",1,252072,4.2012
2025-11-02,Rock Argentino,"Art Rock, Alternative Rock, Electronic Fusion",1,240973,4.016216666666667
2025-11-02,Indie Rock,"Alternative Rock, Garage Rock",1,233947,3.8991166666666666
2025-11-02,Alternative Rock,"Funk Rock, Hard Rock",1,230343,3.83905
2025-11-02,Canción de Autor,"Folktronica, Indie Folk",1,206547,3.44245
2025-11-02,Folk,"Singer-Songwriter, Vocal Jazz",1,204187,3.4031166666666666
2025-11-02,Rock Progresivo,"Symphonic Rock, Fusion",2,201859,3.3643166666666664
2025-11-02,Nueva Trova Cubana,"Trova, Canción de Autor",1,144632,2.4105333333333334
2025-11-02,Rock Argentino,"Pop Rock, Piano Rock",2,143464,2.3910666666666667
2025-11-02,Canción de Autor,"Indie Folk, Canción Platense",2,118744,1.9790666666666665
2025-11-02,Indie Folk,"Americana, Acoustic",1,97051,1.6175166666666667
2025-11-02,Indie Tropical,"Cumbia Pop, Funk Latino, Indie Rock",1,88469,1.4744833333333334
2025-11-02,Urbano Latino,"Alternative Hip-Hop, Industrial Rap, Post-Punk",2,19721,0.3286833333333333
2025-11-02,Indie Rock,"Lo-Fi, Noise Pop, Post-Punk",1,17620,0.2936666666666667
2025-11-02,Hip-Hop,"Latin Rap, Chicano Rap, East Coast Hip-Hop",2,14880,0.248
2025-11-02,Folklore Argentino,"Canción Latinoamericana, Fusion Folk",1,10061,0.16768333333333332
2025-11-02,Indie Folk,"Canción Latinoamericana, Avant-Garde Pop",1,4704,0.0784
2025-11-02,Canción de Autor,"Candombe Beat, Folk Uruguayo",1,3373,0.056216666666666665
2025-11-02,Tango Canción,"Tango Fusion, Rock de Cámara",1,3128,0.05213333333333333
2025-11-02,Krautrock / Garage Rock,"Post-Punk, Psychedelic Rock",1,2853,0.04755
2025-11-02,Indie Pop,"R&B Urbano, Bedroom Pop",1,2815,0.04691666666666667
2025-11-02,Reggae,Roots Reggae,1,2579,0.04298333333333333
2025-11-02,Canción de Autor,"Rock de Cámara, Experimental Folk",1,1948,0.032466666666666665
2025-11-02,Rock Argentino,"Folk Rock, Progressive Rock",1,0,0.0
2025-11-03,Indie Rock,"Post-Punk, Space Rock, Noise Pop",1,3401,0.056683333333333336
2025-11-04,Indie / Unmapped,Alternative / Various,9,1261432,21.023866666666667
2025-11-04,Urbano Latino,"Electro Funk, Alternative Trap, Hip-Hop",5,632953,10.549216666666666
2025-11-04,Urbano Latino,"Reggaeton, Trap Latino, Synth-Pop, Mambo",4,627349,10.455816666666667
2025-11-04,Indie Rock,"Punk Folk, Experimental Rock",2,251084,4.184733333333333
2025-11-04,Hyperpop,"Dance-Pop, Synth-Pop, Electronic",1,178579,2.9763166666666665
2025-11-04,Alternative Hip-Hop,"Rap Rock, Urbano Latino, Fusion",1,156665,2.611083333333333
2025-11-04,Nuevo Flamenco,"Latin Alternative, Bolero Fusion, Experimental Pop",1,150600,2.51
2025-11-04,New Wave,"Power Pop, Synth-Pop",1,14220,0.237
2025-11-04,Rock Argentino,"Pop Rock, Piano Rock",1,3326,0.055433333333333334
2025-11-04,Indie Rock,"Post-Punk, Space Rock, Noise Pop",1,2348,0.03913333333333333
2025-11-04,Indie Pop / Synth-Pop,"Folk-Pop, Chamber Pop",1,1467,0.02445
2025-11-04,Latin Fusion,"Indie Pop, Funk, Ska, Candombe Rock",1,0,0.0
2025-11-05,Indie / Unmapped,Alternative / Various,14,2071045,34.51741666666667
2025-11-05,Nuevo Flamenco,"Latin Alternative, Bolero Fusion, Experimental Pop",16,1857535,30.958916666666667
2025-11-05,Electro-Pop,"Synth-Pop, Dance-Pop",7,1179736,19.662266666666667
2025-11-05,Urbano Latino,"Reggaeton, Trap Latino, Synth-Pop, Mambo",3,704625,11.74375
2025-11-05,Hyperpop,"Dance-Pop, Synth-Pop, Electronic",3,292519,4.8753166666666665
2025-11-05,Pop / R&B,"Trap, Contemporary R&B",1,197243,3.2873833333333335
2025-11-05,Electro-Tropical,"French Touch, Downtempo, House",1,190827,3.18045
2025-11-05,Urbano Latino,"Hip-Hop, Funk Carioca, Boom Bap, Trap",2,170352,2.8392
2025-11-05,Urbano Latino,"Electro Funk, Alternative Trap, Hip-Hop",1,154891,2.5815166666666665
2025-11-05,Dance-Pop,"Synth-Pop, Electro Pop",1,149422,2.4903666666666666
2025-11-05,Canción de Autor,"Folktronica, Indie Folk",1,24784,0.4130666666666667
2025-11-05,Rock Argentino,"Pop Rock, New Wave, Progressive Rock",1,7614,0.1269
2025-11-05,Techno,"Progressive House, Trance, Electronic",1,6045,0.10075
2025-11-05,Rock Argentino,"Alternative Rock, Electro-Rock, Pop Rock",1,1097,0.018283333333333332
2025-11-05,Folk Latinoamericano,"Bolero, Son Jarocho, Canción de Autor",1,853,0.014216666666666667
2025-11-06,Indie / Unmapped,Alternative / Various,23,3783650,63.060833333333335
2025-11-06,Nuevo Flamenco,"Latin Alternative, Bolero Fusion, Experimental Pop",18,2186939,36.44898333333333
2025-11-06,Electro-Pop,"Synth-Pop, Dance-Pop",2,340666,5.677766666666667
2025-11-06,Indie Rock,"Alternative Rock, Garage Rock",3,225275,3.754583333333333
2025-11-06,Urbano Latino,"Alternative Hip-Hop, Industrial Rap, Post-Punk",1,216837,3.61395
2025-11-06,Rock Argentino,"Alternative Rock, Electro-Rock, Pop Rock",2,12804,0.2134
2025-11-07,Indie / Unmapped,Alternative / Various,15,3303164,55.052733333333336
2025-11-07,Britpop,"Alternative Rock, Garage Rock",19,3282236,54.70393333333333
2025-11-07,Nuevo Flamenco,"Latin Alternative, Bolero Fusion, Experimental Pop",13,1709816,28.496933333333335
2025-11-07,Urbano Latino,"Reggaeton, Trap Latino, Synth-Pop, Mambo",1,250789,4.1798166666666665
2025-11-07,Indie Rock,"Indie Folk, Alternative Rock",1,200093,3.3348833333333334
2025-11-07,Urbano Latino,"Electro Funk, Alternative Trap, Hip-Hop",2,113428,1.8904666666666667
2025-11-07,Rock Argentino,"Folk Rock, Progressive Rock",1,10663,0.17771666666666666
2025-11-07,Art Pop,"Experimental Electronic, House",1,2940,0.049
2025-11-08,Nuevo Flamenco,"Latin Alternative, Bolero Fusion, Experimental Pop",20,3572482,59.54136666666667
2025-11-08,Indie / Unmapped,Alternative / Various,24,2565293,42.75488333333333
2025-11-08,Latin Alternative,"Flamenco Pop, Urbano Latino, Rumba",2,440986,7.349766666666667
2025-11-08,Flamenco,"Nuevo Flamenco, Rumba Flamenca",2,432699,7.211650000000001
2025-11-08,Indie Pop,"Indie Folk, Canción Pop / Canción Urbana",1,206106,3.4351
2025-11-08,Rock Argentino,"Alternative Rock, Electro-Rock, Pop Rock",1,2928,0.0488
2025-11-09,Indie / Unmapped,Alternative / Various,44,4060154,67.66923333333334
2025-11-09,Nuevo Flamenco,"Latin Alternative, Bolero Fusion, Experimental Pop",16,3056675,50.944583333333334
2025-11-09,Rock Argentino,"Pop Rock, New Wave, Progressive Rock",4,332550,5.5425
2025-11-09,Rock Argentino,"Murga Rock, Candombe Rock, Blues Rock",1,309680,5.161333333333333
2025-11-09,Urbano Latino,"Reggaeton, Trap Latino, Synth-Pop, Mambo",3,244444,4.074066666666667
2025-11-09,Funk / Hip-Hop,"Latin Funk, Rap Rock, R&B",1,234000,3.9
2025-11-09,Neo-Soul,"Bedroom Pop, R&B, Reggaeton Pop",1,207455,3.4575833333333335
2025-11-09,Rock Argentino,"Reggae Rock, Post-Punk",1,188000,3.1333333333333333
2025-11-09,Neo-Soul,"R&B, Funk Calmo",1,184852,3.0808666666666666
2025-11-09,Indie Pop,"Jangle Pop, Post-Punk",1,165533,2.7588833333333334
2025-11-09,Rock Argentino,"Alternative Rock, Electro-Rock, Pop Rock",2,160081,2.6680166666666665
2025-11-09,Indie Rock,"Canción de Autor, Bedroom Pop",1,137436,2.2906
2025-11-09,Indie Pop,"R&B Urbano, Bedroom Pop",1,137053,2.2842166666666666
2025-11-09,Proto-Punk,"Art Rock, Garage Rock, Psychedelic Rock",1,60443,1.0073833333333333
2025-11-09,French House,"Electronic, Synth-Pop, Nu-Disco",1,20474,0.34123333333333333
2025-11-09,Synth-Pop,"New Wave, Pop Rock",1,16762,0.27936666666666665
2025-11-09,Trova Rosarina,"Canción de Autor, Folk Rock",1,15775,0.2629166666666667
2025-11-09,Indie Pop,"Synth-Pop, Bedroom Pop",2,15584,0.2597333333333333
2025-11-09,Rock Argentino,"Progressive Rock, Art Pop, Symphonic Rock",1,12696,0.2116
2025-11-09,Folk Latinoamericano,"Bolero, Son Jarocho, Canción de Autor",1,8008,0.13346666666666668
2025-11-09,Alternative Rock,"Art Rock, Experimental / Electronic Rock",1,6959,0.11598333333333333
2025-11-09,Rock Argentino,"Folk Rock, Progressive Rock",2,6850,0.11416666666666667
2025-11-09,Rock Argentino,"Alternative Rock, Post-Punk, Shoegaze",1,6145,0.10241666666666667
2025-11-09,Reggae,Roots Reggae,1,4395,0.07325
2025-11-09,Rock Argentino,"Psych Rock, Folk Rock, Canción de Autor",1,4027,0.06711666666666667
2025-11-09,Indie Rock,"Art Rock, Alternative Rock",1,3587,0.059783333333333334
2025-11-09,Hyperpop,"Dance-Pop, Synth-Pop, Electronic",1,3480,0.058
2025-11-09,Canción de Autor,"Folktronica, Indie Folk",2,0,0.0
2025-11-09,Folklore Argentino,"Canción Latinoamericana, Fusion Folk",1,0,0.0
2025-11-09,Indie Folk,"Acoustic, Singer-Songwriter",1,0,0.0
2025-11-09,Indie Folk,"Canción Latinoamericana, Avant-Garde Pop",1,0,0.0
2025-11-09,Indie Pop,"Canción de Autor, Art Pop",2,0,0.0
2025-11-09,Indie Pop,Pop Urbano,1,0,0.0
2025-11-09,Indie Rock,"Art Rock, Synth-Pop, Dance Rock",1,0,0.0
2025-11-09,Indie Rock,"Experimental, Dream Pop, Lo-Fi",1,0,0.0
2025-11-09,Indie Rock,"Lo-Fi, Noise Pop, Post-Punk",1,0,0.0
2025-11-09,MPB Latino / Fusion,"Funk, Candombe Fusion, Pop Experimental",2,0,0.0
2025-11-09,Rock Argentino,"Art Rock, Jazz Rock, Folk Rock",1,0,0.0
2025-11-09,Rock Argentino,"Hard Rock, Heavy Blues",1,0,0.0
2025-11-09,World Music,"Folk Latinoamericano, Acoustic Indie",1,0,0.0
2025-11-10,Indie / Unmapped,Alternative / Various,47,4598267,76.63778333333333
2025-11-10,Urbano Latino,"Reggaeton, Trap Latino, Synth-Pop, Mambo",7,581315,9.688583333333334
2025-11-10,Nueva Trova Cubana,"Trova, Canción de Autor",4,471912,7.8652
2025-11-10,Techno,"Progressive House, Trance, Electronic",1,456480,7.608
2025-11-10,Indie Pop,"Dream Pop, Slowcore",2,335421,5.590350000000001
2025-11-10,Hyperpop,"Dance-Pop, Synth-Pop, Electronic",9,330007,5.500116666666667
2025-11-10,French House,"Electronic, Synth-Pop, Nu-Disco",1,301373,5.022883333333334
2025-11-10,Folklore Argentino,"Canción Latinoamericana, Fusion Folk",2,272562,4.5427
2025-11-10,Indie Rock,"Canción de Autor, Bedroom Pop",1,255998,4.266633333333333
2025-11-10,Electro-Tropical,"French Touch, Downtempo, House",7,250340,4.1723333333333334
2025-11-10,Urbano Latino,"Alternative Hip-Hop, Industrial Rap, Post-Punk",3,238596,3.9766000000000004
2025-11-10,Reggae,Roots Reggae,1,225652,3.760866666666667
2025-11-10,Rock Argentino,"Progressive Rock, Art Pop, Symphonic Rock",2,224693,3.744883333333333
2025-11-10,Punk Rock,"Post-Punk, Garage Rock",1,220587,3.67645
2025-11-10,World Music,"Folk Latinoamericano, Acoustic Indie",1,181799,3.0299833333333335
2025-11-10,Alternative Hip-Hop,"Rap Rock, Urbano Latino, Fusion",2,161044,2.6840666666666664
2025-11-10,Indie Pop,"Canción de Autor, Art Pop",1,140650,2.3441666666666667
2025-11-10,Rock Alternativo,"Experimental Folk, Post-Punk",2,108614,1.8102333333333331
2025-11-10,Canción de Autor,"Rock de Cámara, Experimental Folk",2,61633,1.0272166666666667
2025-11-10,Indie Pop,"Jangle Pop, Post-Punk",1,47308,0.7884666666666666
2025-11-10,Canción de Autor,"Indie Folk, Canción Platense",1,46254,0.7709
2025-11-10,Urbano Latino,"Electro Funk, Alternative Trap, Hip-Hop",4,30843,0.51405
2025-11-10,Urbano Latino,"Hip-Hop, Funk Carioca, Boom Bap, Trap",3,14292,0.23820000000000002
2025-11-10,Pop / R&B,"Dancehall, Trap R&B, Hip-Hop",3,10552,0.17586666666666667
2025-11-10,Rock Argentino,"Murga Rock, Candombe Rock, Blues Rock",1,7313,0.12188333333333333
2025-11-10,Hardcore Punk,"Melodic Hardcore, Alternative Rock",1,7200,0.12
2025-11-10,Pop / R&B,"Trap, Contemporary R&B",1,6591,0.10985
2025-11-10,Alternative Rock,"Garage Rock Revival, Southern Rock",2,5356,0.08926666666666666
2025-11-10,Bedroom Pop,"Indie Pop, Chicano Batman Folk, Chicano R&B",1,4116,0.0686
2025-11-10,Rock Argentino,"Alternative Rock, Electro-Rock, Pop Rock",2,4024,0.06706666666666666
2025-11-10,Dance-Pop,"Synth-Pop, Electro Pop",1,3938,0.06563333333333334
2025-11-10,Glam Rock,"Art Rock, Proto-Punk",1,3755,0.06258333333333334
2025-11-10,Indie Electronic,"Synth-Pop, Ambient",1,2113,0.03521666666666667
2025-11-10,New Wave,"Post-Punk, Pop Rock",1,2015,0.03358333333333333
2025-11-10,MPB Latino / Fusion,"Funk, Candombe Fusion, Pop Experimental",1,1476,0.0246
2025-11-10,Rock Argentino,"Folk Rock, Progressive Rock",1,23,0.00038333333333333334
2025-11-10,Rock Argentino,"Hard Rock, Funk Rock, Folklore Rock",1,23,0.00038333333333333334
2025-11-10,Alternative R&B,"Bedroom Pop, Funk, Indie Rock",1,0,0.0
2025-11-10,Alternative Rock,"Madchester, Gospel Rock, Neo-Psychedelia",1,0,0.0
2025-11-10,Indie Rock,"Post-Punk, New Wave",2,0,0.0
2025-11-10,Indie Tropical,"Cumbia Pop, Funk Latino, Indie Rock",1,0,0.0
2025-11-10,Nuevo Flamenco,"Latin Alternative, Bolero Fusion, Experimental Pop",4,0,0.0
2025-11-10,Proto-Punk,"Art Rock, Garage Rock, Psychedelic Rock",1,0,0.0
2025-11-10,Rock Argentino,"Alternative Rock, Funk Rock, Hard Rock",1,0,0.0
2025-11-10,Rock Argentino,"Hard Rock, Blues Rock, Proto-Punk, Folk Progresivo",1,0,0.0
2025-11-10,Rock Argentino,"Post-Punk, Hard Rock",1,0,0.0
2025-11-10,Rock Stone,"Blues Rock, Rock and Roll",1,0,0.0
2025-11-11,Nuevo Flamenco,"Latin Alternative, Bolero Fusion, Experimental Pop",9,1564129,26.068816666666667
2025-11-11,Classic Rock,"Garage Rock, Folk Rock, Proto-Punk",1,84,0.0014
2025-11-12,Indie / Unmapped,Alternative / Various,1,24800,0.41333333333333333
2025-11-12,Indie Rock,"Art Rock, Alternative Rock",1,267,0.00445
2025-11-13,Indie / Unmapped,Alternative / Various,59,1819294,30.321566666666666
2025-11-13,Nuevo Flamenco,"Latin Alternative, Bolero Fusion, Experimental Pop",9,1407376,23.456266666666668
2025-11-13,Indie Rock,"Punk Folk, Experimental Rock",3,493253,8.220883333333333
2025-11-13,Indie Rock,"Alternative Rock, Garage Rock",2,233947,3.8991166666666666
2025-11-13,Punk Rock,"Post-Punk, Garage Rock",1,217039,3.6173166666666665
2025-11-13,Indie Rock,"Post-Punk, Space Rock, Noise Pop",4,188653,3.144216666666667
2025-11-13,Rock Argentino,"Reggae Rock, Post-Punk",2,188000,3.1333333333333333
2025-11-13,Urbano Latino,"Electro Funk, Alternative Trap, Hip-Hop",1,185896,3.0982666666666665
2025-11-13,Glam Rock,"Art Rock, Proto-Punk",1,158794,2.6465666666666667
2025-11-13,Indie Pop,"R&B Urbano, Bedroom Pop",1,137053,2.2842166666666666
2025-11-13,Bedroom Pop,"Indie Pop, Chicano Batman Folk, Chicano R&B",1,126387,2.10645
2025-11-13,Alternative Rock,"Garage Rock Revival, Southern Rock",1,91510,1.5251666666666666
2025-11-13,Urbano Latino,"Reggaeton, Trap Latino, Synth-Pop, Mambo",3,23063,0.3843833333333333
2025-11-13,Indie Pop,"Dream Pop, Slowcore",2,14630,0.24383333333333335
2025-11-13,Folklore Argentino,"Canción Latinoamericana, Fusion Folk",2,9218,0.15363333333333334
2025-11-13,Electro-Pop,"Synth-Pop, Dance-Pop",2,8726,0.14543333333333333
2025-11-13,Proto-Punk,"Art Rock, Garage Rock, Psychedelic Rock",3,5822,0.09703333333333333
2025-11-13,Rock Argentino,"Pop Rock, New Wave, Progressive Rock",5,4520,0.07533333333333334
2025-11-13,Indie Pop,"Jangle Pop, Post-Punk",2,4037,0.06728333333333333
2025-11-13,Rock Argentino,"Murga Rock, Candombe Rock, Blues Rock",3,1627,0.027116666666666667
2025-11-13,Alternative Rock,"Art Rock, Experimental / Electronic Rock",1,1300,0.021666666666666667
2025-11-13,Trova Rosarina,"Canción de Autor, Folk Rock",1,1232,0.020533333333333334
2025-11-13,Indie Tropical,"Cumbia Pop, Funk Latino, Indie Rock",1,1184,0.019733333333333332
2025-11-13,Rock Argentino,"Alternative Rock, Electro-Rock, Pop Rock",4,995,0.016583333333333332
2025-11-13,Folk Latinoamericano,"Bolero, Son Jarocho, Canción de Autor",2,860,0.014333333333333333
2025-11-13,Rock Latino,"Folk Rock, Progressive Rock",1,145,0.002416666666666667
2025-11-13,Acoustic Folk,"Singer-Songwriter, Alternative Rock",1,0,0.0
2025-11-13,Alternative R&B,"Bedroom Pop, Funk, Indie Rock",1,0,0.0
2025-11-13,Alternative Rock,"Dream Pop, Grunge",1,0,0.0
2025-11-13,Alternative Rock,"Funk Rock, Hard Rock",2,0,0.0
2025-11-13,Alternative Rock,"Grunge, Psychedelic Rock",1,0,0.0
2025-11-13,Art Pop,"Experimental Electronic, House",1,0,0.0
2025-11-13,Britpop,"Alternative Rock, Garage Rock",1,0,0.0
2025-11-13,Canción de Autor,"Candombe Beat, Folk Uruguayo",1,0,0.0
2025-11-13,Classic Rock,"Blues Rock, Roots Rock",1,0,0.0
2025-11-13,Dream Pop,"Shoegaze, Post-Punk, Etherial Wave",1,0,0.0
2025-11-13,Electro Cumbia,"Tropical Bass, Latin Alternative",1,0,0.0
2025-11-13,Electro Pop,"Synth-Pop, House",1,0,0.0
2025-11-13,Electro-Tropical,"French Touch, Downtempo, House",4,0,0.0
2025-11-13,Folk Rock,"Singer-Songwriter, Classic Rock",1,0,0.0
2025-11-13,Funk / Hip-Hop,"Latin Funk, Rap Rock, R&B",1,0,0.0
2025-11-13,Grunge,"Alternative Rock, Classic Rock Revival",1,0,0.0
2025-11-13,Hip-Hop,"Latin Rap, Chicano Rap, East Coast Hip-Hop",1,0,0.0
2025-11-13,Indie Pop,"Dream Pop, R&B Soul",1,0,0.0
2025-11-13,Indie Pop,"Indie Folk, Canción Pop / Canción Urbana",1,0,0.0
2025-11-13,Indie Rock,"Afro-Pop Fusion, Art Pop",1,0,0.0
2025-11-13,Indie Rock,"Art Rock, Alternative Rock",3,0,0.0
2025-11-13,Indie Rock,"Art Rock, Synth-Pop, Dance Rock",3,0,0.0
2025-11-13,Indie Rock,"Indie Folk, Alternative Rock",2,0,0.0
2025-11-13,Indie Rock,"Lo-Fi, Noise Pop, Post-Punk",3,0,0.0
2025-11-13,Indie Rock,"New Wave, Synth-Pop",1,0,0.0
2025-11-13,Latin Fusion,"Indie Pop, Funk, Ska, Candombe Rock",2,0,0.0
2025-11-13,MPB Latino / Fusion,"Funk, Candombe Fusion, Pop Experimental",1,0,0.0
2025-11-13,Neo-Psychedelia,"Indie Rock, Space Rock, Experimental",5,0,0.0
2025-11-13,Nueva Trova Cubana,"Trova, Canción de Autor",2,0,0.0
2025-11-13,Pop Rock,"Funk Pop, Electro Funk",1,0,0.0
2025-11-13,Progressive Rock,"Psychedelic Rock, Art Rock",1,0,0.0
2025-11-13,Reggae,Roots Reggae,2,0,0.0
2025-11-13,Reggae Fusion,"Dub, Ska",1,0,0.0
2025-11-13,Rock Argentino,"Alternative Rock, Funk Rock, Hard Rock",2,0,0.0
2025-11-13,Rock Argentino,"Art Rock, Jazz Rock, Folk Rock",2,0,0.0
2025-11-13,Rock Argentino,"Hard Rock, Funk Rock, Folklore Rock",1,0,0.0
2025-11-13,Rock Argentino,"Hard Rock, Heavy Blues",1,0,0.0
2025-11-13,Rock Argentino,"Latin Rock, Ska Rock, Cumbia Rock",1,0,0.0
2025-11-13,Rock Argentino,"Post-Punk, Hard Rock",2,0,0.0
2025-11-13,Rock Argentino,"Progressive Rock, Art Pop, Symphonic Rock",1,0,0.0
2025-11-13,Rock Argentino,"Psych Rock, Folk Rock, Canción de Autor",2,0,0.0
2025-11-13,Rock Stone,"Blues Rock, Rock and Roll",1,0,0.0
2025-11-13,Rock and Roll,"Garage Rock, Blues Rock",1,0,0.0
2025-11-13,Rock en Español,"Latin Alternative, Experimental Rock",1,0,0.0
2025-11-13,Urbano Latino,"Hip-Hop, Funk Carioca, Boom Bap, Trap",1,0,0.0
2025-11-13,World Music,"Folk Latinoamericano, Acoustic Indie",1,0,0.0
2025-11-14,Indie / Unmapped,Alternative / Various,18,2699919,44.99865
2025-11-14,Nuevo Flamenco,"Latin Alternative, Bolero Fusion, Experimental Pop",11,1739894,28.998233333333335
2025-11-14,Rock Argentino,"Alternative Rock, Electro-Rock, Pop Rock",3,409605,6.82675
2025-11-14,Electro-Tropical,"French Touch, Downtempo, House",1,276293,4.604883333333333
2025-11-14,Indie Tropical,"Cumbia Pop, Funk Latino, Indie Rock",1,262978,4.3829666666666665
2025-11-14,Urbano Latino,"Electro Funk, Alternative Trap, Hip-Hop",1,185896,3.0982666666666665
2025-11-14,Neo-Soul,"R&B, Funk Calmo",1,184852,3.0808666666666666
2025-11-14,Flamenco,"Nuevo Flamenco, Rumba Flamenca",1,97480,1.6246666666666667
2025-11-14,Indie Rock,"Art Rock, Alternative Rock",1,92933,1.5488833333333334
2025-11-14,Rock Argentino,"Pop Rock, New Wave, Progressive Rock",10,75354,1.2559
2025-11-14,Rock Argentino,"Folk Rock, Progressive Rock",1,34800,0.58
2025-11-14,Britpop,"Alternative Rock, Garage Rock",1,31326,0.5221
2025-11-14,Bedroom Pop,"Indie Pop, Chicano Batman Folk, Chicano R&B",1,27135,0.45225
2025-11-14,Rock Argentino,"Progressive Rock, Art Pop, Symphonic Rock",1,5363,0.08938333333333333
2025-11-14,Folklore Argentino,"Canción Latinoamericana, Fusion Folk",1,3059,0.05098333333333333
2025-11-14,Hyperpop,"Dance-Pop, Synth-Pop, Electronic",2,2920,0.048666666666666664
2025-11-14,Indie Pop,"Jangle Pop, Post-Punk",1,2387,0.03978333333333333
2025-11-14,Indie Rock,"Punk Folk, Experimental Rock",2,1641,0.027350000000000003
2025-11-14,Urbano Latino,"Alternative Hip-Hop, Industrial Rap, Post-Punk",1,1590,0.0265
2025-11-14,Indie Pop / Synth-Pop,"Folk-Pop, Chamber Pop",1,1537,0.025616666666666666
2025-11-14,Urbano Latino,"Reggaeton, Trap Latino, Synth-Pop, Mambo",1,1047,0.01745
2025-11-15,Britpop,"Alternative Rock, Garage Rock",17,3926918,65.44863333333333
2025-11-15,World Music,"Folk Latinoamericano, Acoustic Indie",1,7672,0.12786666666666666
2025-11-15,Hyperpop,"Dance-Pop, Synth-Pop, Electronic",4,1624,0.027066666666666666
2025-11-16,Nuevo Flamenco,"Latin Alternative, Bolero Fusion, Experimental Pop",24,4645650,77.4275
2025-11-16,Britpop,"Alternative Rock, Garage Rock",28,2202790,36.713166666666666
2025-11-16,Indie / Unmapped,Alternative / Various,10,1850416,30.84026666666667
2025-11-16,Indie Rock,"Alternative Rock, Garage Rock",3,374293,6.238216666666666
2025-11-16,Hyperpop,"Dance-Pop, Synth-Pop, Electronic",2,266869,4.447816666666666
2025-11-16,Indie Rock,"Post-Punk, Space Rock, Noise Pop",1,233587,3.893116666666667
2025-11-16,Classic Rock,"Garage Rock, Folk Rock, Proto-Punk",1,201022,3.3503666666666665
2025-11-16,Proto-Punk,"Art Rock, Garage Rock, Psychedelic Rock",1,197827,3.2971166666666667
2025-11-16,Alternative Rock,"Dream Pop, Grunge",1,197379,3.28965
2025-11-16,Indie Rock,"Indie Folk, Alternative Rock",1,120200,2.0033333333333334
2025-11-16,Dream Pop,"Shoegaze, Post-Punk, Etherial Wave",1,117427,1.9571166666666666
2025-11-16,Urbano Latino,"Electro Funk, Alternative Trap, Hip-Hop",1,55910,0.9318333333333333
2025-11-16,Post-Punk,"Gothic Rock, New Wave, Pop Rock",2,29365,0.48941666666666667
2025-11-16,Rock Argentino,"Alternative Rock, Electro-Rock, Pop Rock",1,23095,0.3849166666666667
2025-11-16,Indie Rock,"Art Rock, Alternative Rock",1,23008,0.3834666666666667
2025-11-16,Indie Rock,"Art Rock, Synth-Pop, Dance Rock",6,11072,0.18453333333333333
2025-11-16,Indie Tropical,"Cumbia Pop, Funk Latino, Indie Rock",1,5755,0.09591666666666666
2025-11-16,Punk Rock,"Pop Punk, Alternative Rock",1,4572,0.0762
2025-11-16,Classic Rock,"Blues Rock, Roots Rock",1,4120,0.06866666666666667
2025-11-16,MPB,"Bossa Nova, Jazz Vocal",1,3445,0.057416666666666664
2025-11-16,Alternative Hip-Hop,"Rap Rock, Urbano Latino, Fusion",1,1155,0.01925
2025-11-16,Rock Argentino,"Art Rock, Jazz Rock, Folk Rock",1,847,0.014116666666666666
2025-11-17,Nuevo Flamenco,"Latin Alternative, Bolero Fusion, Experimental Pop",6,36260,0.6043333333333334
2025-11-17,Indie / Unmapped,Alternative / Various,2,25588,0.42646666666666666
2025-11-17,Britpop,"Alternative Rock, Garage Rock",1,20040,0.334
2025-11-17,Indie Rock,"Art Rock, Synth-Pop, Dance Rock",1,3139,0.052316666666666664
2025-11-17,Pop / R&B,"Dancehall, Trap R&B, Hip-Hop",1,70,0.0011666666666666668
2025-11-18,Indie / Unmapped,Alternative / Various,4,888490,14.808166666666667
2025-11-18,Hyperpop,"Dance-Pop, Synth-Pop, Electronic",5,586203,9.770050000000001
2025-11-18,Alternative Hip-Hop,"Rap Rock, Urbano Latino, Fusion",1,152480,2.541333333333333
2025-11-18,Rock Argentino,"Pop Rock, New Wave, Progressive Rock",1,77588,1.2931333333333332
2025-11-18,Indie Rock,"Art Rock, Synth-Pop, Dance Rock",1,392,0.006533333333333334
2025-11-18,Acoustic Folk,"Singer-Songwriter, Alternative Rock",1,183,0.00305
2025-11-19,Nuevo Flamenco,"Latin Alternative, Bolero Fusion, Experimental Pop",12,1852167,30.86945
2025-11-19,Indie / Unmapped,Alternative / Various,11,1166488,19.441466666666667
2025-11-19,Indie Rock,"Art Rock, Alternative Rock",1,217,0.0036166666666666665
2025-11-19,Indie Electronic,"Synth-Pop, Ambient",1,180,0.003
2025-11-19,Urbano Latino,"Hip-Hop, Funk Carioca, Boom Bap, Trap",1,0,0.0
2025-11-20,Indie Pop,"Indie Folk, Canción Pop / Canción Urbana",1,1320,0.022
2025-11-20,Indie Rock,"Lo-Fi, Noise Pop, Post-Punk",1,83,0.0013833333333333334
2025-11-20,Urbano Latino,"Hip-Hop, Funk Carioca, Boom Bap, Trap",1,0,0.0
2025-11-21,Rock Latino,"Folk Rock, Progressive Rock",2,263,0.004383333333333333
2025-11-22,Indie / Unmapped,Alternative / Various,6,975215,16.25358333333333
2025-11-22,Rock Argentino,"Pop Rock, New Wave, Progressive Rock",2,294995,4.9165833333333335
2025-11-22,Rock Argentino,"Post-Punk, Hard Rock",1,240107,4.001783333333333
2025-11-22,Nuevo Flamenco,"Latin Alternative, Bolero Fusion, Experimental Pop",2,219315,3.65525
2025-11-22,Indie Tropical,"Cumbia Pop, Funk Latino, Indie Rock",1,207610,3.460166666666667
2025-11-22,Indie Pop,"Canción de Autor, Art Pop",1,202250,3.370833333333333
2025-11-22,Indie Pop,"Jangle Pop, Post-Punk",2,165547,2.759116666666667
2025-11-22,Proto-Punk,"Art Rock, Garage Rock, Psychedelic Rock",1,134040,2.234
2025-11-22,Rock Uruguayo,"Ska Rock, Punk Rock",1,127313,2.1218833333333333
2025-11-22,Rock Argentino,"Progressive Rock, Art Pop, Symphonic Rock",1,125733,2.09555
2025-11-22,Indie Rock,"Experimental, Dream Pop, Lo-Fi",1,65890,1.0981666666666667
2025-11-22,Canción de Autor,"Indie Folk, Canción Platense",2,64407,1.07345
2025-11-22,Alternative Rock,"Funk Rock, Hard Rock",1,19468,0.3244666666666667
2025-11-22,Indie Rock,"Art Rock, Alternative Rock",1,6096,0.1016
2025-11-22,Indie Folk,"Americana, Acoustic",1,5389,0.08981666666666667
2025-11-22,Folk Latinoamericano,"Bolero, Son Jarocho, Canción de Autor",1,4031,0.06718333333333333
2025-11-22,Rock Argentino,"Hard Rock, Heavy Blues",1,1897,0.03161666666666667
2025-11-22,World Music,"Folk Latinoamericano, Acoustic Indie",1,1665,0.02775
2025-11-22,Urbano Latino,"Hip-Hop, Funk Carioca, Boom Bap, Trap",1,270,0.0045
2025-11-23,Indie / Unmapped,Alternative / Various,20,1435322,23.92203333333333
2025-11-23,MPB Latino / Fusion,"Funk, Candombe Fusion, Pop Experimental",3,605253,10.08755
2025-11-23,Rock Argentino,"Progressive Rock, Art Pop, Symphonic Rock",2,434296,7.238266666666666
2025-11-23,Electronic,"Tech House, Techno",1,410322,6.8387
2025-11-23,Indie Rock,"Post-Punk, Space Rock, Noise Pop",1,327739,5.462316666666666
2025-11-23,Alternative Rock,"Funk Rock, Hard Rock",1,248640,4.144
2025-11-23,Rock Argentino,"Art Rock, Jazz Rock, Folk Rock",1,201800,3.3633333333333333
2025-11-23,Indie Pop,"Jangle Pop, Post-Punk",2,200515,3.3419166666666666
2025-11-23,MPB,"Pop Brasileño, Acoustic Fusion",1,146073,2.43455
2025-11-23,Canción de Autor,"Candombe Beat, Folk Uruguayo",1,34969,0.5828166666666666
2025-11-23,Rock Argentino,"Pop Rock, Piano Rock",1,14802,0.2467
2025-11-23,Rock Argentino,"Murga Rock, Candombe Rock, Blues Rock",1,12282,0.2047
2025-11-23,Rock Argentino,"Alternative Rock, Electro-Rock, Pop Rock",2,9422,0.15703333333333333
2025-11-23,Urbano Latino,"Hip-Hop, Funk Carioca, Boom Bap, Trap",6,8071,0.13451666666666667
2025-11-23,Pop Rock,"Funk Pop, Electro Funk",1,6549,0.10915
2025-11-23,Rock Latino,"Folk Rock, Progressive Rock",1,5365,0.08941666666666667
2025-11-23,Indie Pop,"Canción de Autor, Art Pop",1,3917,0.06528333333333333
2025-11-23,Flamenco,"Nuevo Flamenco, Rumba Flamenca",1,2833,0.047216666666666664
2025-11-23,Rock Argentino,"Folk Rock, Progressive Rock",1,1727,0.028783333333333334
2025-11-23,Indie Pop,"Indie Folk, Canción Pop / Canción Urbana",1,1691,0.028183333333333335
2025-11-23,Rock Argentino,"Alternative Rock, Funk Rock, Hard Rock",1,1305,0.02175
2025-11-23,Rock Argentino,"Post-Punk, Hard Rock",1,1261,0.021016666666666666
2025-11-23,Folk Latinoamericano,"Bolero, Son Jarocho, Canción de Autor",1,1059,0.01765
2025-11-23,Electro-Pop,"Synth-Pop, Dance-Pop",1,1047,0.01745
2025-11-23,Reggae Fusion,"Dub, Ska",1,999,0.01665
2025-11-24,Rock en Español,"Latin Alternative, Experimental Rock",1,278573,4.642883333333334
2025-11-24,Indie Rock,"Lo-Fi, Alternative Rock",1,221333,3.6888833333333335
2025-11-24,Indie / Unmapped,Alternative / Various,3,210139,3.5023166666666667
2025-11-24,Indie Folk,Canción Latinoamericana,2,200036,3.3339333333333334
2025-11-24,Rock Argentino,"Latin Rock, Ska Rock, Cumbia Rock",1,180680,3.0113333333333334
2025-11-24,MPB,"Pop Brasileño, Acoustic Fusion",1,171360,2.856
2025-11-24,Canción de Autor,"Indie Folk, Canción Platense",1,1782,0.0297
2025-11-24,Indie Folk,"Acoustic, Singer-Songwriter",1,73,0.0012166666666666667
2025-11-25,Indie / Unmapped,Alternative / Various,15,2485990,41.433166666666665
2025-11-25,Rock Argentino,"Pop Rock, New Wave, Progressive Rock",3,571774,9.529566666666666
2025-11-25,Rock en Español,"Latin Alternative, Experimental Rock",1,308040,5.134
2025-11-25,Indie Rock,"Garage Rock, Post-Punk",2,276819,4.61365
2025-11-25,Rock Argentino,"Pop Rock, Piano Rock",1,273133,4.552216666666666
2025-11-25,Classic Rock,"Blues Rock, Roots Rock",1,262400,4.373333333333333
2025-11-25,Rock Argentino,"Art Rock, Jazz Rock, Folk Rock",1,215920,3.5986666666666665
2025-11-25,MPB,"Bossa Nova, Jazz Vocal",1,214004,3.5667333333333335
2025-11-25,Alternative Rock,"Singer-Songwriter, Folk Rock",1,205587,3.42645
2025-11-25,Indie Folk,Canción Latinoamericana,1,191321,3.1886833333333335
2025-11-25,Indie Pop,"Canción de Autor, Art Pop",1,175099,2.9183166666666667
2025-11-25,Canción de Autor,"Rock de Cámara, Experimental Folk",1,158404,2.640066666666667
2025-11-25,MPB Latino / Fusion,"Funk, Candombe Fusion, Pop Experimental",1,149387,2.4897833333333335
2025-11-25,Trova Rosarina,"Canción de Autor, Folk Rock",1,32253,0.53755
2025-11-25,Pop Rock,"Funk Pop, Electro Funk",4,3480,0.058
2025-11-25,Rock Stone,"Blues Rock, Rock and Roll",1,1436,0.023933333333333334
2025-11-25,Indie Pop,"Dream Pop, R&B Soul",1,1425,0.02375
2025-11-25,Indie Pop,"Indie Folk, Canción Pop / Canción Urbana",2,691,0.011516666666666666
2025-11-26,Indie / Unmapped,Alternative / Various,7,603961,10.066016666666666
2025-11-26,Folklore Argentino,"Canción Latinoamericana, Fusion Folk",2,535091,8.918183333333333
2025-11-26,Rock Argentino,"Alternative Rock, Electro-Rock, Pop Rock",2,476174,7.936233333333334
2025-11-26,Rock Argentino,"Art Rock, Jazz Rock, Folk Rock",2,377094,6.2849
2025-11-26,Nueva Trova Cubana,"Trova, Canción de Autor",1,336400,5.6066666666666665
2025-11-26,Acoustic Folk,"Singer-Songwriter, Alternative Rock",1,330933,5.51555
2025-11-26,Folk Latinoamericano,"Bolero, Son Jarocho, Canción de Autor",2,289558,4.825966666666666
2025-11-26,Tropicalismo,"Psychedelic Rock, Garage Rock",1,284987,4.749783333333333
2025-11-26,Proto-Punk,"Art Rock, Garage Rock, Psychedelic Rock",2,261159,4.352650000000001
2025-11-26,Latin Fusion,"Indie Pop, Funk, Ska, Candombe Rock",1,240300,4.005
2025-11-26,MPB Latino / Fusion,"Funk, Candombe Fusion, Pop Experimental",2,225080,3.751333333333333
2025-11-26,Rock Argentino,"Murga Rock, Candombe Rock, Blues Rock",1,212040,3.534
2025-11-26,Rock Argentino,"Hard Rock, Blues Rock, Proto-Punk, Folk Progresivo",1,184693,3.0782166666666666
2025-11-26,Urbano Latino,"Reggaeton, Trap Latino, Synth-Pop, Mambo",1,183685,3.0614166666666667
2025-11-26,Rock Argentino,"Pop Rock, New Wave, Progressive Rock",2,146729,2.4454833333333332
2025-11-26,Canción de Autor,"Indie Folk, Canción Platense",1,130880,2.1813333333333333
2025-11-26,Indie Pop,"Canción de Autor, Art Pop",1,106920,1.782
2025-11-26,Rock Argentino,"Pop Rock, Piano Rock",1,61326,1.0221
2025-11-26,Rock Argentino,"Hard Rock, Funk Rock, Folklore Rock",1,19609,0.32681666666666664
2025-11-26,Power Trio / Rock,"Hard Rock, Funk Rock, Fusion",1,3568,0.05946666666666667
2025-11-26,Pop Rock,"Funk Pop, Electro Funk",2,2224,0.037066666666666664
2025-11-26,Canción de Autor,"Folktronica, Indie Folk",2,706,0.011766666666666667
2025-11-26,Deep House,"Tropical House, Dance-Pop",1,87,0.00145
2025-11-27,Canción de Autor,"Rock de Cámara, Experimental Folk",1,145,0.002416666666666667
2025-11-27,Pop Rock,"Funk Pop, Electro Funk",1,0,0.0
2025-11-28,MPB,"Pop Brasileño, Acoustic Fusion",1,11248,0.18746666666666667
2025-11-28,Indie / Unmapped,Alternative / Various,1,84,0.0014
2025-11-29,Indie Rock,"Jangle Pop, Bedroom Pop, Psychedelic Pop",46,8531100,142.185
2025-11-29,Freak Folk,"Indie Folk, Psych Folk",33,2801123,46.685383333333334
2025-11-29,Indie / Unmapped,Alternative / Various,11,1391267,23.187783333333336
2025-11-29,Indie Rock,"Garage Rock, Post-Punk",10,1170237,19.50395
2025-11-29,Lo-Fi House,"Electronic, Chillwave",1,273059,4.550983333333333
2025-11-29,Indie Rock,"Art Rock, Synth-Pop, Dance Rock",1,246600,4.11
2025-11-29,Rock Argentino,"Alternative Rock, Electro-Rock, Pop Rock",1,245884,4.098066666666667
2025-11-29,Electro-Pop,"Synth-Pop, Dance-Pop",1,239400,3.99
2025-11-29,Pop Rock,"Funk Pop, Electro Funk",1,226841,3.780683333333333
2025-11-29,Folk Latinoamericano,"Bolero, Son Jarocho, Canción de Autor",1,208139,3.4689833333333335
2025-11-29,Canción de Autor,"Folktronica, Indie Folk",1,205107,3.41845
2025-11-29,Alternative Rock,"Funk Rock, Hard Rock",1,186148,3.1024666666666665
2025-11-29,Urbano Latino,"Reggaeton, Trap Latino, Synth-Pop, Mambo",1,173119,2.8853166666666668
2025-11-29,Indie Folk,"Acoustic, Singer-Songwriter",2,172080,2.868
2025-11-29,Indie Rock,"Post-Punk, Space Rock, Noise Pop",1,146467,2.441116666666667
2025-11-29,Nuevo Flamenco,"Latin Alternative, Bolero Fusion, Experimental Pop",1,112280,1.8713333333333333
2025-11-29,Britpop,"Alternative Rock, Garage Rock",3,95307,1.58845
2025-11-29,Urbano Latino,"Alternative Hip-Hop, Industrial Rap, Post-Punk",1,68336,1.1389333333333334
2025-11-29,Rock Argentino,"Folk Rock, Progressive Rock",1,62707,1.0451166666666667
2025-11-29,Pop / R&B,"Dancehall, Trap R&B, Hip-Hop",1,22873,0.38121666666666665
2025-11-29,Latin Fusion,"Indie Pop, Funk, Ska, Candombe Rock",4,18452,0.3075333333333333
2025-11-29,Rock Argentino,"Art Rock, Jazz Rock, Folk Rock",1,16993,0.28321666666666667
2025-11-29,Hard Rock,"Blues Rock, Folk Rock, Heavy Metal Primigenio",1,4724,0.07873333333333334
2025-11-29,Folktronica,"Experimental Electronic, Art Pop",1,96,0.0016
2025-11-30,Nuevo Flamenco,"Latin Alternative, Bolero Fusion, Experimental Pop",14,2254323,37.57205
2025-11-30,Indie / Unmapped,Alternative / Various,25,1883283,31.38805
2025-11-30,Britpop,"Alternative Rock, Garage Rock",12,1547917,25.798616666666668
2025-11-30,Rock Argentino,"Post-Punk, Hard Rock",3,640129,10.668816666666666
2025-11-30,Indie Rock,"Art Rock, Alternative Rock",2,404164,6.736066666666667
2025-11-30,Folktronica,"Experimental Electronic, Art Pop",1,335240,5.5873333333333335
2025-11-30,World Music,"Folk Latinoamericano, Acoustic Indie",2,311479,5.191316666666666
2025-11-30,Rock Argentino,"Progressive Rock, Art Pop, Symphonic Rock",1,296648,4.944133333333333
2025-11-30,Alternative Rock,"Funk Rock, Hard Rock",1,280933,4.682216666666666
2025-11-30,Rock Argentino,"Pop Rock, Piano Rock",3,274079,4.567983333333333
2025-11-30,Art Pop,"Indie Folk, Bedroom Pop",2,266480,4.441333333333334
2025-11-30,Rock Argentino,"Hard Rock, Funk Rock, Folklore Rock",1,259105,4.318416666666667
2025-11-30,Alternative Rock,"Madchester, Gospel Rock, Neo-Psychedelia",2,246346,4.105766666666667
2025-11-30,Canción de Autor,"Folktronica, Indie Folk",1,206547,3.44245
2025-11-30,Rock Uruguayo,"Ska Rock, Punk Rock",2,205566,3.4261
2025-11-30,Canción de Autor,"Rock de Cámara, Experimental Folk",2,202016,3.3669333333333333
2025-11-30,Acoustic Folk,"Singer-Songwriter, Alternative Rock",1,185963,3.0993833333333334
2025-11-30,New Wave,"Post-Punk, Pop Rock",1,184093,3.068216666666667
2025-11-30,Indie Rock,"Art Rock, Synth-Pop, Dance Rock",1,170000,2.8333333333333335
2025-11-30,Progressive Rock,"Psychedelic Rock, Art Rock",1,169560,2.826
2025-11-30,Canción de Autor,"Candombe Beat, Folk Uruguayo",2,166131,2.76885
2025-11-30,Canción de Autor,"Indie Folk, Canción Platense",1,116845,1.9474166666666666
2025-11-30,Rock Argentino,"Murga Rock, Candombe Rock, Blues Rock",1,80791,1.3465166666666666
2025-11-30,Rock Argentino,"Alternative Rock, Electro-Rock, Pop Rock",2,57525,0.95875
2025-11-30,Bedroom Pop,"Indie Pop, Chicano Batman Folk, Chicano R&B",1,43881,0.73135
2025-11-30,Electro Pop,"Synth-Pop, House",1,23966,0.3994333333333333
2025-11-30,Nueva Trova Cubana,"Trova, Canción de Autor",2,12000,0.2
2025-11-30,Alternative Rock,"Dream Pop, Grunge",1,9202,0.15336666666666668
2025-11-30,Rock Progresivo,"Symphonic Rock, Fusion",1,8199,0.13665
2025-11-30,Rock Argentino,"Pop Rock, New Wave, Progressive Rock",1,6923,0.11538333333333334
2025-11-30,Urbano Latino,"Electro Funk, Alternative Trap, Hip-Hop",1,6477,0.10795
2025-11-30,Indie Folk,"Acoustic, Singer-Songwriter",1,6428,0.10713333333333333
2025-11-30,Indie Pop,"Canción de Autor, Art Pop",1,5581,0.09301666666666666
2025-11-30,Pop Rock,"Funk Pop, Electro Funk",1,5068,0.08446666666666666
2025-11-30,Rock Argentino,"Hard Rock, Blues Rock, Proto-Punk, Folk Progresivo",1,1191,0.01985
2025-12-01,Indie / Unmapped,Alternative / Various,10,969898,16.164966666666665
2025-12-01,Indie Pop,"R&B Urbano, Bedroom Pop",1,137053,2.2842166666666666
2025-12-01,Electro-Tropical,"French Touch, Downtempo, House",1,34128,0.5688
2025-12-01,Classic Rock,"Garage Rock, Folk Rock, Proto-Punk",1,66,0.0011
2025-12-02,Indie Pop,"Canción de Autor, Art Pop",15,2242321,37.37201666666667
2025-12-02,Indie / Unmapped,Alternative / Various,9,225868,3.7644666666666664
2025-12-02,Rock Argentino,"Pop Rock, Piano Rock",1,13046,0.21743333333333334
2025-12-02,Folklore Argentino,"Canción Latinoamericana, Fusion Folk",2,9657,0.16095
2025-12-02,Canción de Autor,"Rock de Cámara, Experimental Folk",1,4717,0.07861666666666667
2025-12-02,Britpop,"Alternative Rock, Garage Rock",1,0,0.0
2025-12-03,Funk / Hip-Hop,"Latin Funk, Rap Rock, R&B",1,1363,0.022716666666666666
2025-12-03,Rock Argentino,"Hard Rock, Funk Rock, Folklore Rock",1,983,0.016383333333333333
2025-12-03,Indie / Unmapped,Alternative / Various,1,480,0.008
2025-12-04,Indie Rock,"Punk Folk, Experimental Rock",1,228,0.0038
2025-12-04,Electro-Tropical,"French Touch, Downtempo, House",1,223,0.0037166666666666667
2025-12-05,Indie / Unmapped,Alternative / Various,2,253683,4.22805
2025-12-05,Freak Folk,"Indie Folk, Psych Folk",2,211438,3.523966666666667
2025-12-05,Canción de Autor,"Jazz Fusion, Folklore Fusion, Pop Rock",1,16125,0.26875
2025-12-05,Folktronica,"Experimental Electronic, Art Pop",1,2280,0.038
2025-12-05,Rock Argentino,"Pop Rock, New Wave, Progressive Rock",1,1012,0.016866666666666665
2025-12-06,Indie / Unmapped,Alternative / Various,60,6902025,115.03375
2025-12-06,Nueva Trova Cubana,"Trova, Canción de Autor",10,931345,15.522416666666667
2025-12-06,Indie Rock,"Canción de Autor, Bedroom Pop",2,443512,7.391866666666667
2025-12-06,Rock Argentino,"Alternative Rock, Electro-Rock, Pop Rock",2,410880,6.848
2025-12-06,Rock Argentino,"Art Rock, Alternative Rock, Electronic Fusion",1,388480,6.474666666666667
2025-12-06,Rock Argentino,"Hard Rock, Heavy Blues",1,307387,5.123116666666666
2025-12-06,MPB Latino / Fusion,"Funk, Candombe Fusion, Pop Experimental",4,307199,5.119983333333333
2025-12-06,Folk Rock,"Reggae Fusion, Canción Latinoamericana",2,300638,5.010633333333334
2025-12-06,Rock Argentino,"Progressive Rock, Art Pop, Symphonic Rock",1,296648,4.944133333333333
2025-12-06,Rock Argentino,"Pop Rock, Piano Rock",1,258960,4.316
2025-12-06,Rock Argentino,"Post-Punk, Hard Rock",2,242081,4.034683333333333
2025-12-06,Rock Argentino,"Pop Rock, New Wave, Progressive Rock",1,188507,3.141783333333333
2025-12-06,Canción de Autor,"Rock de Cámara, Experimental Folk",1,187847,3.1307833333333335
2025-12-06,Rock Argentino,"Psych Rock, Folk Rock, Canción de Autor",1,98053,1.6342166666666667
2025-12-06,Contemporary R&B,"Neo-Soul, Alternative R&B",1,27127,0.45211666666666667
2025-12-06,Electro-Pop,"Synth-Pop, Dance-Pop",2,11513,0.19188333333333335
2025-12-06,Freak Folk,"Indie Folk, Psych Folk",1,7626,0.1271
2025-12-06,Rock Argentino,"Hard Rock, Funk Rock, Folklore Rock",1,3156,0.0526
2025-12-06,Indie Rock,"Art Rock, Alternative Rock",1,2876,0.047933333333333335
2025-12-06,Rock Argentino,"Murga Rock, Candombe Rock, Blues Rock",1,0,0.0
2025-12-07,Rock Latino,"Folk Rock, Progressive Rock",8,1488804,24.8134
2025-12-07,Indie / Unmapped,Alternative / Various,10,1424161,23.736016666666668
2025-12-07,Latin Fusion,"Indie Pop, Funk, Ska, Candombe Rock",5,825305,13.755083333333333
2025-12-07,Indie Tropical,"Cumbia Pop, Funk Latino, Indie Rock",2,362161,6.036016666666667
2025-12-07,Rock Argentino,"Murga Rock, Candombe Rock, Blues Rock",1,338000,5.633333333333334
2025-12-07,Indie Rock,"Post-Punk, Space Rock, Noise Pop",1,4102,0.06836666666666667
2025-12-07,Rock Argentino,"Alternative Rock, Electro-Rock, Pop Rock",1,294,0.0049
2025-12-08,Rock Latino,"Folk Rock, Progressive Rock",10,1894180,31.569666666666667
2025-12-08,Indie / Unmapped,Alternative / Various,10,1293603,21.56005
2025-12-08,Latin Fusion,"Indie Pop, Funk, Ska, Candombe Rock",4,841351,14.022516666666666
2025-12-08,Indie Tropical,"Cumbia Pop, Funk Latino, Indie Rock",2,427612,7.1268666666666665
2025-12-08,Rock Argentino,"Murga Rock, Candombe Rock, Blues Rock",1,338000,5.633333333333334
2025-12-08,MPB Latino / Fusion,"Funk, Candombe Fusion, Pop Experimental",2,175853,2.930883333333333
2025-12-08,Indie Rock,"Post-Punk, Space Rock, Noise Pop",1,17263,0.2877166666666667
2025-12-08,Electro Cumbia,"Tropical Bass, Latin Alternative",2,5061,0.08435000000000001
2025-12-09,Indie / Unmapped,Alternative / Various,18,2755293,45.921549999999996
2025-12-09,Folktronica,"Experimental Electronic, Art Pop",1,264747,4.41245
2025-12-09,Folk Rock,"Reggae Fusion, Canción Latinoamericana",1,166173,2.76955
2025-12-09,Rock Argentino,"Alternative Rock, Electro-Rock, Pop Rock",1,160747,2.679116666666667
2025-12-09,Indie Pop,"Canción de Autor, Art Pop",1,18853,0.31421666666666664
2025-12-09,Urbano Latino,"Reggaeton, Trap Latino, Synth-Pop, Mambo",1,2191,0.03651666666666667
2025-12-09,Nuevo Flamenco,"Latin Alternative, Bolero Fusion, Experimental Pop",1,1390,0.023166666666666665
2025-12-09,Rock Argentino,"Pop Rock, New Wave, Progressive Rock",1,127,0.002116666666666667
2025-12-10,Indie / Unmapped,Alternative / Various,16,2287135,38.118916666666664
2025-12-10,Folk Rock,"Reggae Fusion, Canción Latinoamericana",1,166173,2.76955
2025-12-10,Indie Pop,"Synth-Pop, Bedroom Pop",1,81783,1.36305
2025-12-10,Synth-Pop,"Shoegaze, Ambient Electronic, Post-Rock",1,19158,0.3193
2025-12-10,Electronic,"Tech House, Techno",1,956,0.015933333333333334
2025-12-10,Rock Latino,"Folk Rock, Progressive Rock",1,151,0.0025166666666666666
2025-12-11,Indie / Unmapped,Alternative / Various,35,5677871,94.63118333333334
2025-12-11,Indie Rock,"Jangle Pop, Bedroom Pop, Psychedelic Pop",1,422613,7.04355
2025-12-11,Acoustic Folk,"Singer-Songwriter, Alternative Rock",1,307730,5.128833333333334
2025-12-11,Indie Tropical,"Cumbia Pop, Funk Latino, Indie Rock",1,259915,4.331916666666666
2025-12-11,Rock Argentino,"Pop Rock, New Wave, Progressive Rock",1,231733,3.862216666666667
2025-12-11,Folk Rock,"Reggae Fusion, Canción Latinoamericana",1,166173,2.76955
2025-12-11,Indie Pop,"Canción de Autor, Art Pop",1,140650,2.3441666666666667
2025-12-11,Urbano Latino,"Electro Funk, Alternative Trap, Hip-Hop",1,108188,1.8031333333333333
2025-12-11,Folk Latinoamericano,"Bolero, Son Jarocho, Canción de Autor",1,40793,0.6798833333333333
2025-12-11,Indie Rock,"Art Rock, Synth-Pop, Dance Rock",1,33383,0.5563833333333333
2025-12-11,Alternative Rock,"Madchester, Gospel Rock, Neo-Psychedelia",1,23492,0.39153333333333334
2025-12-11,Rock Argentino,"Hard Rock, Funk Rock, Folklore Rock",1,13678,0.22796666666666668
2025-12-11,Nueva Trova Cubana,"Trova, Canción de Autor",1,2833,0.047216666666666664
2025-12-12,Canción de Autor,"Indie Folk, Canción Platense",1,123,0.00205
2025-12-13,Indie / Unmapped,Alternative / Various,28,4882680,81.378
2025-12-13,Rock Argentino,"Art Rock, Alternative Rock, Electronic Fusion",20,2244818,37.41363333333334
2025-12-13,Rock Latino,"Folk Rock, Progressive Rock",10,1208576,20.142933333333332
2025-12-13,Latin Fusion,"Indie Pop, Funk, Ska, Candombe Rock",5,917598,15.2933
2025-12-13,Indie Folk,Canción Latinoamericana,6,627448,10.457466666666667
2025-12-13,Rock Argentino,"Art Rock, Jazz Rock, Folk Rock",3,624375,10.40625
2025-12-13,Indie Pop,"Canción de Autor, Art Pop",3,474606,7.9101
2025-12-13,Rock Argentino,"Murga Rock, Candombe Rock, Blues Rock",2,473173,7.886216666666667
2025-12-13,Rock Argentino,"Alternative Rock, Electro-Rock, Pop Rock",3,364246,6.070766666666667
2025-12-13,MPB Latino / Fusion,"Funk, Candombe Fusion, Pop Experimental",2,338573,5.642883333333334
2025-12-13,Rock Argentino,"Progressive Rock, Art Pop, Symphonic Rock",2,308036,5.133933333333333
2025-12-13,Rock Argentino,"Pop Rock, New Wave, Progressive Rock",1,301200,5.02
2025-12-13,Indie Rock,"Art Rock, Alternative Rock",2,288333,4.80555
2025-12-13,Rock Argentino,"Pop Rock, Piano Rock",1,258960,4.316
2025-12-13,Nuevo Flamenco,"Latin Alternative, Bolero Fusion, Experimental Pop",2,252934,4.215566666666667
2025-12-13,World Music,"Folk Latinoamericano, Acoustic Indie",1,240449,4.007483333333333
2025-12-13,Pop Rock,"Synth-Pop, Electro Pop",1,236120,3.9353333333333333
2025-12-13,Electro Pop,"Synth-Pop, House",1,228000,3.8
2025-12-13,Freak Folk,"Indie Folk, Psych Folk",2,211737,3.52895
2025-12-13,Rock Argentino,"Reggae Rock, Post-Punk",1,210027,3.50045
2025-12-13,Neo-Soul,"Bedroom Pop, R&B, Reggaeton Pop",1,207455,3.4575833333333335
2025-12-13,Indie Pop / Synth-Pop,"Folk-Pop, Chamber Pop",2,200690,3.3448333333333333
2025-12-13,Proto-Punk,"Art Rock, Garage Rock, Psychedelic Rock",1,197827,3.2971166666666667
2025-12-13,Synth-Pop,"New Wave, Pop Rock",1,195245,3.2540833333333334
2025-12-13,Indie Rock,"Art Rock, Synth-Pop, Dance Rock",1,186336,3.1056
2025-12-13,Alternative Rock,"Funk Rock, Hard Rock",1,186148,3.1024666666666665
2025-12-13,Neo-Soul,"R&B, Funk Calmo",1,184852,3.0808666666666666
2025-12-13,Rock Argentino,"Hard Rock, Blues Rock, Proto-Punk, Folk Progresivo",2,184708,3.0784666666666665
2025-12-13,Folk Latinoamericano,"Bolero, Son Jarocho, Canción de Autor",2,174174,2.9029
2025-12-13,Indie Tropical,"Cumbia Pop, Funk Latino, Indie Rock",1,169413,2.82355
2025-12-13,Indie Rock,"Post-Punk, New Wave",1,155688,2.5948
2025-12-13,Folk Rock,"Reggae Fusion, Canción Latinoamericana",2,148540,2.4756666666666667
2025-12-13,Indie Rock,"Garage Rock, Post-Punk",1,123019,2.050316666666667
2025-12-13,Rock Argentino,"Alternative Rock, Funk Rock, Hard Rock",2,53190,0.8865
2025-12-13,Funk / Hip-Hop,"Latin Funk, Rap Rock, R&B",1,40597,0.6766166666666666
2025-12-13,Reggae,Roots Reggae,1,29124,0.4854
2025-12-13,Reggae Fusion,"Dub, Ska",1,6506,0.10843333333333334
2025-12-13,Indie Rock,"Experimental, Dream Pop, Lo-Fi",1,6285,0.10475
2025-12-13,Canción de Autor,"Indie Folk, Canción Platense",1,6051,0.10085
2025-12-13,Canción de Autor,"Jazz Fusion, Folklore Fusion, Pop Rock",1,3223,0.05371666666666667
2025-12-13,Indie Folk,"Acoustic, Singer-Songwriter",1,3144,0.0524
2025-12-13,Nueva Trova Cubana,"Trova, Canción de Autor",1,2673,0.04455
2025-12-13,Rock Alternativo,"Experimental Folk, Post-Punk",1,1355,0.022583333333333334
2025-12-13,Canción de Autor,"Rock de Cámara, Experimental Folk",1,1159,0.019316666666666666
2025-12-13,Rock Argentino,"Hard Rock, Funk Rock, Folklore Rock",1,1040,0.017333333333333333
2025-12-13,MPB (Música Popular Brasileña),"Bossa Nova, Samba",1,708,0.0118
2025-12-14,Indie / Unmapped,Alternative / Various,70,8775530,146.25883333333334
2025-12-14,World Music,"Folk Latinoamericano, Acoustic Indie",8,1570368,26.172800000000002
2025-12-14,Indie Folk,Canción Latinoamericana,4,611009,10.183483333333333
2025-12-14,Freak Folk,"Indie Folk, Psych Folk",3,291298,4.854966666666667
2025-12-14,Rock Argentino,"Progressive Rock, Art Pop, Symphonic Rock",1,278914,4.6485666666666665
2025-12-14,Indie Rock,"Art Rock, Synth-Pop, Dance Rock",1,250538,4.175633333333334
2025-12-14,Indie Rock,"Punk Rock, Krautrock Argentino",1,241297,4.021616666666667
2025-12-14,Electro-Pop,"Synth-Pop, Dance-Pop",1,239400,3.99
2025-12-14,Indie Rock,"Post-Punk, Space Rock, Noise Pop",1,233587,3.893116666666667
2025-12-14,Indie Rock,"Lo-Fi, Noise Pop, Post-Punk",2,229872,3.8312
2025-12-14,Rock Latino,"Folk Rock, Progressive Rock",1,228942,3.8157
2025-12-14,Glam Rock,"Art Rock, Proto-Punk",1,222517,3.7086166666666665
2025-12-14,Indie Rock,"Garage Rock, Post-Punk",1,179809,2.9968166666666667
2025-12-14,Rock Argentino,"Alternative Rock, Funk Rock, Hard Rock",1,179307,2.98845
2025-12-14,Canción de Autor,"Candombe Beat, Folk Uruguayo",2,147093,2.45155
2025-12-14,Rock Alternativo,"Experimental Folk, Post-Punk",2,135896,2.2649333333333335
2025-12-14,Indie Pop,"Indie Folk, Canción Pop / Canción Urbana",1,129727,2.1621166666666665
2025-12-14,Rock Argentino,"Pop Rock, New Wave, Progressive Rock",1,128493,2.14155
2025-12-14,Bedroom Pop,"Indie Pop, Chicano Batman Folk, Chicano R&B",1,123657,2.06095
2025-12-14,MPB Latino / Fusion,"Funk, Candombe Fusion, Pop Experimental",1,109459,1.8243166666666666
2025-12-14,Rock Progresivo,"Symphonic Rock, Fusion",1,74263,1.2377166666666666
2025-12-14,Electro-Tropical,"French Touch, Downtempo, House",1,58260,0.971
2025-12-14,Folk Latinoamericano,"Bolero, Son Jarocho, Canción de Autor",1,40181,0.6696833333333333
2025-12-14,Reggae,Roots Reggae,1,24532,0.40886666666666666
2025-12-14,Canción de Autor,"Indie Pop, Folk Latinoamericano",2,15021,0.25035
2025-12-14,Art Pop,"Experimental Electronic, House",1,8667,0.14445
2025-12-14,Indie Rock,"New Wave, Synth-Pop",1,5052,0.0842
2025-12-14,Rock Argentino,"Post-Punk, New Wave, Darkwave",1,4957,0.08261666666666667
2025-12-14,Indie Folk,"Canción Latinoamericana, Avant-Garde Pop",1,2476,0.04126666666666667
2025-12-14,Candombe Beat,"MPB Uruguay, Psych Folk",1,1489,0.024816666666666667
2025-12-15,Indie / Unmapped,Alternative / Various,7,821114,13.685233333333334
2025-12-15,Folklore Argentino,"Canción Latinoamericana, Fusion Folk",4,430053,7.16755
2025-12-15,Rock Alternativo,"Experimental Folk, Post-Punk",1,315928,5.265466666666667
2025-12-15,MPB Latino / Fusion,"Funk, Candombe Fusion, Pop Experimental",2,298974,4.982900000000001
2025-12-15,Indie Tropical,"Cumbia Pop, Funk Latino, Indie Rock",1,262978,4.3829666666666665
2025-12-15,Pop Rock,"Funk Pop, Electro Funk",1,234083,3.9013833333333334
2025-12-15,Latin Fusion,"Indie Pop, Funk, Ska, Candombe Rock",2,215343,3.58905
2025-12-15,Indie Pop,"Indie Folk, Canción Pop / Canción Urbana",2,140229,2.33715
2025-12-15,Indie Folk,Canción Latinoamericana,3,140185,2.3364166666666666
2025-12-15,Rock Latino,"Folk Rock, Progressive Rock",2,97133,1.6188833333333332
2025-12-15,Rock Uruguayo,"Ska Rock, Punk Rock",1,41043,0.68405
2025-12-15,Indie Electronic,"Synth-Pop, Ambient",1,26493,0.44155
2025-12-15,Rock Argentino,"Art Rock, Alternative Rock, Electronic Fusion",1,13873,0.23121666666666665
2025-12-15,Rock Argentino,"Murga Rock, Candombe Rock, Blues Rock",1,12993,0.21655
2025-12-15,Urbano Latino,"Reggaeton, Trap Latino, Synth-Pop, Mambo",1,8283,0.13805
2025-12-15,Rock Argentino,"Alternative Rock, Electro-Rock, Pop Rock",1,2743,0.04571666666666667
2025-12-16,Indie Rock,"Indie Folk, Alternative Rock",1,150,0.0025
2025-12-16,Folklore Argentino,"Canción Latinoamericana, Fusion Folk",1,54,0.0009
2025-12-17,Contemporary R&B,"Neo-Soul, Alternative R&B",1,279204,4.6534
2025-12-17,Rock en Español,"Latin Alternative, Experimental Rock",1,278573,4.642883333333334
2025-12-17,Indie / Unmapped,Alternative / Various,2,235133,3.9188833333333335
2025-12-17,Folk Latinoamericano,"Bolero, Son Jarocho, Canción de Autor",1,29,0.00048333333333333334
2025-12-18,Rock Argentino,"Reggae Rock, Post-Punk",1,3343,0.055716666666666664
2025-12-18,Folklore Argentino,"Canción Latinoamericana, Fusion Folk",1,176,0.0029333333333333334
2025-12-18,Rock Argentino,"Progressive Rock, Art Pop, Symphonic Rock",1,81,0.00135
2025-12-19,Indie / Unmapped,Alternative / Various,2,213,0.00355
2025-12-20,Hard Rock,"Blues Rock, Folk Rock, Heavy Metal Primigenio",26,3527634,58.7939
2025-12-20,Indie / Unmapped,Alternative / Various,56,3007520,50.12533333333333
2025-12-20,Latin Fusion,"Indie Pop, Funk, Ska, Candombe Rock",2,543844,9.064066666666665
2025-12-20,Funk / Hip-Hop,"Latin Funk, Rap Rock, R&B",3,290511,4.84185
2025-12-20,Rock Argentino,"Hard Rock, Funk Rock, Folklore Rock",2,288326,4.805433333333334
2025-12-20,Indie Folk,Canción Latinoamericana,2,279792,4.6632
2025-12-20,Rock Argentino,"Hard Rock, Heavy Blues",2,274851,4.58085
2025-12-20,Rock Argentino,"Murga Rock, Candombe Rock, Blues Rock",2,264441,4.40735
2025-12-20,Rock Progresivo,"Symphonic Rock, Fusion",1,237707,3.9617833333333334
2025-12-20,Indie Rock,"Experimental, Dream Pop, Lo-Fi",1,223706,3.7284333333333333
2025-12-20,Rock Stone,"Blues Rock, Rock and Roll",2,222112,3.7018666666666666
2025-12-20,World Music,"Folk Latinoamericano, Acoustic Indie",3,219783,3.66305
2025-12-20,Canción de Autor,"Folktronica, Indie Folk",4,215184,3.5864
2025-12-20,Indie Rock,"Garage Rock, Post-Punk",2,202812,3.3802
2025-12-20,Alternative Rock,"Dream Pop, Grunge",1,202320,3.372
2025-12-20,Rock Argentino,"Progressive Rock, Art Pop, Symphonic Rock",2,198776,3.3129333333333335
2025-12-20,Indie Folk,"Acoustic, Singer-Songwriter",1,196893,3.28155
2025-12-20,Rock Argentino,"Alternative Rock, Funk Rock, Hard Rock",2,194195,3.2365833333333334
2025-12-20,Indie Pop,"Canción de Autor, Art Pop",3,183757,3.0626166666666665
2025-12-20,Indie Rock,"Art Rock, Synth-Pop, Dance Rock",5,180230,3.0038333333333336
2025-12-20,Nuevo Flamenco,"Latin Alternative, Bolero Fusion, Experimental Pop",1,155436,2.5906
2025-12-20,Canción de Autor,"Indie Folk, Canción Platense",1,129375,2.15625
2025-12-20,Indie Tropical,"Cumbia Pop, Funk Latino, Indie Rock",3,81625,1.3604166666666666
2025-12-20,Folk Latinoamericano,"Bolero, Son Jarocho, Canción de Autor",1,46808,0.7801333333333333
2025-12-20,Rock Latino,"Folk Rock, Progressive Rock",2,33264,0.5544
2025-12-20,Canción de Autor,"Rock de Cámara, Experimental Folk",1,17015,0.28358333333333335
2025-12-20,Rock Argentino,"Pop Rock, New Wave, Progressive Rock",3,12714,0.21189999999999998
2025-12-20,Rock Argentino,"Pop Rock, Piano Rock",3,10464,0.1744
2025-12-20,Nueva Trova Cubana,"Trova, Canción de Autor",3,7805,0.13008333333333333
2025-12-20,Rock Argentino,"Art Rock, Jazz Rock, Folk Rock",3,4559,0.07598333333333333
2025-12-20,Bedroom Pop,"Indie Pop, Chicano Batman Folk, Chicano R&B",1,3384,0.0564
2025-12-20,Rock Argentino,"Art Rock, Alternative Rock, Electronic Fusion",2,3123,0.05205
2025-12-20,Folklore Argentino,"Canción Latinoamericana, Fusion Folk",1,2819,0.046983333333333335
2025-12-20,Indie Rock,"Post-Punk, Space Rock, Noise Pop",1,2795,0.04658333333333333
2025-12-20,Grunge,"Alternative Rock, Classic Rock Revival",1,2773,0.04621666666666667
2025-12-20,Indie Pop,"Psicodelia, Bedroom Pop",1,2567,0.04278333333333333
2025-12-20,Art Pop,"Experimental Electronic, House",1,2377,0.03961666666666667
2025-12-20,Urbano Latino,"Hip-Hop, Funk Carioca, Boom Bap, Trap",1,1795,0.029916666666666668
2025-12-20,Candombe Beat,"MPB Uruguay, Psych Folk",1,1720,0.028666666666666667
2025-12-20,Pop Rock,"Britpop Argentino, New Wave",1,1520,0.025333333333333333
2025-12-20,Indie Rock,"Lo-Fi, Noise Pop, Post-Punk",1,1456,0.024266666666666666
2025-12-20,Indie Folk,"Canción Latinoamericana, Avant-Garde Pop",1,1294,0.021566666666666668
2025-12-20,Proto-Punk,"Art Rock, Garage Rock, Psychedelic Rock",1,1249,0.020816666666666667
2025-12-20,Indie Pop,"R&B Urbano, Bedroom Pop",1,1164,0.0194
2025-12-20,Música Cubana,"Son Cubano, Guajira",1,1133,0.018883333333333332
2025-12-20,Power Trio / Rock,"Hard Rock, Funk Rock, Fusion",1,1113,0.01855
2025-12-20,Neo-Soul,"R&B, Funk Calmo",1,1104,0.0184
2025-12-20,Reggae Fusion,"Dub, Ska",1,1051,0.017516666666666666
2025-12-20,Rock Argentino,"Folk Rock, Progressive Rock",1,1041,0.01735
2025-12-20,Folktronica,"Experimental Electronic, Art Pop",1,943,0.015716666666666667
2025-12-20,Alternative Rock,"Art Rock, Experimental / Electronic Rock",1,882,0.0147
2025-12-20,Classic Rock,"Blues Rock, Roots Rock",1,813,0.01355
2025-12-20,Folk Rock,"Reggae Fusion, Canción Latinoamericana",1,0,0.0
2025-12-20,Post-Punk,"Gothic Rock, New Wave, Pop Rock",1,0,0.0
2025-12-20,Urbano Latino,"Electro Funk, Alternative Trap, Hip-Hop",1,0,0.0
2025-12-21,Indie Folk,Canción Latinoamericana,1,30307,0.5051166666666667
2025-12-22,Indie / Unmapped,Alternative / Various,4,335176,5.586266666666667
2025-12-22,Rock Stone,"Blues Rock, Rock and Roll",1,320640,5.344
2025-12-22,Punk Rock,"Post-Punk, Garage Rock",1,220600,3.6766666666666667
2025-12-22,Electro-Pop,"Synth-Pop, Dance-Pop",1,210378,3.5063
2025-12-22,Proto-Punk,"Art Rock, Garage Rock, Psychedelic Rock",1,197827,3.2971166666666667
2025-12-22,Indie Folk,Canción Latinoamericana,2,139896,2.3316
2025-12-22,Indie Electronic,"Synth-Pop, Ambient",1,34226,0.5704333333333333
2025-12-22,Glam Rock,"Art Rock, Proto-Punk",1,4193,0.06988333333333334
2025-12-22,Alternative Rock,"Madchester, Gospel Rock, Neo-Psychedelia",1,3220,0.05366666666666667
2025-12-22,Techno,"Progressive House, Trance, Electronic",1,2203,0.03671666666666667
2025-12-22,Indie Rock,"Garage Rock, Post-Punk",1,1689,0.02815
2025-12-22,Alternative Rock,"Garage Rock Revival, Southern Rock",1,1409,0.023483333333333332
2025-12-22,MPB Latino / Fusion,"Funk, Candombe Fusion, Pop Experimental",1,1337,0.022283333333333332
2025-12-23,Indie / Unmapped,Alternative / Various,1,15396,0.2566
2025-12-23,Indie Folk,Canción Latinoamericana,1,4640,0.07733333333333334
2025-12-24,Rock Argentino,"Art Rock, Jazz Rock, Folk Rock",1,261485,4.358083333333333
2025-12-24,Indie Pop,"Indie Folk, Canción Pop / Canción Urbana",1,129727,2.1621166666666665
2025-12-24,Grunge,"Alternative Rock, Classic Rock Revival",1,24550,0.4091666666666667
2025-12-25,Indie / Unmapped,Alternative / Various,17,648850,10.814166666666667
2025-12-25,Hard Rock,"Blues Rock, Folk Rock, Heavy Metal Primigenio",1,337110,5.6185
2025-12-25,Synth-Pop,"New Wave, Pop Rock",1,236813,3.9468833333333335
2025-12-25,Rock Argentino,"Art Rock, Alternative Rock, Electronic Fusion",1,216413,3.606883333333333
2025-12-25,Rock Argentino,"Alternative Rock, Electro-Rock, Pop Rock",1,213907,3.5651166666666665
2025-12-25,Rock Argentino,"Hard Rock, Blues Rock, Proto-Punk, Folk Progresivo",2,212949,3.54915
2025-12-25,Rock Argentino,"Art Rock, Jazz Rock, Folk Rock",1,209893,3.4982166666666665
2025-12-25,Latin Fusion,"Indie Pop, Funk, Ska, Candombe Rock",1,209604,3.4934
2025-12-25,Indie Rock,"Experimental, Dream Pop, Lo-Fi",1,188639,3.1439833333333334
2025-12-25,Rock Argentino,"Pop Rock, New Wave, Progressive Rock",1,184667,3.0777833333333335
2025-12-25,Indie Rock,"Post-Punk, Space Rock, Noise Pop",1,146467,2.441116666666667
2025-12-25,Rock Argentino,"Reggae Rock, Post-Punk",1,58687,0.9781166666666666
2025-12-25,Canción de Autor,"Jazz Fusion, Folklore Fusion, Pop Rock",1,22871,0.3811833333333333
2025-12-25,Canción de Autor,"Candombe Beat, Folk Uruguayo",1,6145,0.10241666666666667
2025-12-25,Urbano Latino,"Alternative Hip-Hop, Industrial Rap, Post-Punk",1,3636,0.0606
2025-12-25,Canción de Autor,"Rock de Cámara, Experimental Folk",1,1747,0.029116666666666666
2025-12-25,Rock Progresivo,"Symphonic Rock, Fusion",1,1354,0.022566666666666665
2025-12-26,Indie / Unmapped,Alternative / Various,30,2719676,45.327933333333334
2025-12-26,Folk Rock,"Reggae Fusion, Canción Latinoamericana",4,586266,9.7711
2025-12-26,Indie Tropical,"Cumbia Pop, Funk Latino, Indie Rock",2,221017,3.6836166666666665
2025-12-26,Latin Fusion,"Indie Pop, Funk, Ska, Candombe Rock",1,153620,2.5603333333333333
2025-12-26,Canción de Autor,"Folktronica, Indie Folk",2,99196,1.6532666666666667
2025-12-26,World Music,"Folk Latinoamericano, Acoustic Indie",1,13802,0.23003333333333334
2025-12-26,Canción de Autor,"Indie Folk, Canción Platense",2,3196,0.05326666666666667
2025-12-26,Rock Argentino,"Reggae Rock, Post-Punk",1,1345,0.022416666666666668
2025-12-26,Folklore Argentino,"Canción Latinoamericana, Fusion Folk",1,953,0.015883333333333333
2025-12-27,Indie / Unmapped,Alternative / Various,46,5469012,91.1502
2025-12-27,Freak Folk,"Indie Folk, Psych Folk",4,441051,7.350849999999999
2025-12-27,Rock Argentino,"Pop Rock, New Wave, Progressive Rock",3,355279,5.921316666666667
2025-12-27,Neo-Soul,"Soul, Ska / Reggae, R&B",1,278000,4.633333333333334
2025-12-27,Funk / Hip-Hop,"Latin Funk, Rap Rock, R&B",1,277707,4.62845
2025-12-27,MPB Latino / Fusion,"Funk, Candombe Fusion, Pop Experimental",2,244406,4.073433333333333
2025-12-27,Indie Rock,"Art Rock, Alternative Rock",2,242833,4.0472166666666665
2025-12-27,Indie Pop,"Canción de Autor, Art Pop",4,240999,4.01665
2025-12-27,Rock Latino,"Folk Rock, Progressive Rock",1,229717,3.8286166666666666
2025-12-27,Neo-Soul,"R&B, Funk Calmo",1,220752,3.6792
2025-12-27,Canción de Autor,"Folktronica, Indie Folk",1,205107,3.41845
2025-12-27,Indie Rock,"Art Rock, Synth-Pop, Dance Rock",2,192516,3.2086
2025-12-27,Lo-Fi House,"Electronic, Chillwave",1,134651,2.2441833333333334
2025-12-27,Electro Cumbia,"Tropical Bass, Latin Alternative",2,112703,1.8783833333333333
2025-12-27,Folktronica,"Experimental Electronic, Art Pop",2,30495,0.50825
2025-12-27,Indie Folk,Canción Latinoamericana,2,17428,0.29046666666666665
2025-12-27,Rock Argentino,"Art Rock, Alternative Rock, Electronic Fusion",1,16050,0.2675
2025-12-27,Electro Pop,"Synth-Pop, House",1,7508,0.12513333333333335
2025-12-28,Indie / Unmapped,Alternative / Various,62,7894572,131.5762
2025-12-28,Freak Folk,"Indie Folk, Psych Folk",9,1981276,33.02126666666667
2025-12-28,Britpop,"Alternative Rock, Garage Rock",7,1498172,24.969533333333334
2025-12-28,Funk / Hip-Hop,"Latin Funk, Rap Rock, R&B",8,885640,14.760666666666665
2025-12-28,Rock Argentino,"Reggae Rock, Post-Punk",2,376194,6.2699
2025-12-28,Indie Folk,Canción Latinoamericana,2,279792,4.6632
2025-12-28,Rock en Español,"Latin Alternative, Experimental Rock",1,278573,4.642883333333334
2025-12-28,Electro Cumbia,"Tropical Bass, Latin Alternative",1,273947,4.565783333333333
2025-12-28,Rock Argentino,"Pop Rock, New Wave, Progressive Rock",1,269067,4.48445
2025-12-28,Alternative Rock,"Grunge, Psychedelic Rock",1,246307,4.1051166666666665
2025-12-28,Pop Rock,"Funk Pop, Electro Funk",1,243186,4.0531
2025-12-28,Rock Uruguayo,"Ska Rock, Punk Rock",1,205533,3.42555
2025-12-28,Folklore Argentino,"Canción Latinoamericana, Fusion Folk",1,198020,3.300333333333333
2025-12-28,Rock Argentino,"Hard Rock, Funk Rock, Folklore Rock",1,184973,3.082883333333333
2025-12-28,Nuevo Flamenco,"Latin Alternative, Bolero Fusion, Experimental Pop",1,155436,2.5906
2025-12-28,MPB Latino / Fusion,"Funk, Candombe Fusion, Pop Experimental",1,149387,2.4897833333333335
2025-12-28,Indie Rock,"Post-Punk, Space Rock, Noise Pop",2,89728,1.4954666666666667
2025-12-28,World Music,"Folk Latinoamericano, Acoustic Indie",2,84680,1.4113333333333333
2025-12-28,Rock Argentino,"Latin Rock, Ska Rock, Cumbia Rock",1,66357,1.10595
2025-12-28,Pop / R&B,"Dancehall, Trap R&B, Hip-Hop",1,38985,0.64975
2025-12-28,Rock Argentino,"Alternative Rock, Electro-Rock, Pop Rock",3,36912,0.6152
2025-12-28,Indie Tropical,"Cumbia Pop, Funk Latino, Indie Rock",1,14372,0.23953333333333332
2025-12-28,Acoustic Folk,"Singer-Songwriter, Alternative Rock",1,13745,0.22908333333333333
2025-12-28,Rock Argentino,"Alternative Rock, Funk Rock, Hard Rock",1,12175,0.20291666666666666
2025-12-28,Rock Argentino,"Art Rock, Alternative Rock, Electronic Fusion",2,10464,0.1744
2025-12-28,Alternative Rock,"Art Rock, Experimental / Electronic Rock",1,7429,0.12381666666666667
2025-12-28,Indie Rock,"Canción de Autor, Bedroom Pop",1,6845,0.11408333333333333
2025-12-28,Canción de Autor,"Candombe Beat, Folk Uruguayo",1,6795,0.11325
2025-12-28,Minimal Wave,"Post-Punk, Synth-Pop",1,5606,0.09343333333333333
2025-12-28,Rock Alternativo,"Experimental Folk, Post-Punk",1,3152,0.052533333333333335
2025-12-29,Indie / Unmapped,Alternative / Various,19,2092501,34.87501666666667
2025-12-29,Funk / Hip-Hop,"Latin Funk, Rap Rock, R&B",2,555414,9.2569
2025-12-29,Britpop,"Alternative Rock, Garage Rock",1,284520,4.742
2025-12-29,Rock Uruguayo,"Ska Rock, Punk Rock",1,260524,4.342066666666667
2025-12-29,Nueva Trova Cubana,"Trova, Canción de Autor",1,225984,3.7664
2025-12-29,Indie Rock,"Experimental, Dream Pop, Lo-Fi",1,223706,3.7284333333333333
2025-12-29,Flamenco,"Nuevo Flamenco, Rumba Flamenca",1,211493,3.5248833333333334
2025-12-29,Urbano Latino,"Alternative Hip-Hop, Industrial Rap, Post-Punk",1,193701,3.22835
2025-12-29,Rock Argentino,"Hard Rock, Funk Rock, Folklore Rock",1,184973,3.082883333333333
2025-12-29,Techno,"Progressive House, Trance, Electronic",1,161423,2.690383333333333
2025-12-29,Nuevo Flamenco,"Latin Alternative, Bolero Fusion, Experimental Pop",1,155436,2.5906
2025-12-29,Canción de Autor,"Jazz Fusion, Folklore Fusion, Pop Rock",1,142058,2.3676333333333335
2025-12-29,Indie Folk,Canción Latinoamericana,1,139896,2.3316
2025-12-29,Indie Rock,"Post-Punk, Space Rock, Noise Pop",1,88880,1.4813333333333334
2025-12-29,MPB,"Pop Brasileño, Acoustic Fusion",2,33692,0.5615333333333333
2025-12-29,Indie Rock,"Punk Folk, Experimental Rock",1,27226,0.45376666666666665
2025-12-29,Rock Argentino,"Art Rock, Alternative Rock, Electronic Fusion",1,21846,0.3641
2025-12-29,Proto-Punk,"Art Rock, Garage Rock, Psychedelic Rock",1,11566,0.19276666666666667
2025-12-29,Electro-Tropical,"French Touch, Downtempo, House",2,11006,0.18343333333333334
2025-12-29,Canción de Autor,"Rock de Cámara, Experimental Folk",1,10703,0.17838333333333334
2025-12-29,Reggae,Roots Reggae,2,10254,0.1709
2025-12-29,Canción de Autor,"Folktronica, Indie Folk",2,7124,0.11873333333333333
2025-12-29,Indie Folk,"Acoustic, Singer-Songwriter",1,4889,0.08148333333333334
2025-12-29,Canción de Autor,"Candombe Beat, Folk Uruguayo",1,4708,0.07846666666666667
2025-12-29,Indie Rock,"Lo-Fi, Noise Pop, Post-Punk",1,4074,0.0679
2025-12-29,Rock Argentino,"Pop Rock, New Wave, Progressive Rock",1,3091,0.05151666666666667
2025-12-29,Rock Argentino,"Hard Rock, Blues Rock, Proto-Punk, Folk Progresivo",1,2952,0.0492
2025-12-29,Indie Tropical,"Cumbia Pop, Funk Latino, Indie Rock",2,2934,0.0489
2025-12-29,Indie Pop,"Indie Folk, Canción Pop / Canción Urbana",1,2713,0.04521666666666667
2025-12-29,Tropicalismo,"Psychedelic Rock, Garage Rock",1,2709,0.04515
2025-12-29,Low Rock,"Alternative Rock, Jazz Rock, Blues Rock",1,2664,0.0444
2025-12-29,Indie Pop,"Canción de Autor, Art Pop",1,2446,0.040766666666666666
2025-12-29,Rock Argentino,"Art Rock, Jazz Rock, Folk Rock",2,2392,0.03986666666666667
2025-12-29,Rock Argentino,"Pop Rock, Piano Rock",2,2390,0.03983333333333333
2025-12-29,Folk Rock,"Singer-Songwriter, Classic Rock",1,1319,0.021983333333333334
2025-12-29,MPB (Música Popular Brasileña),"Bossa Nova, Samba",1,1315,0.021916666666666668
2025-12-29,Rock Argentino,"Hard Rock, Heavy Blues",1,1220,0.02033333333333333
2025-12-29,Rock Argentino,"Folk Rock, Progressive Rock",1,1141,0.019016666666666668
2025-12-29,Freak Folk,"Indie Folk, Psych Folk",1,1021,0.017016666666666666
2025-12-30,Indie / Unmapped,Alternative / Various,68,6931957,115.53261666666667
2025-12-30,Freak Folk,"Indie Folk, Psych Folk",10,1400525,23.342083333333335
2025-12-30,Funk / Hip-Hop,"Latin Funk, Rap Rock, R&B",4,834427,13.907116666666667
2025-12-30,Nueva Trova Cubana,"Trova, Canción de Autor",2,609899,10.164983333333332
2025-12-30,Indie Folk,Canción Latinoamericana,4,472627,7.877116666666667
2025-12-30,Rock Alternativo,"Experimental Folk, Post-Punk",2,461000,7.683333333333334
2025-12-30,Indie Rock,"Jangle Pop, Bedroom Pop, Psychedelic Pop",1,422613,7.04355
2025-12-30,Rock Argentino,"Art Rock, Alternative Rock, Electronic Fusion",2,287063,4.784383333333333
2025-12-30,Rock Argentino,"Alternative Rock, Electro-Rock, Pop Rock",1,251760,4.196
2025-12-30,Indie Folk,"Acoustic, Singer-Songwriter",1,224940,3.749
2025-12-30,Latin Fusion,"Indie Pop, Funk, Ska, Candombe Rock",1,205538,3.4256333333333333
2025-12-30,Indie Tropical,"Cumbia Pop, Funk Latino, Indie Rock",2,177299,2.9549833333333333
2025-12-30,Urbano Latino,"Reggaeton, Trap Latino, Synth-Pop, Mambo",1,170972,2.8495333333333335
2025-12-30,Rock Argentino,"Hard Rock, Blues Rock, Proto-Punk, Folk Progresivo",1,167361,2.78935
2025-12-30,Rock en Español,"Latin Alternative, Experimental Rock",2,163273,2.721216666666667
2025-12-30,Canción de Autor,"Indie Pop, Folk Latinoamericano",1,159900,2.665
2025-12-30,Alternative Hip-Hop,"Rap Rock, Urbano Latino, Fusion",1,156665,2.611083333333333
2025-12-30,Indie Rock,"Garage Rock, Post-Punk",1,153673,2.5612166666666667
2025-12-30,MPB Latino / Fusion,"Funk, Candombe Fusion, Pop Experimental",2,150630,2.5105
2025-12-30,Canción de Autor,"Indie Folk, Canción Platense",1,130880,2.1813333333333333
2025-12-30,Indie Rock,"Post-Punk, Space Rock, Noise Pop",1,88880,1.4813333333333334
2025-12-30,Urbano Latino,"Electro Funk, Alternative Trap, Hip-Hop",1,51926,0.8654333333333334
2025-12-30,World Music,"Folk Latinoamericano, Acoustic Indie",1,44070,0.7345
2025-12-30,Pop Rock,"Funk Pop, Electro Funk",1,39815,0.6635833333333333
2025-12-30,New Wave,"Post-Punk, Pop Rock",2,13690,0.22816666666666666
2025-12-30,Rock and Roll,"Garage Rock, Blues Rock",1,7030,0.11716666666666667
2025-12-30,Acoustic Folk,"Singer-Songwriter, Alternative Rock",1,6170,0.10283333333333333
2025-12-30,Minimal Wave,"Post-Punk, Synth-Pop",1,5000,0.08333333333333333
2025-12-30,Indie Electronic,"Synth-Pop, Ambient",1,4583,0.07638333333333333
2025-12-30,Indie Rock,"Art Rock, Alternative Rock",1,2983,0.049716666666666666
2025-12-30,Indie Rock,"Post-Punk, New Wave",1,2043,0.03405
2025-12-30,Folk Rock,"Reggae Fusion, Canción Latinoamericana",1,1937,0.03228333333333333
2025-12-30,Indie Rock,"Afro-Pop Fusion, Art Pop",1,1853,0.030883333333333332
2025-12-30,Rock Stone,"Blues Rock, Rock and Roll",1,1623,0.02705
2025-12-30,Rock Argentino,"Pop Rock, New Wave, Progressive Rock",1,1463,0.024383333333333333
2025-12-30,Rock Argentino,"Murga Rock, Candombe Rock, Blues Rock",1,1413,0.02355
2025-12-30,Indie Folk,"Canción Latinoamericana, Avant-Garde Pop",1,1313,0.021883333333333334
2025-12-30,Rock Argentino,"Folk Rock, Progressive Rock",1,1303,0.021716666666666665
2025-12-30,Classic Rock,"Blues Rock, Roots Rock",1,1293,0.02155
2025-12-30,Electro Cumbia,"Tropical Bass, Latin Alternative",1,1213,0.020216666666666668
2025-12-30,Alternative Rock,"Art Rock, Experimental / Electronic Rock",1,1183,0.019716666666666667
2025-12-30,Folklore Argentino,"Canción Latinoamericana, Fusion Folk",1,1129,0.018816666666666666
2025-12-30,Urbano Latino,"Alternative Hip-Hop, Industrial Rap, Post-Punk",1,1003,0.016716666666666668
2025-12-30,Indie Pop,"Electro-Pop, Performático",1,973,0.016216666666666667
2025-12-31,Indie / Unmapped,Alternative / Various,37,4709728,78.49546666666667
2025-12-31,Urbano Latino,"Reggaeton, Trap Latino, Synth-Pop, Mambo",8,1294056,21.5676
2025-12-31,Freak Folk,"Indie Folk, Psych Folk",6,1289006,21.483433333333334
2025-12-31,Hyperpop,"Dance-Pop, Synth-Pop, Electronic",9,984007,16.400116666666666
2025-12-31,Indie Folk,Canción Latinoamericana,4,662434,11.040566666666667
2025-12-31,Urbano Latino,"Electro Funk, Alternative Trap, Hip-Hop",9,544513,9.075216666666666
2025-12-31,Nuevo Flamenco,"Latin Alternative, Bolero Fusion, Experimental Pop",5,521469,8.69115
2025-12-31,Electro-Tropical,"French Touch, Downtempo, House",3,476831,7.947183333333334
2025-12-31,Urbano Latino,"Hip-Hop, Funk Carioca, Boom Bap, Trap",5,365005,6.0834166666666665
2025-12-31,Alternative Hip-Hop,"Rap Rock, Urbano Latino, Fusion",3,350275,5.837916666666667
2025-12-31,Funk / Hip-Hop,"Latin Funk, Rap Rock, R&B",1,277707,4.62845
2025-12-31,Pop / R&B,"Trap, Contemporary R&B",1,267067,4.451116666666667
2025-12-31,Rock Argentino,"Art Rock, Alternative Rock, Electronic Fusion",2,241161,4.01935
2025-12-31,Alternative R&B,"Bedroom Pop, Funk, Indie Rock",1,232115,3.8685833333333335
2025-12-31,Pop / R&B,"Dancehall, Trap R&B, Hip-Hop",2,221543,3.6923833333333334
2025-12-31,Dance-Pop,"Synth-Pop, Electro Pop",1,157625,2.627083333333333
2025-12-31,French House,"Electronic, Synth-Pop, Nu-Disco",2,22422,0.3737
2025-12-31,Techno,"Progressive House, Trance, Electronic",1,16015,0.2669166666666667
2025-12-31,Hard Rock,"Blues Rock, Folk Rock, Heavy Metal Primigenio",1,2563,0.04271666666666667
2026-01-01,Indie / Unmapped,Alternative / Various,9,1366003,22.766716666666667
2026-01-01,Rock Latino,"Folk Rock, Progressive Rock",3,443894,7.398233333333334
2026-01-01,Indie Tropical,"Cumbia Pop, Funk Latino, Indie Rock",2,427612,7.1268666666666665
2026-01-01,Latin Fusion,"Indie Pop, Funk, Ska, Candombe Rock",4,367965,6.13275
2026-01-01,Rock Stone,"Blues Rock, Rock and Roll",1,214600,3.5766666666666667
2026-01-01,Rock Argentino,"Hard Rock, Funk Rock, Folklore Rock",1,10248,0.1708
2026-01-01,Rock Argentino,"Murga Rock, Candombe Rock, Blues Rock",2,8276,0.13793333333333332
2026-01-02,Indie / Unmapped,Alternative / Various,15,2727645,45.46075
2026-01-02,Indie Folk,Canción Latinoamericana,4,653993,10.899883333333333
2026-01-02,Freak Folk,"Indie Folk, Psych Folk",2,409014,6.8169
2026-01-02,Funk / Hip-Hop,"Latin Funk, Rap Rock, R&B",1,277707,4.62845
2026-01-02,Rock Argentino,"Art Rock, Alternative Rock, Electronic Fusion",1,277093,4.618216666666667
2026-01-02,Indie Rock,"Post-Punk, Space Rock, Noise Pop",1,253520,4.225333333333333
2026-01-03,Indie / Unmapped,Alternative / Various,15,1810108,30.168466666666667
2026-01-03,Latin Fusion,"Indie Pop, Funk, Ska, Candombe Rock",2,445767,7.42945
2026-01-03,Rock Argentino,"Murga Rock, Candombe Rock, Blues Rock",1,287240,4.787333333333334
2026-01-03,Funk / Hip-Hop,"Latin Funk, Rap Rock, R&B",2,278009,4.633483333333333
2026-01-03,Indie Tropical,"Cumbia Pop, Funk Latino, Indie Rock",1,262978,4.3829666666666665
2026-01-03,Nuevo Flamenco,"Latin Alternative, Bolero Fusion, Experimental Pop",1,195547,3.259116666666667
2026-01-03,Rock Stone,"Blues Rock, Rock and Roll",1,177173,2.9528833333333333
2026-01-03,MPB Latino / Fusion,"Funk, Candombe Fusion, Pop Experimental",2,155751,2.59585
2026-01-03,Pop Rock,"Synth-Pop, Electro Pop",1,59702,0.9950333333333333
2026-01-03,Indie Folk,Canción Latinoamericana,2,46101,0.76835
2026-01-03,Freak Folk,"Indie Folk, Psych Folk",2,22957,0.38261666666666666
2026-01-04,Indie / Unmapped,Alternative / Various,34,2892280,48.20466666666667
2026-01-04,Latin Fusion,"Indie Pop, Funk, Ska, Candombe Rock",6,1330924,22.182066666666667
2026-01-04,Rock Latino,"Folk Rock, Progressive Rock",2,444669,7.411149999999999
2026-01-04,Rock Argentino,"Progressive Rock, Art Pop, Symphonic Rock",1,296648,4.944133333333333
2026-01-04,Rock Argentino,"Post-Punk, Hard Rock",1,240107,4.001783333333333
2026-01-04,Folk Rock,"Reggae Fusion, Canción Latinoamericana",2,190647,3.1774500000000003
2026-01-04,Alternative Rock,"Garage Rock Revival, Southern Rock",2,135439,2.2573166666666666
2026-01-04,Rock Argentino,"Alternative Rock, Electro-Rock, Pop Rock",2,17485,0.29141666666666666
2026-01-04,Rock Argentino,"Murga Rock, Candombe Rock, Blues Rock",1,6467,0.10778333333333333
2026-01-04,Freak Folk,"Indie Folk, Psych Folk",2,6040,0.10066666666666667
2026-01-04,Nueva Trova Cubana,"Trova, Canción de Autor",3,4578,0.0763
2026-01-04,Indie Folk,Canción Latinoamericana,1,2414,0.040233333333333336
2026-01-04,Funk / Hip-Hop,"Latin Funk, Rap Rock, R&B",1,1580,0.026333333333333334
2026-01-04,Punk Rock,"Post-Punk, Garage Rock",1,1404,0.0234
2026-01-04,Techno,"Progressive House, Trance, Electronic",1,1281,0.02135
2026-01-04,Indie Electronic,"Synth-Pop, Ambient",1,1179,0.01965
2026-01-04,Pop / R&B,"Dancehall, Trap R&B, Hip-Hop",1,1091,0.018183333333333333
2026-01-04,Rock Argentino,"Folk Rock, Progressive Rock",1,1007,0.016783333333333334
2026-01-04,MPB Latino / Fusion,"Funk, Candombe Fusion, Pop Experimental",1,961,0.016016666666666665
2026-01-04,Urbano Latino,"Reggaeton, Trap Latino, Synth-Pop, Mambo",1,884,0.014733333333333333
2026-01-04,Urbano Latino,"Electro Funk, Alternative Trap, Hip-Hop",1,864,0.0144
2026-01-04,Alternative Rock,"Madchester, Gospel Rock, Neo-Psychedelia",1,830,0.013833333333333333
2026-01-04,Rock Argentino,"Hard Rock, Blues Rock, Proto-Punk, Folk Progresivo",1,796,0.013266666666666666
2026-01-05,Indie / Unmapped,Alternative / Various,9,2119704,35.3284
2026-01-05,Rock Argentino,"Murga Rock, Candombe Rock, Blues Rock",2,630400,10.506666666666668
2026-01-05,Rock Latino,"Folk Rock, Progressive Rock",3,558866,9.314433333333334
2026-01-05,Indie Tropical,"Cumbia Pop, Funk Latino, Indie Rock",2,481732,8.028866666666666
2026-01-05,Rock Argentino,"Hard Rock, Funk Rock, Folklore Rock",1,286240,4.770666666666667
2026-01-05,Pop Rock,"Synth-Pop, Electro Pop",1,236120,3.9353333333333333
2026-01-05,Rock Stone,"Blues Rock, Rock and Roll",1,214600,3.5766666666666667
2026-01-05,Rock Uruguayo,"Ska Rock, Punk Rock",1,205533,3.42555
2026-01-05,MPB Latino / Fusion,"Funk, Candombe Fusion, Pop Experimental",2,159135,2.65225
2026-01-05,Latin Fusion,"Indie Pop, Funk, Ska, Candombe Rock",1,81982,1.3663666666666667
2026-01-05,Rock Argentino,"Art Rock, Alternative Rock, Electronic Fusion",1,64125,1.06875
2026-01-06,Latin Fusion,"Indie Pop, Funk, Ska, Candombe Rock",1,167167,2.7861166666666666
2026-01-06,Indie / Unmapped,Alternative / Various,1,43233,0.72055
2026-01-08,Indie / Unmapped,Alternative / Various,12,1170850,19.514166666666668
2026-01-08,Rock Argentino,"Progressive Rock, Art Pop, Symphonic Rock",3,872827,14.547116666666668
2026-01-08,Indie Rock,"Jangle Pop, Bedroom Pop, Psychedelic Pop",1,352552,5.875866666666667
2026-01-08,Funk / Hip-Hop,"Latin Funk, Rap Rock, R&B",1,277707,4.62845
2026-01-08,Indie Rock,"Experimental, Dream Pop, Lo-Fi",1,254093,4.234883333333333
2026-01-08,Indie Rock,"Punk Folk, Experimental Rock",1,248007,4.13345
2026-01-08,Indie Folk,Canción Latinoamericana,1,139896,2.3316
2026-01-08,Rock Argentino,"Post-Punk, Hard Rock",2,33030,0.5505
2026-01-08,Electro Pop,"Synth-Pop, House",1,24303,0.40505
2026-01-08,Rock Argentino,"Art Rock, Jazz Rock, Folk Rock",1,19330,0.32216666666666666
2026-01-08,World Music,"Folk Latinoamericano, Acoustic Indie",1,7873,0.13121666666666668
2026-01-08,Rock Argentino,"Latin Rock, Ska Rock, Cumbia Rock",1,5797,0.09661666666666667
2026-01-08,Indie Pop,"Canción de Autor, Art Pop",1,1590,0.0265
2026-01-08,Folklore Argentino,"Canción Latinoamericana, Fusion Folk",1,1536,0.0256
2026-01-08,Synth-Pop,"New Wave, Pop Rock",1,1327,0.022116666666666666
2026-01-08,Rock Argentino,"Pop Rock, New Wave, Progressive Rock",1,1000,0.016666666666666666
2026-01-08,Urbano Latino,"Reggaeton, Trap Latino, Synth-Pop, Mambo",1,792,0.0132
2026-01-09,Indie / Unmapped,Alternative / Various,2,127957,2.1326166666666664
2026-01-09,Indie Rock,"Art Rock, Alternative Rock",1,102,0.0017
2026-01-09,Rock Argentino,"Murga Rock, Candombe Rock, Blues Rock",1,67,0.0011166666666666666
2026-01-09,MPB Latino / Fusion,"Funk, Candombe Fusion, Pop Experimental",1,0,0.0
2026-01-10,Indie / Unmapped,Alternative / Various,28,2480102,41.335033333333335
2026-01-10,Rock Argentino,"Progressive Rock, Art Pop, Symphonic Rock",1,569453,9.490883333333333
2026-01-10,Funk / Hip-Hop,"Latin Funk, Rap Rock, R&B",3,569253,9.487549999999999
2026-01-10,Rock Argentino,"Pop Rock, New Wave, Progressive Rock",3,500116,8.335266666666666
2026-01-10,World Music,"Folk Latinoamericano, Acoustic Indie",5,393243,6.55405
2026-01-10,Rock Argentino,"Art Rock, Alternative Rock, Electronic Fusion",1,388480,6.474666666666667
2026-01-10,Indie Rock,"Art Rock, Synth-Pop, Dance Rock",1,260133,4.33555
2026-01-10,Nuevo Flamenco,"Latin Alternative, Bolero Fusion, Experimental Pop",1,246298,4.104966666666667
2026-01-10,Pop Rock,"Funk Pop, Electro Funk",2,244449,4.0741499999999995
2026-01-10,Canción de Autor,"Indie Folk, Canción Platense",1,237573,3.95955
2026-01-10,Folk Rock,"Singer-Songwriter, Classic Rock",1,224153,3.7358833333333332
2026-01-10,Folklore Argentino,"Canción Latinoamericana, Fusion Folk",1,198946,3.3157666666666668
2026-01-10,Proto-Punk,"Art Rock, Garage Rock, Psychedelic Rock",1,197827,3.2971166666666667
2026-01-10,Indie Rock,"Experimental, Dream Pop, Lo-Fi",2,178920,2.9819999999999998
2026-01-10,Indie Pop,"Canción de Autor, Art Pop",1,145090,2.4181666666666666
2026-01-10,Nueva Trova Cubana,"Trova, Canción de Autor",1,144632,2.4105333333333334
2026-01-10,Indie Folk,Canción Latinoamericana,1,139896,2.3316
2026-01-10,Indie Pop,"R&B Urbano, Bedroom Pop",1,137053,2.2842166666666666
2026-01-10,Indie Tropical,"Cumbia Pop, Funk Latino, Indie Rock",2,101691,1.69485
2026-01-10,Indie Pop / Synth-Pop,"Folk-Pop, Chamber Pop",2,90157,1.5026166666666667
2026-01-10,Indie Rock,"Art Rock, Alternative Rock",1,87627,1.46045
2026-01-10,Indie Rock,"Canción de Autor, Bedroom Pop",1,31842,0.5307
2026-01-10,Canción de Autor,"Candombe Beat, Folk Uruguayo",2,23647,0.39411666666666667
2026-01-10,Hip-Hop,"Latin Rap, Chicano Rap, East Coast Hip-Hop",1,5119,0.08531666666666667
2026-01-10,Indie Rock,"Garage Rock, Post-Punk",1,3898,0.06496666666666667
2026-01-10,Rock Argentino,"Alternative Rock, Electro-Rock, Pop Rock",2,3870,0.0645
2026-01-10,Rock en Español,"Latin Alternative, Experimental Rock",1,3304,0.05506666666666667
2026-01-10,Canción de Autor,"Rock de Cámara, Experimental Folk",1,2822,0.04703333333333334
2026-01-10,Neo-Soul,"Bedroom Pop, R&B, Reggaeton Pop",1,2469,0.04115
2026-01-10,Canción de Autor,"Folktronica, Indie Folk",1,2173,0.03621666666666667
2026-01-10,Alternative Rock,"Funk Rock, Hard Rock",2,1881,0.03135
2026-01-10,Hardcore Punk,"Melodic Hardcore, Alternative Rock",1,1545,0.02575
2026-01-10,Indie Pop,"Dream Pop, Slowcore",1,1522,0.025366666666666666
2026-01-10,Indie Rock,"Lo-Fi, Noise Pop, Post-Punk",1,1269,0.02115
2026-01-10,Glam Rock,"Art Rock, Proto-Punk",1,1258,0.020966666666666668
2026-01-10,Electro-Tropical,"French Touch, Downtempo, House",1,1244,0.020733333333333333
2026-01-10,Rock Argentino,"Alternative Rock, Funk Rock, Hard Rock",1,1110,0.0185
2026-01-10,Rock Argentino,"Murga Rock, Candombe Rock, Blues Rock",1,1052,0.017533333333333335
2026-01-10,Indie Pop,"Electro-Pop, Performático",1,1011,0.01685
2026-01-10,Lo-Fi House,"Electronic, Chillwave",1,1008,0.0168
2026-01-10,Rock Argentino,"Pop Rock, Piano Rock",1,740,0.012333333333333333
2026-01-10,Indie Rock,"Post-Punk, Space Rock, Noise Pop",1,0,0.0
2026-01-10,Rock Argentino,"Art Rock, Jazz Rock, Folk Rock",1,0,0.0
2026-01-10,Rock Argentino,"Psych Rock, Folk Rock, Canción de Autor",1,0,0.0
2026-01-11,Indie / Unmapped,Alternative / Various,15,1591574,26.526233333333334
2026-01-11,Rock Latino,"Folk Rock, Progressive Rock",4,845158,14.085966666666668
2026-01-11,Latin Fusion,"Indie Pop, Funk, Ska, Candombe Rock",7,798372,13.3062
2026-01-11,Rock Argentino,"Murga Rock, Candombe Rock, Blues Rock",5,505415,8.423583333333333
2026-01-11,Indie Rock,"Post-Punk, Space Rock, Noise Pop",1,267760,4.462666666666666
2026-01-11,Glam Rock,"Art Rock, Proto-Punk",1,255875,4.264583333333333
2026-01-11,Nueva Trova Cubana,"Trova, Canción de Autor",2,230161,3.8360166666666666
2026-01-11,Rock Argentino,"Post-Punk, Hard Rock",2,225099,3.7516499999999997
2026-01-11,Indie Tropical,"Cumbia Pop, Funk Latino, Indie Rock",1,220002,3.6667
2026-01-11,Rock and Roll,"Garage Rock, Blues Rock",1,197120,3.2853333333333334
2026-01-11,Indie Rock,"Post-Punk, New Wave",1,155688,2.5948
2026-01-11,Proto-Punk,"Art Rock, Garage Rock, Psychedelic Rock",2,120226,2.0037666666666665
2026-01-11,Folk Rock,"Reggae Fusion, Canción Latinoamericana",1,114502,1.9083666666666668
2026-01-11,Rock Argentino,"Progressive Rock, Art Pop, Symphonic Rock",2,17757,0.29595
2026-01-11,Alternative Rock,"Funk Rock, Hard Rock",1,14164,0.23606666666666667
2026-01-11,Pop Rock,"Synth-Pop, Electro Pop",1,10151,0.16918333333333332
2026-01-11,Rock Argentino,"Hard Rock, Heavy Blues",1,8603,0.14338333333333333
2026-01-11,Krautrock / Garage Rock,"Post-Punk, Psychedelic Rock",1,7333,0.12221666666666667
2026-01-11,Indie Rock,"New Wave, Synth-Pop",1,5991,0.09985
2026-01-11,Indie Rock,"Art Rock, Alternative Rock",1,4866,0.0811
2026-01-11,Rock Argentino,"Hard Rock, Blues Rock, Proto-Punk, Folk Progresivo",1,4794,0.0799
2026-01-11,Alternative Rock,"Singer-Songwriter, Folk Rock",1,3915,0.06525
2026-01-11,Rock Argentino,"Pop Rock, New Wave, Progressive Rock",1,3844,0.06406666666666666
2026-01-11,World Music,"Folk Latinoamericano, Acoustic Indie",1,3329,0.055483333333333336
2026-01-11,Rock Argentino,"Alternative Rock, Funk Rock, Hard Rock",1,2690,0.044833333333333336
2026-01-11,Urbano Latino,"Alternative R&B, Trap Pop",1,2074,0.03456666666666667
2026-01-11,Pop Rock,"Britpop Argentino, New Wave",1,1814,0.030233333333333334
2026-01-11,MPB Latino / Fusion,"Funk, Candombe Fusion, Pop Experimental",1,1772,0.029533333333333335
2026-01-11,Indie Rock,"Punk Folk, Experimental Rock",1,1685,0.02808333333333333
2026-01-11,Folktronica,"Experimental Electronic, Art Pop",1,1675,0.027916666666666666
2026-01-11,Folk Rock,"Singer-Songwriter, Classic Rock",1,1315,0.021916666666666668
2026-01-11,Garage Rock,"Acoustic Blues, Indie Rock",1,1181,0.019683333333333334
2026-01-11,Rock Argentino,"Pop Rock, Piano Rock",1,1102,0.018366666666666667
2026-01-11,Rock Progresivo,"Symphonic Rock, Fusion",1,1097,0.018283333333333332
2026-01-11,Synth-Pop,"New Wave, Pop Rock",1,961,0.016016666666666665
2026-01-12,Indie / Unmapped,Alternative / Various,24,4347517,72.45861666666667
2026-01-12,Freak Folk,"Indie Folk, Psych Folk",4,871974,14.5329
2026-01-12,Indie Folk,Canción Latinoamericana,3,360939,6.01565
2026-01-12,Rock Argentino,"Progressive Rock, Art Pop, Symphonic Rock",1,88347,1.47245
2026-01-12,Rock Argentino,"Art Rock, Alternative Rock, Electronic Fusion",1,71102,1.1850333333333334
2026-01-12,Neo-Soul,"R&B, Funk Calmo",1,27478,0.4579666666666667
2026-01-12,Nuevo Flamenco,"Latin Alternative, Bolero Fusion, Experimental Pop",1,12652,0.21086666666666667
2026-01-12,Indie Pop,"Indie Folk, Canción Pop / Canción Urbana",1,82,0.0013666666666666666
2026-01-12,Candombe Beat,"MPB Uruguay, Psych Folk",1,73,0.0012166666666666667
2026-01-13,Indie / Unmapped,Alternative / Various,6,1096628,18.27713333333333
2026-01-13,Funk / Hip-Hop,"Latin Funk, Rap Rock, R&B",1,277707,4.62845
2026-01-13,Rock Argentino,"Alternative Rock, Funk Rock, Hard Rock",1,432,0.0072
2026-01-13,Neo-Soul,"Bedroom Pop, R&B, Reggaeton Pop",1,334,0.005566666666666667
2026-01-14,Indie / Unmapped,Alternative / Various,5,884836,14.747266666666667
2026-01-14,Indie Rock,"Art Rock, Synth-Pop, Dance Rock",1,246600,4.11
2026-01-14,Alternative R&B,"Bedroom Pop, Funk, Indie Rock",1,232115,3.8685833333333335
2026-01-14,World Music,"Folk Latinoamericano, Acoustic Indie",2,218860,3.647666666666667
2026-01-14,Rock Argentino,"Art Rock, Jazz Rock, Folk Rock",1,215920,3.5986666666666665
2026-01-14,Rock Uruguayo,"Ska Rock, Punk Rock",1,1051,0.017516666666666666
2026-01-14,Indie Pop,"Canción de Autor, Art Pop",1,41,0.0006833333333333333
2026-01-15,Latin Fusion,"Indie Pop, Funk, Ska, Candombe Rock",2,319800,5.33
2026-01-15,Indie / Unmapped,Alternative / Various,3,150975,2.5162500000000003
2026-01-15,MPB Latino / Fusion,"Funk, Candombe Fusion, Pop Experimental",2,70988,1.1831333333333334
2026-01-15,Pop Rock,"Synth-Pop, Electro Pop",1,9080,0.15133333333333332
2026-01-15,Rock Argentino,"Murga Rock, Candombe Rock, Blues Rock",1,1028,0.017133333333333334
2026-01-15,Folk Rock,"Reggae Fusion, Canción Latinoamericana",3,132,0.0022
2026-01-16,Latin Fusion,"Indie Pop, Funk, Ska, Candombe Rock",2,215882,3.598033333333333
2026-01-16,Rock Latino,"Folk Rock, Progressive Rock",1,214952,3.582533333333333
2026-01-16,Indie / Unmapped,Alternative / Various,1,131588,2.1931333333333334
2026-01-16,Techno,"Progressive House, Trance, Electronic",1,1187,0.019783333333333333
2026-01-17,Indie / Unmapped,Alternative / Various,26,4812568,80.20946666666667
2026-01-17,Rock Argentino,"Progressive Rock, Art Pop, Symphonic Rock",2,805120,13.418666666666667
2026-01-17,Indie Rock,"Post-Punk, Space Rock, Noise Pop",3,654930,10.9155
2026-01-17,Rock Argentino,"Art Rock, Jazz Rock, Folk Rock",3,515219,8.586983333333333
2026-01-17,Freak Folk,"Indie Folk, Psych Folk",2,416129,6.935483333333334
2026-01-17,Electronic,"Tech House, Techno",1,410322,6.8387
2026-01-17,Indie Rock,"Lo-Fi, Noise Pop, Post-Punk",2,365294,6.088233333333333
2026-01-17,Indie Folk,"Acoustic, Singer-Songwriter",1,264187,4.403116666666667
2026-01-17,Indie Rock,"Experimental, Dream Pop, Lo-Fi",1,254093,4.234883333333333
2026-01-17,Pop Rock,"Britpop Argentino, New Wave",1,250480,4.174666666666667
2026-01-17,Alternative Rock,"Grunge, Psychedelic Rock",1,246307,4.1051166666666665
2026-01-17,Indie Rock,"Punk Folk, Experimental Rock",1,245246,4.087433333333333
2026-01-17,Pop Rock,"Funk Pop, Electro Funk",1,243186,4.0531
2026-01-17,Canción de Autor,"Indie Folk, Canción Platense",1,237573,3.95955
2026-01-17,Rock Alternativo,"Experimental Folk, Post-Punk",1,230500,3.841666666666667
2026-01-17,Nueva Trova Cubana,"Trova, Canción de Autor",1,201238,3.3539666666666665
2026-01-17,Indie Tropical,"Cumbia Pop, Funk Latino, Indie Rock",1,169413,2.82355
2026-01-17,Nuevo Flamenco,"Latin Alternative, Bolero Fusion, Experimental Pop",1,155436,2.5906
2026-01-17,MPB Latino / Fusion,"Funk, Candombe Fusion, Pop Experimental",1,149387,2.4897833333333335
2026-01-17,Rock Argentino,"Alternative Rock, Funk Rock, Hard Rock",2,128810,2.1468333333333334
2026-01-17,World Music,"Folk Latinoamericano, Acoustic Indie",2,114035,1.9005833333333335
2026-01-17,Folk Rock,"Singer-Songwriter, Classic Rock",1,92023,1.5337166666666666
2026-01-17,Indie Rock,"Canción de Autor, Bedroom Pop",1,71697,1.19495
2026-01-17,Indie Pop,"Indie Folk, Canción Pop / Canción Urbana",1,25054,0.41756666666666664
2026-01-17,Hyperpop,"Dance-Pop, Synth-Pop, Electronic",1,12693,0.21155
2026-01-17,Rock Argentino,"Alternative Rock, Electro-Rock, Pop Rock",1,12233,0.20388333333333333
2026-01-17,Minimal Wave,"Post-Punk, Synth-Pop",1,11688,0.1948
2026-01-17,New Wave,"Post-Punk, Pop Rock",1,5871,0.09785
2026-01-17,Rock Argentino,"Pop Rock, New Wave, Progressive Rock",1,3616,0.06026666666666667
2026-01-17,Rock Argentino,"Hard Rock, Funk Rock, Folklore Rock",1,1865,0.031083333333333334
2026-01-17,Folklore Argentino,"Canción Latinoamericana, Fusion Folk",1,1673,0.027883333333333333
2026-01-18,Indie / Unmapped,Alternative / Various,51,8438854,140.64756666666668
2026-01-18,Rock Argentino,"Progressive Rock, Art Pop, Symphonic Rock",1,55025,0.9170833333333334
2026-01-18,Hyperpop,"Dance-Pop, Synth-Pop, Electronic",6,16807,0.2801166666666667
2026-01-18,Indie Folk,Canción Latinoamericana,1,15389,0.25648333333333334
2026-01-19,Indie / Unmapped,Alternative / Various,18,3192620,53.21033333333333
2026-01-19,Rock Argentino,"Art Rock, Alternative Rock, Electronic Fusion",2,499793,8.329883333333333
2026-01-19,Funk / Hip-Hop,"Latin Funk, Rap Rock, R&B",2,278947,4.649116666666667
2026-01-19,Alternative Rock,"Grunge, Psychedelic Rock",2,246487,4.108116666666667
2026-01-19,Rock Argentino,"Pop Rock, New Wave, Progressive Rock",2,206169,3.4361499999999996
2026-01-19,Indie Folk,Canción Latinoamericana,1,191321,3.1886833333333335
2026-01-19,Canción de Autor,"Indie Folk, Canción Platense",2,181799,3.0299833333333335
2026-01-19,Indie Rock,"Art Rock, Alternative Rock",1,181733,3.0288833333333334
2026-01-19,Indie Pop,"R&B Urbano, Bedroom Pop",1,180427,3.0071166666666667
2026-01-19,Freak Folk,"Indie Folk, Psych Folk",4,130428,2.1738
2026-01-19,MPB Latino / Fusion,"Funk, Candombe Fusion, Pop Experimental",1,14166,0.2361
2026-01-19,Indie Pop,"Jangle Pop, Post-Punk",1,10350,0.1725
2026-01-19,Rock Argentino,"Hard Rock, Heavy Blues",1,7993,0.13321666666666668
2026-01-20,Indie / Unmapped,Alternative / Various,24,2569583,42.82638333333333
2026-01-20,Rock Argentino,"Hard Rock, Funk Rock, Folklore Rock",1,325960,5.432666666666667
2026-01-20,World Music,"Folk Latinoamericano, Acoustic Indie",2,277381,4.6230166666666666
2026-01-20,Indie Tropical,"Cumbia Pop, Funk Latino, Indie Rock",3,251236,4.187266666666667
2026-01-20,Indie Pop,"Canción de Autor, Art Pop",1,248918,4.148633333333334
2026-01-20,Latin Fusion,"Indie Pop, Funk, Ska, Candombe Rock",1,240300,4.005
2026-01-20,MPB,"Pop Brasileño, Acoustic Fusion",1,237422,3.9570333333333334
2026-01-20,Funk / Hip-Hop,"Latin Funk, Rap Rock, R&B",1,234000,3.9
2026-01-20,Rock Latino,"Folk Rock, Progressive Rock",2,233932,3.8988666666666667
2026-01-20,Indie Rock,"Jangle Pop, Bedroom Pop, Psychedelic Pop",2,232591,3.876516666666667
2026-01-20,Rock Argentino,"Art Rock, Alternative Rock, Electronic Fusion",1,216413,3.606883333333333
2026-01-20,Post-Punk,"Gothic Rock, New Wave, Pop Rock",1,212533,3.5422166666666666
2026-01-20,Folktronica,"Experimental Electronic, Art Pop",1,190360,3.1726666666666667
2026-01-20,Neo-Soul,"R&B, Funk Calmo",1,184852,3.0808666666666666
2026-01-20,MPB Latino / Fusion,"Funk, Candombe Fusion, Pop Experimental",1,183840,3.064
2026-01-20,Progressive Rock,"Psychedelic Rock, Art Rock",1,169560,2.826
2026-01-20,MPB,"Bossa Nova, Jazz Vocal",1,148000,2.466666666666667
2026-01-20,Art Pop,"Experimental Electronic, House",1,80496,1.3416
2026-01-20,Rock Argentino,"Hard Rock, Blues Rock, Proto-Punk, Folk Progresivo",1,69659,1.1609833333333333
2026-01-20,Rock Argentino,"Pop Rock, New Wave, Progressive Rock",5,29918,0.4986333333333334
2026-01-20,Rock Argentino,"Progressive Rock, Art Pop, Symphonic Rock",1,27985,0.46641666666666665
2026-01-20,Indie Rock,"Art Rock, Alternative Rock",1,3113,0.05188333333333333
2026-01-20,Rock Argentino,"Alternative Rock, Electro-Rock, Pop Rock",2,3075,0.05125
2026-01-20,Indie Rock,"Post-Punk, Space Rock, Noise Pop",1,2790,0.0465
2026-01-20,Folk Latinoamericano,"Bolero, Son Jarocho, Canción de Autor",1,1992,0.0332
2026-01-20,Alternative Rock,"Funk Rock, Hard Rock",2,1932,0.0322
2026-01-20,Rock Argentino,"Alternative Rock, Post-Punk, Shoegaze",1,1821,0.03035
2026-01-20,Rock and Roll,"Garage Rock, Blues Rock",1,1713,0.02855
2026-01-20,Pop / R&B,"Dancehall, Trap R&B, Hip-Hop",1,1243,0.020716666666666668
2026-01-20,Urbano Latino,"Alternative Hip-Hop, Industrial Rap, Post-Punk",1,126,0.0021
2026-01-21,Folktronica,"Experimental Electronic, Art Pop",8,2041234,34.02056666666667
2026-01-21,Indie / Unmapped,Alternative / Various,8,1780658,29.677633333333333
2026-01-21,Urbano Latino,"Reggaeton, Trap Latino, Synth-Pop, Mambo",3,369236,6.153933333333334
2026-01-21,Canción de Autor,"Folktronica, Indie Folk",1,264919,4.415316666666667
2026-01-21,Classic Rock,"Blues Rock, Roots Rock",1,262400,4.373333333333333
2026-01-21,Indie Rock,"Art Rock, Synth-Pop, Dance Rock",1,250538,4.175633333333334
2026-01-21,Indie Pop,"Indie Folk, Canción Pop / Canción Urbana",1,185920,3.0986666666666665
2026-01-21,Electro-Pop,"Synth-Pop, Dance-Pop",1,47605,0.7934166666666667
2026-01-21,Indie Tropical,"Cumbia Pop, Funk Latino, Indie Rock",1,118,0.0019666666666666665
2026-01-22,Rock Argentino,"Progressive Rock, Art Pop, Symphonic Rock",1,532455,8.87425
2026-01-22,Indie Rock,"Alternative Rock, Garage Rock",3,522879,8.71465
2026-01-22,Folktronica,"Experimental Electronic, Art Pop",1,270571,4.509516666666666
2026-01-22,Indie Rock,"Art Rock, Synth-Pop, Dance Rock",1,59169,0.98615
2026-01-22,Electro Cumbia,"Tropical Bass, Latin Alternative",1,121,0.0020166666666666666
2026-01-22,Rock and Roll,"Garage Rock, Blues Rock",1,60,0.001
2026-01-23,Indie / Unmapped,Alternative / Various,6,1201276,20.021266666666666
2026-01-23,Rock Argentino,"Progressive Rock, Art Pop, Symphonic Rock",1,569453,9.490883333333333
2026-01-23,Folktronica,"Experimental Electronic, Art Pop",1,270571,4.509516666666666
2026-01-23,World Music,"Folk Latinoamericano, Acoustic Indie",1,43366,0.7227666666666667
2026-01-23,Indie Rock,"Art Rock, Synth-Pop, Dance Rock",1,3082,0.051366666666666665
2026-01-23,Freak Folk,"Indie Folk, Psych Folk",1,1003,0.016716666666666668
2026-01-23,Rock Argentino,"Pop Rock, New Wave, Progressive Rock",1,0,0.0
2026-01-24,Indie / Unmapped,Alternative / Various,15,2651612,44.193533333333335
2026-01-24,World Music,"Folk Latinoamericano, Acoustic Indie",2,562223,9.370383333333333
2026-01-24,Neo-Psychedelia,"Indie Rock, Space Rock, Experimental",2,469893,7.83155
2026-01-24,Rock Argentino,"Post-Punk, Hard Rock",1,423353,7.055883333333333
2026-01-24,Rock Argentino,"Alternative Rock, Electro-Rock, Pop Rock",2,390223,6.503716666666667
2026-01-24,Indie Pop,"Canción de Autor, Art Pop",2,363746,6.062433333333333
2026-01-24,Grunge,"Heavy Metal, Alternative Rock",1,318587,5.309783333333334
2026-01-24,Rock en Español,"Latin Alternative, Experimental Rock",1,308040,5.134
2026-01-24,Rock Argentino,"Murga Rock, Candombe Rock, Blues Rock",2,305195,5.086583333333333
2026-01-24,Folktronica,"Experimental Electronic, Art Pop",2,302614,5.043566666666666
2026-01-24,Rock Argentino,"Folk Rock, Progressive Rock",1,294733,4.912216666666667
2026-01-24,Alternative Rock,"Art Rock, Experimental / Electronic Rock",1,288733,4.812216666666667
2026-01-24,Tropicalismo,"Psychedelic Rock, Garage Rock",1,284987,4.749783333333333
2026-01-24,Folk,"Singer-Songwriter, Vocal Jazz",1,273573,4.55955
2026-01-24,Rock Argentino,"Latin Rock, Ska Rock, Cumbia Rock",1,271347,4.52245
2026-01-24,Rock Argentino,"Art Rock, Alternative Rock, Electronic Fusion",1,269040,4.484
2026-01-24,Indie Rock,"Art Rock, Alternative Rock",1,259000,4.316666666666666
2026-01-24,Folk Rock,"Reggae Fusion, Canción Latinoamericana",1,254867,4.2477833333333335
2026-01-24,Indie Rock,"Experimental, Dream Pop, Lo-Fi",1,254093,4.234883333333333
2026-01-24,Funk / Hip-Hop,"Latin Funk, Rap Rock, R&B",2,236817,3.9469499999999997
2026-01-24,Rock Latino,"Folk Rock, Progressive Rock",2,235573,3.926216666666667
2026-01-24,Latin Fusion,"Indie Pop, Funk, Ska, Candombe Rock",1,234307,3.905116666666667
2026-01-24,Power Trio / Rock,"Hard Rock, Funk Rock, Fusion",1,228533,3.808883333333333
2026-01-24,Neo-Soul,"R&B, Funk Calmo",1,220752,3.6792
2026-01-24,Canción de Autor,"Folktronica, Indie Folk",1,206547,3.44245
2026-01-24,Canción de Autor,"Rock de Cámara, Experimental Folk",1,204080,3.4013333333333335
2026-01-24,Rock Argentino,"Art Rock, Jazz Rock, Folk Rock",1,201800,3.3633333333333333
2026-01-24,Indie Tropical,"Cumbia Pop, Funk Latino, Indie Rock",1,198976,3.3162666666666665
2026-01-24,Latin Alternative,"Flamenco Pop, Urbano Latino, Rumba",1,198493,3.3082166666666666
2026-01-24,Low Rock,"Alternative Rock, Jazz Rock, Blues Rock",1,194093,3.2348833333333333
2026-01-24,Nuevo Flamenco,"Latin Alternative, Bolero Fusion, Experimental Pop",1,155861,2.5976833333333333
2026-01-24,Indie Rock,"Jangle Pop, Bedroom Pop, Psychedelic Pop",1,145893,2.43155
2026-01-24,Rock Argentino,"Progressive Rock, Art Pop, Symphonic Rock",1,140604,2.3434
2026-01-24,Indie Pop,"Indie Folk, Canción Pop / Canción Urbana",2,129766,2.1627666666666667
2026-01-24,Freak Folk,"Indie Folk, Psych Folk",2,87342,1.4557
2026-01-24,Candombe / Trova,"Canción de Autor, Vanguardia Uruguaya",1,65076,1.0846
2026-01-24,Rock Argentino,"Hard Rock, Art Rock",1,18419,0.30698333333333333
2026-01-24,Indie Rock,"Art Rock, Synth-Pop, Dance Rock",1,12612,0.2102
2026-01-25,Indie / Unmapped,Alternative / Various,11,1736598,28.9433
2026-01-25,Neo-Soul,"Soul, Ska / Reggae, R&B",1,278000,4.633333333333334
2026-01-25,Rock Argentino,"Alternative Rock, Electro-Rock, Pop Rock",1,245884,4.098066666666667
2026-01-25,Canción de Autor,"Folktronica, Indie Folk",1,206813,3.4468833333333335
2026-01-25,Folklore Argentino,"Canción Latinoamericana, Fusion Folk",1,205440,3.424
2026-01-25,Nuevo Flamenco,"Latin Alternative, Bolero Fusion, Experimental Pop",1,195547,3.259116666666667
2026-01-25,Alternative Rock,"Funk Rock, Hard Rock",1,186148,3.1024666666666665
2026-01-25,Rock Argentino,"Art Rock, Alternative Rock, Electronic Fusion",2,157131,2.61885
2026-01-25,Rock Argentino,"Pop Rock, Piano Rock",1,65809,1.0968166666666668
2026-01-25,Urbano Latino,"Alternative Hip-Hop, Industrial Rap, Post-Punk",1,54629,0.9104833333333333
2026-01-25,Indie Pop,"Synth-Pop, Bedroom Pop",1,35813,0.5968833333333333
2026-01-25,Punk Rock,"Post-Punk, Garage Rock",1,15375,0.25625
2026-01-25,Trova Rosarina,"Canción de Autor, Folk Rock",1,11946,0.1991
2026-01-25,Indie Pop,"Jangle Pop, Post-Punk",1,4830,0.0805
2026-01-26,Indie Electronic,"Synth-Pop, Ambient",1,34847,0.5807833333333333
2026-01-26,Indie / Unmapped,Alternative / Various,2,204,0.0034000000000000002
2026-01-27,Indie / Unmapped,Alternative / Various,25,4420721,73.67868333333334
2026-01-27,Indie Rock,"Post-Punk, Space Rock, Noise Pop",5,986466,16.4411
2026-01-27,Folklore Argentino,"Canción Latinoamericana, Fusion Folk",5,979141,16.319016666666666
2026-01-27,Rock Argentino,"Reggae Rock, Post-Punk",4,584410,9.740166666666667
2026-01-27,Alternative R&B,"Bedroom Pop, Funk, Indie Rock",3,463941,7.73235
2026-01-27,Indie Pop / Synth-Pop,"Folk-Pop, Chamber Pop",2,457930,7.6321666666666665
2026-01-27,Nueva Trova Cubana,"Trova, Canción de Autor",2,330259,5.504316666666667
2026-01-27,Funk / Hip-Hop,"Latin Funk, Rap Rock, R&B",1,277707,4.62845
2026-01-27,Folktronica,"Experimental Electronic, Art Pop",1,268399,4.473316666666666
2026-01-27,Rock Uruguayo,"Ska Rock, Punk Rock",1,260524,4.342066666666667
2026-01-27,Rock Argentino,"Post-Punk, Hard Rock",1,239907,3.99845
2026-01-27,Neo-Psychedelia,"Indie Rock, Space Rock, Experimental",1,213173,3.5528833333333334
2026-01-27,Rock Argentino,"Murga Rock, Candombe Rock, Blues Rock",1,212040,3.534
2026-01-27,Rock Argentino,"Art Rock, Alternative Rock, Electronic Fusion",2,203652,3.3942
2026-01-27,Rock Argentino,"Pop Rock, Piano Rock",1,178320,2.972
2026-01-27,Rock Progresivo,"Symphonic Rock, Fusion",1,164440,2.740666666666667
2026-01-27,MPB Latino / Fusion,"Funk, Candombe Fusion, Pop Experimental",1,149387,2.4897833333333335
2026-01-27,Indie Rock,"Jangle Pop, Bedroom Pop, Psychedelic Pop",2,94793,1.5798833333333333
2026-01-27,Rock Argentino,"Folk Rock, Progressive Rock",1,62100,1.035
2026-01-27,New Wave,"Post-Punk, Pop Rock",1,9773,0.16288333333333332
2026-01-28,Indie / Unmapped,Alternative / Various,18,2451432,40.8572
2026-01-28,Rock Argentino,"Reggae Rock, Post-Punk",3,575400,9.59
2026-01-28,Funk / Hip-Hop,"Latin Funk, Rap Rock, R&B",1,274576,4.576266666666666
2026-01-28,Rock Argentino,"Pop Rock, Piano Rock",2,234437,3.9072833333333334
2026-01-28,MPB Latino / Fusion,"Funk, Candombe Fusion, Pop Experimental",1,177420,2.957
2026-01-28,Indie Rock,"Art Rock, Synth-Pop, Dance Rock",1,40437,0.67395
2026-01-28,Canción de Autor,"Jazz Fusion, Folklore Fusion, Pop Rock",1,35139,0.58565
2026-01-28,Rock Argentino,"Alternative Rock, Funk Rock, Hard Rock",1,19867,0.33111666666666667
2026-01-28,Hip-Hop,"Latin Rap, Chicano Rap, East Coast Hip-Hop",1,14911,0.24851666666666666
2026-01-28,Indie Pop,"R&B Urbano, Bedroom Pop",1,8540,0.14233333333333334
2026-01-28,Rock Argentino,"Pop Rock, New Wave, Progressive Rock",2,6969,0.11615
2026-01-28,Rock Argentino,"Hard Rock, Funk Rock, Folklore Rock",2,3974,0.06623333333333334
2026-01-28,Folktronica,"Experimental Electronic, Art Pop",1,3887,0.06478333333333333
2026-01-28,Rock Argentino,"Hard Rock, Blues Rock, Proto-Punk, Folk Progresivo",1,3206,0.05343333333333333
2026-01-28,Latin Alternative,"Flamenco Pop, Urbano Latino, Rumba",1,1746,0.0291
2026-01-28,Rock Argentino,"Art Rock, Jazz Rock, Folk Rock",1,1648,0.027466666666666667
2026-01-29,Indie / Unmapped,Alternative / Various,25,4127002,68.78336666666667
2026-01-29,Tropicalismo,"Psychedelic Rock, Garage Rock",2,432777,7.212949999999999
2026-01-29,Indie Rock,"Alternative Rock, Garage Rock",2,373685,6.228083333333333
2026-01-29,Urbano Latino,"Reggaeton, Trap Latino, Synth-Pop, Mambo",1,367725,6.12875
2026-01-29,Indie Rock,"Experimental, Dream Pop, Lo-Fi",2,366190,6.103166666666667
2026-01-29,Rock Argentino,"Pop Rock, New Wave, Progressive Rock",1,350867,5.847783333333333
2026-01-29,Alternative Rock,"Art Rock, Experimental / Electronic Rock",2,300570,5.0095
2026-01-29,Funk / Hip-Hop,"Latin Funk, Rap Rock, R&B",1,277707,4.62845
2026-01-29,Rock Argentino,"Art Rock, Jazz Rock, Folk Rock",1,209507,3.4917833333333332
2026-01-29,Rock Argentino,"Reggae Rock, Post-Punk",1,191800,3.1966666666666668
2026-01-29,Classic Rock,"Blues Rock, Roots Rock",1,189653,3.1608833333333335
2026-01-29,Pop Rock,"Funk Pop, Electro Funk",1,183809,3.063483333333333
2026-01-29,World Music,"Folk Latinoamericano, Acoustic Indie",1,161247,2.68745
2026-01-29,Folk,"Singer-Songwriter, Vocal Jazz",1,124760,2.0793333333333335
2026-01-29,Indie Rock,"Garage Rock, Post-Punk",3,123020,2.050333333333333
2026-01-30,Indie / Unmapped,Alternative / Various,6,1351306,22.521766666666668
2026-01-30,Rock Argentino,"Reggae Rock, Post-Punk",1,191800,3.1966666666666668
2026-01-30,Proto-Punk,"Art Rock, Garage Rock, Psychedelic Rock",2,19205,0.32008333333333333
2026-01-30,Indie Rock,"Art Rock, Alternative Rock",1,11120,0.18533333333333332
2026-01-30,Folktronica,"Experimental Electronic, Art Pop",1,7289,0.12148333333333333
2026-01-31,Indie / Unmapped,Alternative / Various,12,1800731,30.012183333333333
2026-01-31,Funk / Hip-Hop,"Latin Funk, Rap Rock, R&B",1,235357,3.922616666666667
2026-01-31,Rock Argentino,"Reggae Rock, Post-Punk",1,191800,3.1966666666666668
2026-01-31,Freak Folk,"Indie Folk, Psych Folk",2,172336,2.872266666666667
2026-01-31,Rock Argentino,"Progressive Rock, Art Pop, Symphonic Rock",1,21729,0.36215
2026-01-31,Folktronica,"Experimental Electronic, Art Pop",1,13159,0.21931666666666666
2026-02-01,Indie / Unmapped,Alternative / Various,7,349802,5.830033333333333
2026-02-01,Nuevo Flamenco,"Latin Alternative, Bolero Fusion, Experimental Pop",4,293224,4.887066666666667
2026-02-01,Canción de Autor,"Rock de Cámara, Experimental Folk",1,28150,0.4691666666666667
2026-02-02,Indie / Unmapped,Alternative / Various,4,571575,9.526250000000001
2026-02-03,Indie / Unmapped,Alternative / Various,15,2299372,38.32286666666667
2026-02-03,Canción de Autor,"Rock de Cámara, Experimental Folk",2,535870,8.931166666666666
2026-02-03,Freak Folk,"Indie Folk, Psych Folk",1,289293,4.82155
2026-02-03,Funk / Hip-Hop,"Latin Funk, Rap Rock, R&B",1,277707,4.62845
2026-02-03,Folktronica,"Experimental Electronic, Art Pop",1,270571,4.509516666666666
2026-02-03,Rock Argentino,"Progressive Rock, Art Pop, Symphonic Rock",1,170998,2.8499666666666665
2026-02-04,Indie / Unmapped,Alternative / Various,5,1164216,19.4036
2026-02-04,Canción de Autor,"Rock de Cámara, Experimental Folk",1,283147,4.719116666666666
2026-02-04,Freak Folk,"Indie Folk, Psych Folk",1,17709,0.29515
2026-02-05,Indie / Unmapped,Alternative / Various,2,67200,1.12
2026-02-05,World Music,"Folk Latinoamericano, Acoustic Indie",1,184,0.0030666666666666668
2026-02-06,Indie / Unmapped,Alternative / Various,4,611515,10.191916666666668
2026-02-06,Indie Rock,"Post-Punk, Space Rock, Noise Pop",2,389347,6.489116666666667
2026-02-06,Grunge,"Alternative Rock, Classic Rock Revival",1,277147,4.619116666666667
2026-02-06,Rock Argentino,"Art Rock, Alternative Rock, Electronic Fusion",2,269062,4.484366666666666
2026-02-06,Glam Rock,"Art Rock, Proto-Punk",1,255875,4.264583333333333
2026-02-06,Rock and Roll,"Garage Rock, Blues Rock",1,197120,3.2853333333333334
2026-02-06,Rock Argentino,"Pop Rock, New Wave, Progressive Rock",1,195733,3.2622166666666668
2026-02-06,Pop Rock,"Funk Pop, Electro Funk",1,12509,0.20848333333333333
2026-02-06,Rock Argentino,"Pop Rock, Piano Rock",2,11558,0.19263333333333332
2026-02-06,Alternative Hip-Hop,"Rap Rock, Urbano Latino, Fusion",1,5049,0.08415
2026-02-07,Indie / Unmapped,Alternative / Various,14,1341731,22.362183333333334
2026-02-07,Synth-Pop,"New Wave, Pop Rock",1,135860,2.2643333333333335
2026-02-07,Indie Rock,"Art Rock, Alternative Rock",2,30558,0.5093
2026-02-08,Indie / Unmapped,Alternative / Various,22,2660749,44.345816666666664
2026-02-08,Rock Argentino,"Reggae Rock, Post-Punk",2,239582,3.9930333333333334
2026-02-08,Indie Rock,"Post-Punk, Space Rock, Noise Pop",1,188653,3.144216666666667
2026-02-08,Rock Argentino,"Hard Rock, Blues Rock, Proto-Punk, Folk Progresivo",2,64174,1.0695666666666668
2026-02-08,Latin Alternative,"Flamenco Pop, Urbano Latino, Rumba",2,61118,1.0186333333333333
2026-02-08,Rock Argentino,"Pop Rock, New Wave, Progressive Rock",1,47420,0.7903333333333333
2026-02-08,Indie Pop,"Jangle Pop, Post-Punk",1,4951,0.08251666666666667
2026-02-08,Hip-Hop,"Latin Rap, Chicano Rap, East Coast Hip-Hop",1,1946,0.032433333333333335
2026-02-08,Indie Folk,"Americana, Acoustic",1,1601,0.026683333333333333
2026-02-08,MPB,"Pop Brasileño, Acoustic Fusion",1,1374,0.0229
2026-02-08,Indie Rock,"Punk Folk, Experimental Rock",1,1334,0.022233333333333334
2026-02-09,Urbano Latino,"Reggaeton, Trap Latino, Synth-Pop, Mambo",13,2446319,40.77198333333333
2026-02-09,Indie / Unmapped,Alternative / Various,4,153715,2.561916666666667
2026-02-09,Freak Folk,"Indie Folk, Psych Folk",1,32493,0.54155
2026-02-09,Rock Argentino,"Reggae Rock, Post-Punk",1,996,0.0166
2026-02-09,Rock Latino,"Folk Rock, Progressive Rock",1,21,0.00035
2026-02-09,Indie Rock,"Art Rock, Synth-Pop, Dance Rock",1,0,0.0
2026-02-10,Indie / Unmapped,Alternative / Various,4,759733,12.662216666666666
2026-02-10,Rock Argentino,"Pop Rock, New Wave, Progressive Rock",1,301040,5.017333333333333
2026-02-10,Krautrock / Garage Rock,"Post-Punk, Psychedelic Rock",1,245451,4.09085
2026-02-10,Rock Argentino,"Hard Rock, Heavy Blues",1,173874,2.8979
2026-02-10,Indie Rock,"Art Rock, Alternative Rock",1,266,0.004433333333333333
2026-02-10,Indie Rock,"Art Rock, Synth-Pop, Dance Rock",1,0,0.0
2026-02-11,Indie / Unmapped,Alternative / Various,12,800604,13.343399999999999
2026-02-11,Canción de Autor,"Rock de Cámara, Experimental Folk",1,283147,4.719116666666666
2026-02-11,Indie Rock,"Post-Punk, New Wave",1,272813,4.546883333333334
2026-02-11,Rock Argentino,"Folk Rock, Progressive Rock",1,124427,2.0737833333333335
2026-02-11,World Music,"Folk Latinoamericano, Acoustic Indie",1,16757,0.27928333333333333
2026-02-11,Reggae,Roots Reggae,1,14451,0.24085
2026-02-11,Folklore Argentino,"Canción Latinoamericana, Fusion Folk",1,123,0.00205
2026-02-11,Nuevo Flamenco,"Latin Alternative, Bolero Fusion, Experimental Pop",1,0,0.0
2026-02-12,Indie / Unmapped,Alternative / Various,17,2930244,48.8374
2026-02-12,Rock Argentino,"Progressive Rock, Art Pop, Symphonic Rock",1,569453,9.490883333333333
2026-02-12,Indie Rock,"Experimental, Dream Pop, Lo-Fi",1,294307,4.905116666666666
2026-02-12,Canción de Autor,"Rock de Cámara, Experimental Folk",1,283147,4.719116666666666
2026-02-12,Hardcore Punk,"Melodic Hardcore, Alternative Rock",1,159890,2.664833333333333
2026-02-12,Indie Pop,"R&B Urbano, Bedroom Pop",1,137053,2.2842166666666666
2026-02-12,Urbano Latino,"Reggaeton, Trap Latino, Synth-Pop, Mambo",1,38366,0.6394333333333333
2026-02-12,Rock Argentino,"Reggae Rock, Post-Punk",1,10192,0.16986666666666667
2026-02-12,Indie Rock,"Post-Punk, Space Rock, Noise Pop",2,8696,0.14493333333333333
2026-02-12,Nuevo Flamenco,"Latin Alternative, Bolero Fusion, Experimental Pop",1,0,0.0
2026-02-13,Rock Argentino,"Progressive Rock, Art Pop, Symphonic Rock",1,185062,3.0843666666666665
2026-02-13,Urbano Latino,"Reggaeton, Trap Latino, Synth-Pop, Mambo",1,46370,0.7728333333333334
2026-02-13,MPB,"Pop Brasileño, Acoustic Fusion",1,3877,0.06461666666666667
2026-02-13,Indie / Unmapped,Alternative / Various,2,445,0.007416666666666667
2026-02-14,Indie / Unmapped,Alternative / Various,18,2895037,48.250616666666666
2026-02-14,Nueva Trova Cubana,"Trova, Canción de Autor",4,683948,11.399133333333333
2026-02-14,Freak Folk,"Indie Folk, Psych Folk",2,503356,8.389266666666668
2026-02-14,Rock Argentino,"Progressive Rock, Art Pop, Symphonic Rock",2,332968,5.5494666666666665
2026-02-14,Rock Argentino,"Alternative Rock, Electro-Rock, Pop Rock",2,306707,5.111783333333333
2026-02-14,Rock Argentino,"Hard Rock, Blues Rock, Proto-Punk, Folk Progresivo",1,304827,5.08045
2026-02-14,Indie Rock,"Experimental, Dream Pop, Lo-Fi",1,294307,4.905116666666666
2026-02-14,Funk / Hip-Hop,"Latin Funk, Rap Rock, R&B",2,289432,4.8238666666666665
2026-02-14,Canción de Autor,"Rock de Cámara, Experimental Folk",1,283147,4.719116666666666
2026-02-14,Indie Electronic,"Synth-Pop, Ambient",1,254037,4.23395
2026-02-14,Urbano Latino,"Reggaeton, Trap Latino, Synth-Pop, Mambo",1,245940,4.099
2026-02-14,Rock Argentino,"Post-Punk, Hard Rock",1,240107,4.001783333333333
2026-02-14,Punk Rock,"Post-Punk, Garage Rock",1,220600,3.6766666666666667
2026-02-14,Alternative Rock,"Garage Rock Revival, Southern Rock",1,203347,3.3891166666666668
2026-02-14,Hyperpop,"Dance-Pop, Synth-Pop, Electronic",3,201499,3.358316666666666
2026-02-14,Rock Argentino,"Reggae Rock, Post-Punk",1,191800,3.1966666666666668
2026-02-14,Rock Progresivo,"Symphonic Rock, Fusion",1,164440,2.740666666666667
2026-02-14,Rock Argentino,"Folk Rock, Progressive Rock",1,163667,2.7277833333333334
2026-02-14,Techno,"Progressive House, Trance, Electronic",1,104461,1.7410166666666667
2026-02-14,Rock Argentino,"Art Rock, Alternative Rock, Electronic Fusion",1,100962,1.6827
2026-02-14,Pop / R&B,"Dancehall, Trap R&B, Hip-Hop",1,62849,1.0474833333333333
2026-02-14,Folktronica,"Experimental Electronic, Art Pop",1,25861,0.43101666666666666
2026-02-14,Rock Argentino,"Murga Rock, Candombe Rock, Blues Rock",1,13117,0.21861666666666665
2026-02-14,Canción de Autor,"Indie Folk, Canción Platense",1,6704,0.11173333333333334
2026-02-14,Urbano Latino,"Electro Funk, Alternative Trap, Hip-Hop",1,494,0.008233333333333334
2026-02-15,Indie / Unmapped,Alternative / Various,11,1053181,17.553016666666668
2026-02-15,Urbano Latino,"Reggaeton, Trap Latino, Synth-Pop, Mambo",4,379861,6.331016666666667
2026-02-15,Glam Rock,"Art Rock, Proto-Punk",1,255875,4.264583333333333
2026-02-15,Rock Argentino,"Post-Punk, Hard Rock",1,223040,3.7173333333333334
2026-02-15,Indie Rock,"Lo-Fi, Alternative Rock",2,222422,3.7070333333333334
2026-02-15,Neo-Soul,"R&B, Funk Calmo",1,222023,3.7003833333333334
2026-02-15,Electro-Pop,"Synth-Pop, Dance-Pop",2,203356,3.389266666666667
2026-02-15,Indie Rock,"Indie Folk, Alternative Rock",1,200093,3.3348833333333334
2026-02-15,Rock Argentino,"Alternative Rock, Electro-Rock, Pop Rock",1,160491,2.67485
2026-02-15,Urbano Latino,"Electro Funk, Alternative Trap, Hip-Hop",4,150690,2.5115
2026-02-15,Rock Argentino,"Pop Rock, New Wave, Progressive Rock",1,6823,0.11371666666666666
2026-02-15,Indie Folk,"Canción Latinoamericana, Avant-Garde Pop",1,5617,0.09361666666666667
2026-02-16,Indie / Unmapped,Alternative / Various,3,490183,8.169716666666668
2026-02-16,Urbano Latino,"Reggaeton, Trap Latino, Synth-Pop, Mambo",5,299346,4.9891000000000005
2026-02-16,Indie Tropical,"Cumbia Pop, Funk Latino, Indie Rock",1,12391,0.20651666666666665
2026-02-17,Indie / Unmapped,Alternative / Various,14,1828413,30.47355
2026-02-17,Freak Folk,"Indie Folk, Psych Folk",2,400791,6.67985
2026-02-17,Funk / Hip-Hop,"Latin Funk, Rap Rock, R&B",1,277707,4.62845
2026-02-17,Indie Rock,"Post-Punk, Space Rock, Noise Pop",1,193920,3.232
2026-02-17,MPB Latino / Fusion,"Funk, Candombe Fusion, Pop Experimental",1,154733,2.578883333333333
2026-02-17,Indie Folk,Canción Latinoamericana,1,139896,2.3316
2026-02-17,Folk Rock,"Reggae Fusion, Canción Latinoamericana",1,119531,1.9921833333333334
2026-02-17,Alternative Rock,"Madchester, Gospel Rock, Neo-Psychedelia",1,54907,0.9151166666666667
2026-02-17,Rock Argentino,"Pop Rock, New Wave, Progressive Rock",2,53641,0.8940166666666667
2026-02-17,Acoustic Folk,"Singer-Songwriter, Alternative Rock",1,14490,0.2415
2026-02-17,Urbano Latino,"Reggaeton, Trap Latino, Synth-Pop, Mambo",1,1845,0.03075
2026-02-18,Indie / Unmapped,Alternative / Various,5,589036,9.817266666666667
2026-02-18,Canción de Autor,"Candombe Beat, Folk Uruguayo",1,21962,0.3660333333333333
2026-02-18,Urbano Latino,"Reggaeton, Trap Latino, Synth-Pop, Mambo",1,323,0.005383333333333334
2026-02-19,Indie Rock,"Jangle Pop, Bedroom Pop, Psychedelic Pop",10,1410235,23.503916666666665
2026-02-19,Indie / Unmapped,Alternative / Various,5,587451,9.79085
2026-02-19,Canción de Autor,"Rock de Cámara, Experimental Folk",1,283147,4.719116666666666
2026-02-19,Rock Argentino,"Art Rock, Jazz Rock, Folk Rock",1,43012,0.7168666666666667
2026-02-19,Folk,"Singer-Songwriter, Vocal Jazz",1,328,0.0054666666666666665
2026-02-20,Rock Argentino,"Murga Rock, Candombe Rock, Blues Rock",1,1927,0.03211666666666667
2026-02-20,Indie Pop,"Indie Folk, Canción Pop / Canción Urbana",1,78,0.0013
2026-02-21,Indie / Unmapped,Alternative / Various,40,7883057,131.38428333333334
2026-02-21,Freak Folk,"Indie Folk, Psych Folk",5,1147210,19.120166666666666
2026-02-21,Rock Argentino,"Pop Rock, New Wave, Progressive Rock",3,725819,12.096983333333332
2026-02-21,Rock Argentino,"Art Rock, Alternative Rock, Electronic Fusion",2,554057,9.234283333333334
2026-02-21,Indie Rock,"Experimental, Dream Pop, Lo-Fi",2,471858,7.8643
2026-02-21,Indie Folk,Canción Latinoamericana,3,470961,7.84935
2026-02-21,Indie Rock,"Jangle Pop, Bedroom Pop, Psychedelic Pop",1,422613,7.04355
2026-02-21,French House,"Electronic, Synth-Pop, Nu-Disco",2,301390,5.023166666666667
2026-02-21,Funk / Hip-Hop,"Latin Funk, Rap Rock, R&B",1,277707,4.62845
2026-02-21,Alternative Rock,"Funk Rock, Hard Rock",1,248640,4.144
2026-02-21,Rock Argentino,"Reggae Rock, Post-Punk",1,191800,3.1966666666666668
2026-02-21,Indie Rock,"Art Rock, Synth-Pop, Dance Rock",2,186219,3.10365
2026-02-21,Indie Pop,"Dream Pop, Slowcore",1,170326,2.838766666666667
2026-02-21,Indie Pop,"Canción de Autor, Art Pop",1,140650,2.3441666666666667
2026-02-21,Folktronica,"Experimental Electronic, Art Pop",1,80360,1.3393333333333333
2026-02-21,Power Trio / Rock,"Hard Rock, Funk Rock, Fusion",1,62764,1.0460666666666667
2026-02-21,World Music,"Folk Latinoamericano, Acoustic Indie",1,47906,0.7984333333333333
2026-02-21,Rock Argentino,"Hard Rock, Blues Rock, Proto-Punk, Folk Progresivo",1,32304,0.5384
2026-02-21,MPB,"Bossa Nova, Jazz Vocal",1,752,0.012533333333333334
2026-02-22,Urbano Latino,"Reggaeton, Trap Latino, Synth-Pop, Mambo",7,1015260,16.921
2026-02-22,Rock Argentino,"Art Rock, Jazz Rock, Folk Rock",2,110818,1.8469666666666669
2026-02-22,Rock Argentino,"Progressive Rock, Art Pop, Symphonic Rock",2,97611,1.6268500000000001
2026-02-22,Acoustic Folk,"Singer-Songwriter, Alternative Rock",1,9728,0.16213333333333332
2026-02-22,Indie Pop / Synth-Pop,"Folk-Pop, Chamber Pop",1,1367,0.022783333333333333
2026-02-22,Indie Rock,"Lo-Fi, Noise Pop, Post-Punk",1,1189,0.019816666666666666
2026-02-22,Nueva Trova Cubana,"Trova, Canción de Autor",1,140,0.0023333333333333335
2026-02-23,Nuevo Flamenco,"Latin Alternative, Bolero Fusion, Experimental Pop",1,10078,0.16796666666666665
2026-02-23,Indie Rock,"Post-Punk, Space Rock, Noise Pop",1,96,0.0016
2026-02-24,Indie / Unmapped,Alternative / Various,1,4449,0.07415
2026-02-24,Neo-Soul,"Soul, Ska / Reggae, R&B",1,36,0.0006
2026-02-25,Rock Argentino,"Progressive Rock, Art Pop, Symphonic Rock",1,78029,1.3004833333333334
2026-02-25,Indie / Unmapped,Alternative / Various,1,101,0.0016833333333333333
2026-02-26,Indie / Unmapped,Alternative / Various,1,15521,0.2586833333333333
2026-02-26,Synth-Pop,"New Wave, Pop Rock",1,103,0.0017166666666666667
2026-02-27,Indie / Unmapped,Alternative / Various,15,2427090,40.4515
2026-02-27,Nuevo Flamenco,"Latin Alternative, Bolero Fusion, Experimental Pop",7,484367,8.072783333333334
2026-02-27,Indie Rock,"Experimental, Dream Pop, Lo-Fi",2,308288,5.138133333333333
2026-02-27,Canción de Autor,"Rock de Cámara, Experimental Folk",1,283147,4.719116666666666
2026-02-27,Folktronica,"Experimental Electronic, Art Pop",2,247958,4.132633333333334
2026-02-27,Urbano Latino,"Reggaeton, Trap Latino, Synth-Pop, Mambo",1,245940,4.099
2026-02-27,MPB,"Pop Brasileño, Acoustic Fusion",1,237422,3.9570333333333334
2026-02-27,Acoustic Folk,"Singer-Songwriter, Alternative Rock",1,124239,2.07065
2026-02-27,Rock Stone,"Blues Rock, Rock and Roll",1,33984,0.5664
2026-02-27,Indie Folk,Canción Latinoamericana,1,28344,0.4724
2026-02-27,Indie Rock,"Art Rock, Alternative Rock",2,17009,0.28348333333333336
2026-02-27,Freak Folk,"Indie Folk, Psych Folk",1,13957,0.23261666666666667
2026-02-27,Rock Argentino,"Progressive Rock, Art Pop, Symphonic Rock",1,1399,0.023316666666666666
2026-02-27,Nueva Trova Cubana,"Trova, Canción de Autor",1,1297,0.021616666666666666
2026-02-27,Rock Argentino,"Murga Rock, Candombe Rock, Blues Rock",1,907,0.015116666666666667
2026-02-27,Candombe Beat,"MPB Uruguay, Psych Folk",1,144,0.0024
2026-02-28,Indie / Unmapped,Alternative / Various,25,4461566,74.35943333333333
2026-02-28,Urbano Latino,"Reggaeton, Trap Latino, Synth-Pop, Mambo",6,768720,12.812
2026-02-28,Indie Rock,"Art Rock, Synth-Pop, Dance Rock",4,710554,11.842566666666666
2026-02-28,Funk / Hip-Hop,"Latin Funk, Rap Rock, R&B",5,546689,9.111483333333332
2026-02-28,Folk Rock,"Reggae Fusion, Canción Latinoamericana",2,508067,8.467783333333333
2026-02-28,Indie Pop,"Dream Pop, Slowcore",3,505747,8.429116666666667
2026-02-28,Rock Argentino,"Reggae Rock, Post-Punk",3,379184,6.319733333333334
2026-02-28,Nueva Trova Cubana,"Trova, Canción de Autor",3,360576,6.0096
2026-02-28,Canción de Autor,"Rock de Cámara, Experimental Folk",1,283147,4.719116666666666
2026-02-28,Indie Rock,"Punk Folk, Experimental Rock",2,256367,4.272783333333333
2026-02-28,Folktronica,"Experimental Electronic, Art Pop",1,246839,4.1139833333333335
2026-02-28,Dream Pop,"Shoegaze, Post-Punk, Etherial Wave",2,238284,3.9714
2026-02-28,Folk,"Singer-Songwriter, Vocal Jazz",1,207507,3.45845
2026-02-28,Indie Rock,"Indie Folk, Alternative Rock",1,200093,3.3348833333333334
2026-02-28,Indie Rock,"Garage Rock, Post-Punk",1,153800,2.5633333333333335
2026-02-28,Synth-Pop,"New Wave, Pop Rock",1,144210,2.4035
2026-02-28,Folklore Argentino,"Canción Latinoamericana, Fusion Folk",1,127428,2.1238
2026-02-28,Indie Rock,"Jangle Pop, Bedroom Pop, Psychedelic Pop",1,126224,2.1037333333333335
2026-02-28,Alternative R&B,"Bedroom Pop, Funk, Indie Rock",1,90960,1.516
2026-02-28,Nuevo Flamenco,"Latin Alternative, Bolero Fusion, Experimental Pop",3,30652,0.5108666666666667
2026-02-28,Indie Rock,"Experimental, Dream Pop, Lo-Fi",1,21161,0.35268333333333335
2026-02-28,Candombe Beat,"MPB Uruguay, Psych Folk",1,2671,0.04451666666666667
2026-02-28,Neo-Soul,"R&B, Funk Calmo",1,1063,0.017716666666666665
2026-02-28,Rock Argentino,"Folk Rock, Progressive Rock",1,954,0.0159
2026-02-28,Hyperpop,"Dance-Pop, Synth-Pop, Electronic",3,0,0.0
2026-03-01,Canción de Autor,"Indie Folk, Canción Platense",30,4399375,73.32291666666667
2026-03-01,Indie / Unmapped,Alternative / Various,36,4020637,67.01061666666666
2026-03-01,Freak Folk,"Indie Folk, Psych Folk",8,903877,15.064616666666668
2026-03-01,Canción de Autor,"Rock de Cámara, Experimental Folk",2,488080,8.134666666666666
2026-03-01,Música Cubana,"Son Cubano, Guajira",2,445072,7.417866666666667
2026-03-01,MPB Latino / Fusion,"Funk, Candombe Fusion, Pop Experimental",3,408770,6.812833333333334
2026-03-01,Nueva Trova Cubana,"Trova, Canción de Autor",2,404116,6.735266666666666
2026-03-01,Indie Rock,"Art Rock, Synth-Pop, Dance Rock",2,385914,6.4319
2026-03-01,Indie Folk,Canción Latinoamericana,3,331864,5.531066666666667
2026-03-01,Rock Argentino,"Progressive Rock, Art Pop, Symphonic Rock",2,306598,5.109966666666667
2026-03-01,Funk / Hip-Hop,"Latin Funk, Rap Rock, R&B",3,301829,5.030483333333334
2026-03-01,Folktronica,"Experimental Electronic, Art Pop",1,270571,4.509516666666666
2026-03-01,Rock Argentino,"Art Rock, Jazz Rock, Folk Rock",2,255795,4.26325
2026-03-01,Urbano Latino,"Reggaeton, Trap Latino, Synth-Pop, Mambo",2,253020,4.2170000000000005
2026-03-01,Rock Argentino,"Murga Rock, Candombe Rock, Blues Rock",1,212040,3.534
2026-03-01,Indie Rock,"Indie Folk, Alternative Rock",1,200093,3.3348833333333334
2026-03-01,Rock Argentino,"Pop Rock, New Wave, Progressive Rock",3,186077,3.1012833333333334
2026-03-01,Neo-Soul,"R&B, Funk Calmo",1,184852,3.0808666666666666
2026-03-01,Indie Pop,"Dream Pop, Slowcore",2,43500,0.725
2026-03-01,Rock Argentino,"Alternative Rock, Electro-Rock, Pop Rock",1,22681,0.37801666666666667
2026-03-01,Indie Rock,"Art Rock, Alternative Rock",1,15801,0.26335
2026-03-01,Indie Pop,"R&B Urbano, Bedroom Pop",2,14584,0.24306666666666668
2026-03-01,Rock Argentino,"Reggae Rock, Post-Punk",2,11750,0.19583333333333333
2026-03-01,MPB,"Pop Brasileño, Acoustic Fusion",2,6328,0.10546666666666667
2026-03-01,Rock Argentino,"Hard Rock, Blues Rock, Proto-Punk, Folk Progresivo",2,2520,0.041999999999999996
2026-03-01,Indie Rock,"Canción de Autor, Bedroom Pop",1,1653,0.02755
2026-03-01,Indie Folk,"Canción Latinoamericana, Avant-Garde Pop",1,282,0.0047
2026-03-02,Indie / Unmapped,Alternative / Various,1,289688,4.828133333333334
2026-03-02,Classic Rock,"Singer-Songwriter, Pop Rock",1,286813,4.780216666666667
2026-03-02,Nueva Trova Cubana,"Trova, Canción de Autor",1,16989,0.28315
2026-03-02,Rock Argentino,"Alternative Rock, Electro-Rock, Pop Rock",1,8502,0.1417
2026-03-03,Indie / Unmapped,Alternative / Various,16,1752092,29.201533333333334
2026-03-03,Funk / Hip-Hop,"Latin Funk, Rap Rock, R&B",2,523227,8.72045
2026-03-03,Indie Rock,"Art Rock, Synth-Pop, Dance Rock",2,506733,8.44555
2026-03-03,MPB Latino / Fusion,"Funk, Candombe Fusion, Pop Experimental",2,338573,5.642883333333334
2026-03-03,Indie Rock,"Punk Folk, Experimental Rock",1,248007,4.13345
2026-03-03,Alternative R&B,"Bedroom Pop, Funk, Indie Rock",1,232115,3.8685833333333335
2026-03-03,Indie Tropical,"Cumbia Pop, Funk Latino, Indie Rock",1,207610,3.460166666666667
2026-03-03,Canción de Autor,"Rock de Cámara, Experimental Folk",1,205693,3.4282166666666667
2026-03-03,Rock Progresivo,"Symphonic Rock, Fusion",1,200693,3.344883333333333
2026-03-03,Indie Rock,"Indie Folk, Alternative Rock",1,200093,3.3348833333333334
2026-03-03,Canción de Autor,"Candombe Beat, Folk Uruguayo",1,165727,2.7621166666666666
2026-03-03,Rock Argentino,"Art Rock, Jazz Rock, Folk Rock",1,157487,2.6247833333333332
2026-03-03,Folklore Argentino,"Canción Latinoamericana, Fusion Folk",2,139730,2.3288333333333333
2026-03-03,Indie Folk,"Americana, Acoustic",3,134228,2.2371333333333334
2026-03-03,Rock Uruguayo,"Ska Rock, Punk Rock",1,114760,1.9126666666666667
2026-03-03,Hard Rock,"Blues Rock, Folk Rock, Heavy Metal Primigenio",1,80636,1.3439333333333334
2026-03-03,Urbano Latino,"Reggaeton, Trap Latino, Synth-Pop, Mambo",13,76970,1.2828333333333333
2026-03-03,Rock Argentino,"Pop Rock, New Wave, Progressive Rock",5,32340,0.539
2026-03-03,Rock Argentino,"Progressive Rock, Art Pop, Symphonic Rock",1,8392,0.13986666666666667
2026-03-03,Folktronica,"Experimental Electronic, Art Pop",1,4609,0.07681666666666667
2026-03-03,Folk,"Singer-Songwriter, Vocal Jazz",1,4073,0.06788333333333334
2026-03-03,Indie Pop,"Dream Pop, Slowcore",2,3393,0.05655
2026-03-03,Freak Folk,"Indie Folk, Psych Folk",1,1711,0.028516666666666666
2026-03-03,Rock Latino,"Folk Rock, Progressive Rock",1,1354,0.022566666666666665
2026-03-03,Folk Latinoamericano,"Bolero, Son Jarocho, Canción de Autor",1,1159,0.019316666666666666
2026-03-04,Canción de Autor,"Indie Folk, Canción Platense",1,42100,0.7016666666666667
2026-03-04,Urbano Latino,"Reggaeton, Trap Latino, Synth-Pop, Mambo",3,8624,0.14373333333333332
2026-03-05,Indie / Unmapped,Alternative / Various,5,597793,9.963216666666666
2026-03-05,Freak Folk,"Indie Folk, Psych Folk",4,518923,8.648716666666667
2026-03-05,MPB Latino / Fusion,"Funk, Candombe Fusion, Pop Experimental",2,378464,6.307733333333333
2026-03-05,Indie Folk,Canción Latinoamericana,2,331217,5.520283333333333
2026-03-05,Funk / Hip-Hop,"Latin Funk, Rap Rock, R&B",1,277707,4.62845
2026-03-05,Rock Argentino,"Art Rock, Alternative Rock, Electronic Fusion",1,277093,4.618216666666667
2026-03-05,Urbano Latino,"Reggaeton, Trap Latino, Synth-Pop, Mambo",1,2126,0.03543333333333333
2026-03-06,Indie Pop,"Psicodelia, Bedroom Pop",1,43339,0.7223166666666667
2026-03-07,Alternative Rock,"Garage Rock Revival, Southern Rock",1,4886,0.08143333333333333
2026-03-08,Indie / Unmapped,Alternative / Various,32,2679992,44.666533333333334
2026-03-08,Freak Folk,"Indie Folk, Psych Folk",2,418570,6.976166666666667
2026-03-08,Folk Rock,"Reggae Fusion, Canción Latinoamericana",1,254867,4.2477833333333335
2026-03-08,MPB,"Pop Brasileño, Acoustic Fusion",3,248827,4.147116666666666
2026-03-08,Glam Rock,"Art Rock, Proto-Punk",2,237105,3.95175
2026-03-08,Rock Alternativo,"Experimental Folk, Post-Punk",1,230500,3.841666666666667
2026-03-08,Folklore Argentino,"Canción Latinoamericana, Fusion Folk",1,206621,3.4436833333333334
2026-03-08,Rock Argentino,"Alternative Rock, Funk Rock, Hard Rock",3,196319,3.2719833333333335
2026-03-08,World Music,"Folk Latinoamericano, Acoustic Indie",1,181799,3.0299833333333335
2026-03-08,Música Cubana,"Son Cubano, Guajira",1,176873,2.9478833333333334
2026-03-08,Indie Folk,"Americana, Acoustic",2,154216,2.5702666666666665
2026-03-08,Reggae,Roots Reggae,2,34166,0.5694333333333333
2026-03-08,Indie Rock,"Afro-Pop Fusion, Art Pop",1,26585,0.44308333333333333
2026-03-08,Hardcore Punk,"Melodic Hardcore, Alternative Rock",1,14838,0.2473
2026-03-08,Rock Argentino,"Art Rock, Jazz Rock, Folk Rock",1,14377,0.23961666666666667
2026-03-08,Rock Argentino,"Pop Rock, New Wave, Progressive Rock",4,10291,0.17151666666666668
2026-03-08,Folktronica,"Experimental Electronic, Art Pop",2,3145,0.05241666666666667
2026-03-08,Indie Tropical,"Cumbia Pop, Funk Latino, Indie Rock",1,2863,0.047716666666666664
2026-03-08,Canción de Autor,"Rock de Cámara, Experimental Folk",1,2194,0.036566666666666664
2026-03-08,MPB Latino / Fusion,"Funk, Candombe Fusion, Pop Experimental",1,1520,0.025333333333333333
2026-03-08,Urbano Latino,"Reggaeton, Trap Latino, Synth-Pop, Mambo",1,1495,0.024916666666666667
2026-03-08,Funk / Hip-Hop,"Latin Funk, Rap Rock, R&B",1,1329,0.02215
2026-03-08,Techno,"Progressive House, Trance, Electronic",1,1210,0.020166666666666666
2026-03-08,Folk,"Singer-Songwriter, Vocal Jazz",1,1080,0.018
2026-03-08,Alternative Rock,"Art Rock, Experimental / Electronic Rock",1,0,0.0
2026-03-08,Art Pop,"Experimental Electronic, House",1,0,0.0
2026-03-08,Canción de Autor,"Indie Folk, Canción Platense",1,0,0.0
2026-03-08,Hyperpop,"Dance-Pop, Synth-Pop, Electronic",1,0,0.0
2026-03-08,Indie Folk,Canción Latinoamericana,1,0,0.0
2026-03-08,Indie Rock,"Canción de Autor, Bedroom Pop",1,0,0.0
2026-03-08,Indie Rock,"Jangle Pop, Bedroom Pop, Psychedelic Pop",1,0,0.0
2026-03-08,Neo-Soul,"Bedroom Pop, R&B, Reggaeton Pop",2,0,0.0
2026-03-08,Neo-Soul,"R&B, Funk Calmo",1,0,0.0
2026-03-08,Rock Argentino,"Alternative Rock, Electro-Rock, Pop Rock",2,0,0.0
2026-03-08,Rock Argentino,"Folk Rock, Progressive Rock",1,0,0.0
2026-03-08,Rock Argentino,"Pop Rock, Piano Rock",1,0,0.0
2026-03-08,Tango Canción,"Tango Fusion, Rock de Cámara",1,0,0.0
2026-03-09,Hardcore Punk,"Melodic Hardcore, Alternative Rock",1,14838,0.2473
2026-03-09,Indie / Unmapped,Alternative / Various,1,278,0.004633333333333333
2026-03-10,Indie / Unmapped,Alternative / Various,1,54974,0.9162333333333333
2026-03-11,Indie / Unmapped,Alternative / Various,1,52840,0.8806666666666667
2026-03-11,Rock Stone,"Blues Rock, Rock and Roll",1,1398,0.0233
2026-03-12,Indie / Unmapped,Alternative / Various,11,1608470,26.80783333333333
2026-03-12,Canción de Autor,"Indie Folk, Canción Platense",2,224624,3.743733333333333
2026-03-12,Flamenco,"Nuevo Flamenco, Rumba Flamenca",1,212619,3.54365
2026-03-12,Freak Folk,"Indie Folk, Psych Folk",1,207579,3.45965
2026-03-12,Rock Argentino,"Art Rock, Alternative Rock, Electronic Fusion",1,34516,0.5752666666666667
2026-03-12,Electro-Tropical,"French Touch, Downtempo, House",1,13037,0.21728333333333333
2026-03-12,Rock Argentino,"Pop Rock, New Wave, Progressive Rock",1,5141,0.08568333333333333
2026-03-13,Canción de Autor,"Indie Folk, Canción Platense",1,270,0.0045
2026-03-13,Folklore Argentino,"Canción Latinoamericana, Fusion Folk",1,93,0.00155
2026-03-14,Indie / Unmapped,Alternative / Various,1,102720,1.712
2026-03-14,Canción de Autor,"Indie Folk, Canción Platense",3,3171,0.05285
2026-03-14,Acoustic Folk,"Singer-Songwriter, Alternative Rock",1,188,0.0031333333333333335
2026-03-15,Indie Pop,"R&B Urbano, Bedroom Pop",1,5319,0.08865
2026-03-15,Indie / Unmapped,Alternative / Various,1,126,0.0021
2026-03-16,Indie / Unmapped,Alternative / Various,5,708323,11.805383333333333
2026-03-16,Canción de Autor,"Rock de Cámara, Experimental Folk",1,283147,4.719116666666666
2026-03-16,Nueva Trova Cubana,"Trova, Canción de Autor",1,97213,1.6202166666666666
2026-03-16,Nuevo Flamenco,"Latin Alternative, Bolero Fusion, Experimental Pop",1,21440,0.35733333333333334
2026-03-16,Neo-Soul,"Soul, Ska / Reggae, R&B",1,20992,0.34986666666666666
2026-03-16,Canción de Autor,"Indie Folk, Canción Platense",2,0,0.0
2026-03-17,Indie / Unmapped,Alternative / Various,19,2514035,41.90058333333334
2026-03-17,Freak Folk,"Indie Folk, Psych Folk",2,477324,7.9554
2026-03-17,Nueva Trova Cubana,"Trova, Canción de Autor",2,306882,5.1147
2026-03-17,Rock Argentino,"Hard Rock, Blues Rock, Proto-Punk, Folk Progresivo",1,304827,5.08045
2026-03-17,Canción de Autor,"Rock de Cámara, Experimental Folk",1,283147,4.719116666666666
2026-03-17,Rock Argentino,"Pop Rock, New Wave, Progressive Rock",1,74194,1.2365666666666666
2026-03-17,Indie Pop,"Indie Folk, Canción Pop / Canción Urbana",1,52268,0.8711333333333333
2026-03-17,Synth-Pop,"New Wave, Pop Rock",1,52146,0.8691
2026-03-17,Rock Latino,"Folk Rock, Progressive Rock",1,29676,0.4946
2026-03-17,Rock Argentino,"Reggae Rock, Post-Punk",1,4095,0.06825
2026-03-17,Urbano Latino,"Reggaeton, Trap Latino, Synth-Pop, Mambo",1,2661,0.04435
2026-03-17,Funk / Hip-Hop,"Latin Funk, Rap Rock, R&B",1,1936,0.032266666666666666
2026-03-17,Urbano Latino,"Electro Funk, Alternative Trap, Hip-Hop",5,1341,0.02235
2026-03-17,World Music,"Folk Latinoamericano, Acoustic Indie",1,0,0.0
2026-03-18,Folk,"Singer-Songwriter, Vocal Jazz",2,257283,4.28805
2026-03-18,Krautrock / Garage Rock,"Post-Punk, Psychedelic Rock",1,245451,4.09085
2026-03-18,Rock Argentino,"Progressive Rock, Art Pop, Symphonic Rock",1,57109,0.9518166666666666
2026-03-18,Indie / Unmapped,Alternative / Various,1,317,0.0052833333333333335
2026-03-18,Urbano Latino,"Electro Funk, Alternative Trap, Hip-Hop",2,0,0.0
2026-03-19,Indie / Unmapped,Alternative / Various,10,885764,14.762733333333333
2026-03-19,Indie Rock,"Experimental, Dream Pop, Lo-Fi",1,248634,4.1439
2026-03-19,Rock Progresivo,"Symphonic Rock, Fusion",1,247947,4.13245
2026-03-19,Canción de Autor,"Indie Folk, Canción Platense",2,231728,3.8621333333333334
2026-03-19,Rock Alternativo,"Experimental Folk, Post-Punk",1,200753,3.3458833333333335
2026-03-19,Indie Pop,"R&B Urbano, Bedroom Pop",1,180427,3.0071166666666667
2026-03-19,Indie Rock,"Lo-Fi, Noise Pop, Post-Punk",1,145240,2.4206666666666665
2026-03-19,Garage Rock,"Acoustic Blues, Indie Rock",1,140179,2.336316666666667
2026-03-19,MPB Latino / Fusion,"Funk, Candombe Fusion, Pop Experimental",1,131573,2.1928833333333335
2026-03-19,Folktronica,"Experimental Electronic, Art Pop",1,7501,0.12501666666666666
2026-03-19,Urbano Latino,"Electro Funk, Alternative Trap, Hip-Hop",3,221,0.003683333333333333
2026-03-20,World Music,"Folk Latinoamericano, Acoustic Indie",1,9327,0.15545
2026-03-21,Indie / Unmapped,Alternative / Various,61,11740994,195.68323333333333
2026-03-21,MPB Latino / Fusion,"Funk, Candombe Fusion, Pop Experimental",4,686507,11.441783333333333
2026-03-21,Folk,"Singer-Songwriter, Vocal Jazz",3,642720,10.712
2026-03-21,Rock Argentino,"Progressive Rock, Art Pop, Symphonic Rock",1,569453,9.490883333333333
2026-03-21,Indie Rock,"Jangle Pop, Bedroom Pop, Psychedelic Pop",2,568506,9.4751
2026-03-21,Funk / Hip-Hop,"Latin Funk, Rap Rock, R&B",2,555414,9.2569
2026-03-21,Freak Folk,"Indie Folk, Psych Folk",2,503356,8.389266666666668
2026-03-21,Indie Rock,"Art Rock, Synth-Pop, Dance Rock",2,483868,8.064466666666666
2026-03-21,Folktronica,"Experimental Electronic, Art Pop",2,407289,6.78815
2026-03-21,Indie Pop,"Psicodelia, Bedroom Pop",1,360533,6.008883333333333
2026-03-21,Indie Rock,"Experimental, Dream Pop, Lo-Fi",1,294307,4.905116666666666
2026-03-21,Trova Rosarina,"Canción de Autor, Folk Rock",1,284867,4.7477833333333335
2026-03-21,Canción de Autor,"Rock de Cámara, Experimental Folk",1,283147,4.719116666666666
2026-03-21,World Music,"Folk Latinoamericano, Acoustic Indie",1,269271,4.48785
2026-03-21,Synth-Pop,"New Wave, Pop Rock",1,266987,4.449783333333333
2026-03-21,Rock Latino,"Folk Rock, Progressive Rock",1,241213,4.020216666666666
2026-03-21,Electro-Tropical,"French Touch, Downtempo, House",1,222373,3.7062166666666667
2026-03-21,Rock Argentino,"Alternative Rock, Electro-Rock, Pop Rock",1,220795,3.6799166666666667
2026-03-21,Indie Pop,"Electro-Pop, Performático",1,209133,3.48555
2026-03-21,Nueva Trova Cubana,"Trova, Canción de Autor",1,205200,3.42
2026-03-21,Indie Rock,"Indie Folk, Alternative Rock",1,200093,3.3348833333333334
2026-03-21,Indie Rock,"Garage Rock, Post-Punk",1,194087,3.234783333333333
2026-03-21,Urbano Latino,"Alternative Hip-Hop, Industrial Rap, Post-Punk",1,193701,3.22835
2026-03-21,Alternative Pop,"Hip-Hop, Synth-Pop, Reggaeton / Dub",1,193464,3.2244
2026-03-21,Rock Argentino,"Reggae Rock, Post-Punk",1,191800,3.1966666666666668
2026-03-21,Canción de Autor,"Indie Folk, Canción Platense",1,178574,2.9762333333333335
2026-03-21,Reggae,Roots Reggae,1,177440,2.957333333333333
2026-03-21,Indie Pop,"Dream Pop, Slowcore",1,170326,2.838766666666667
2026-03-21,Candombe Beat,"MPB Uruguay, Psych Folk",1,168840,2.814
2026-03-21,Urbano Latino,"Reggaeton, Trap Latino, Synth-Pop, Mambo",1,156365,2.6060833333333333
2026-03-21,Indie Rock,"Post-Punk, Space Rock, Noise Pop",1,146467,2.441116666666667
2026-03-21,Indie Folk,Canción Latinoamericana,1,139896,2.3316
2026-03-21,Indie Pop,"R&B Urbano, Bedroom Pop",1,137053,2.2842166666666666
2026-03-21,Folklore Argentino,"Canción Latinoamericana, Fusion Folk",1,127428,2.1238
2026-03-21,Canción de Autor,"Candombe Beat, Folk Uruguayo",1,98693,1.6448833333333333
2026-03-21,Urbano Latino,"Electro Funk, Alternative Trap, Hip-Hop",2,9125,0.15208333333333335
2026-03-21,Rock Argentino,"Pop Rock, Piano Rock",1,5066,0.08443333333333333
2026-03-22,Indie / Unmapped,Alternative / Various,28,3244433,54.073883333333335
2026-03-22,Indie Rock,"Post-Punk, Space Rock, Noise Pop",4,890694,14.844899999999999
2026-03-22,Rock Argentino,"Reggae Rock, Post-Punk",4,629493,10.49155
2026-03-22,Rock Argentino,"Pop Rock, New Wave, Progressive Rock",4,481678,8.027966666666668
2026-03-22,Folk,"Singer-Songwriter, Vocal Jazz",2,428480,7.141333333333334
2026-03-22,Rock Stone,"Blues Rock, Rock and Roll",1,320640,5.344
2026-03-22,Rock Uruguayo,"Ska Rock, Punk Rock",1,260524,4.342066666666667
2026-03-22,Glam Rock,"Art Rock, Proto-Punk",1,255875,4.264583333333333
2026-03-22,Pop Rock,"Funk Pop, Electro Funk",1,243186,4.0531
2026-03-22,Alternative Rock,"Garage Rock Revival, Southern Rock",1,203347,3.3891166666666668
2026-03-22,Proto-Punk,"Art Rock, Garage Rock, Psychedelic Rock",1,197827,3.2971166666666667
2026-03-22,Indie Tropical,"Cumbia Pop, Funk Latino, Indie Rock",1,195355,3.255916666666667
2026-03-22,MPB Latino / Fusion,"Funk, Candombe Fusion, Pop Experimental",1,183840,3.064
2026-03-22,Neo-Psychedelia,"Indie Rock, Space Rock, Experimental",1,183251,3.0541833333333335
2026-03-22,Indie Rock,"Post-Punk, New Wave",1,155688,2.5948
2026-03-22,Canción de Autor,"Indie Folk, Canción Platense",1,130880,2.1813333333333333
2026-03-22,Rock Argentino,"Progressive Rock, Art Pop, Symphonic Rock",1,125733,2.09555
2026-03-22,Minimal Wave,"Post-Punk, Synth-Pop",1,22920,0.382
2026-03-22,Folktronica,"Experimental Electronic, Art Pop",2,18174,0.3029
2026-03-22,Folk Latinoamericano,"Bolero, Son Jarocho, Canción de Autor",1,4829,0.08048333333333334
2026-03-22,Urbano Latino,"Electro Funk, Alternative Trap, Hip-Hop",5,2725,0.04541666666666667
2026-03-22,Rock Argentino,"Alternative Rock, Post-Punk, Shoegaze",1,2276,0.03793333333333333
2026-03-22,Urbano Latino,"Reggaeton, Trap Latino, Synth-Pop, Mambo",1,1434,0.0239
2026-03-23,Indie / Unmapped,Alternative / Various,4,760986,12.6831
2026-03-23,Folk,"Singer-Songwriter, Vocal Jazz",1,214240,3.570666666666667
2026-03-23,Nueva Trova Cubana,"Trova, Canción de Autor",1,202240,3.3706666666666667
2026-03-23,Urbano Latino,"Electro Funk, Alternative Trap, Hip-Hop",1,0,0.0
2026-03-24,Nueva Trova Cubana,"Trova, Canción de Autor",16,2325154,38.75256666666667
2026-03-24,Indie / Unmapped,Alternative / Various,9,1020186,17.0031
2026-03-24,Canción de Autor,"Rock de Cámara, Experimental Folk",1,283147,4.719116666666666
2026-03-24,Canción de Autor,"Folktronica, Indie Folk",2,223600,3.7266666666666666
2026-03-24,Folk,"Singer-Songwriter, Vocal Jazz",1,13891,0.23151666666666668
2026-03-24,Indie Pop,"Dream Pop, R&B Soul",1,1278,0.0213
2026-03-24,Indie Rock,"Experimental, Dream Pop, Lo-Fi",1,155,0.0025833333333333333
2026-03-24,Urbano Latino,"Electro Funk, Alternative Trap, Hip-Hop",2,0,0.0
2026-03-25,Indie / Unmapped,Alternative / Various,1,559,0.009316666666666666
2026-03-26,Indie Rock,"Punk Folk, Experimental Rock",2,335452,5.590866666666667
2026-03-26,Indie / Unmapped,Alternative / Various,1,37,0.0006166666666666666
2026-03-26,Urbano Latino,"Electro Funk, Alternative Trap, Hip-Hop",1,0,0.0
2026-03-27,Indie / Unmapped,Alternative / Various,7,523398,8.7233
2026-03-27,Rock Argentino,"Pop Rock, New Wave, Progressive Rock",1,17854,0.29756666666666665
2026-03-27,Bedroom Pop,"Indie Pop, Chicano Batman Folk, Chicano R&B",1,99,0.00165
2026-03-28,Indie / Unmapped,Alternative / Various,56,6407113,106.78521666666667
2026-03-28,Rock Argentino,"Pop Rock, New Wave, Progressive Rock",5,1144701,19.07835
2026-03-28,Rock Argentino,"Post-Punk, Hard Rock",6,915557,15.259283333333332
2026-03-28,Urbano Latino,"Reggaeton, Trap Latino, Synth-Pop, Mambo",2,540844,9.014066666666666
2026-03-28,Folklore Argentino,"Canción Latinoamericana, Fusion Folk",2,326374,5.439566666666667
2026-03-28,Rock Argentino,"Progressive Rock, Art Pop, Symphonic Rock",2,299140,4.985666666666667
2026-03-28,Neo-Psychedelia,"Indie Rock, Space Rock, Experimental",1,287507,4.791783333333333
2026-03-28,World Music,"Folk Latinoamericano, Acoustic Indie",2,281308,4.688466666666667
2026-03-28,Rock Argentino,"Pop Rock, Piano Rock",2,274966,4.582766666666666
2026-03-28,Canción de Autor,"Folktronica, Indie Folk",1,264919,4.415316666666667
2026-03-28,Canción de Autor,"Candombe Beat, Folk Uruguayo",1,264435,4.40725
2026-03-28,Folk Rock,"Reggae Fusion, Canción Latinoamericana",1,254867,4.2477833333333335
2026-03-28,Rock Argentino,"Murga Rock, Candombe Rock, Blues Rock",1,241747,4.029116666666667
2026-03-28,Alternative Rock,"Funk Rock, Hard Rock",2,225699,3.76165
2026-03-28,Latin Fusion,"Indie Pop, Funk, Ska, Candombe Rock",1,209604,3.4934
2026-03-28,Rock Uruguayo,"Ska Rock, Punk Rock",1,205533,3.42555
2026-03-28,Indie Pop,"Canción de Autor, Art Pop",1,196600,3.276666666666667
2026-03-28,Rock Argentino,"Reggae Rock, Post-Punk",1,191800,3.1966666666666668
2026-03-28,Nueva Trova Cubana,"Trova, Canción de Autor",2,182963,3.049383333333333
2026-03-28,Canción de Autor,"Rock de Cámara, Experimental Folk",1,171907,2.8651166666666668
2026-03-28,Indie Pop,"R&B Urbano, Bedroom Pop",1,55468,0.9244666666666667
2026-03-28,Indie Rock,"Art Rock, Synth-Pop, Dance Rock",1,36394,0.6065666666666667
2026-03-28,Indie Rock,"Lo-Fi, Noise Pop, Post-Punk",1,32267,0.5377833333333333
2026-03-28,Rock Argentino,"Psych Rock, Folk Rock, Canción de Autor",1,30565,0.5094166666666666
2026-03-28,Rock Stone,"Blues Rock, Rock and Roll",1,30420,0.507
2026-03-28,Folk Latinoamericano,"Bolero, Son Jarocho, Canción de Autor",1,25029,0.41715
2026-03-28,Canción de Autor,"Indie Folk, Canción Platense",2,18303,0.30505000000000004
2026-03-28,Alternative Rock,"Art Rock, Experimental / Electronic Rock",1,17129,0.2854833333333333
2026-03-28,Reggae,Roots Reggae,1,9968,0.16613333333333333
2026-03-28,Trova Rosarina,"Canción de Autor, Folk Rock",1,7050,0.1175
2026-03-28,Indie Pop,"Indie Folk, Canción Pop / Canción Urbana",2,6489,0.10815
2026-03-28,Canción de Autor,"Jazz Fusion, Folklore Fusion, Pop Rock",1,5565,0.09275
2026-03-28,Urbano Latino,"Alternative Hip-Hop, Industrial Rap, Post-Punk",1,4732,0.07886666666666667
2026-03-28,Folk,"Singer-Songwriter, Vocal Jazz",1,3660,0.061
2026-03-28,Tango Canción,"Tango Fusion, Rock de Cámara",1,3240,0.054
2026-03-28,Indie Pop / Synth-Pop,"Folk-Pop, Chamber Pop",1,1392,0.0232
2026-03-29,Indie / Unmapped,Alternative / Various,40,7218856,120.31426666666667
2026-03-29,Rock Uruguayo,"Ska Rock, Punk Rock",8,1420067,23.667783333333333
2026-03-29,Rock Argentino,"Post-Punk, Hard Rock",4,1346587,22.443116666666665
2026-03-29,Rock Argentino,"Hard Rock, Funk Rock, Folklore Rock",5,785192,13.086533333333334
2026-03-29,Nueva Trova Cubana,"Trova, Canción de Autor",7,703601,11.726683333333334
2026-03-29,Rock Argentino,"Alternative Rock, Electro-Rock, Pop Rock",3,673729,11.228816666666667
2026-03-29,Rock Argentino,"Murga Rock, Candombe Rock, Blues Rock",2,645547,10.759116666666667
2026-03-29,Rock Argentino,"Reggae Rock, Post-Punk",2,438358,7.3059666666666665
2026-03-29,Neo-Soul,"Soul, Ska / Reggae, R&B",1,278000,4.633333333333334
2026-03-29,Rock Argentino,"Hard Rock, Heavy Blues",1,248897,4.1482833333333335
2026-03-29,Alternative Rock,"Funk Rock, Hard Rock",2,235969,3.9328166666666666
2026-03-29,Alternative Pop,"Hip-Hop, Synth-Pop, Reggaeton / Dub",1,233867,3.8977833333333334
2026-03-29,Rock Argentino,"Art Rock, Alternative Rock, Electronic Fusion",1,233747,3.895783333333333
2026-03-29,Folk,"Singer-Songwriter, Vocal Jazz",1,214240,3.570666666666667
2026-03-29,Indie Rock,"Canción de Autor, Bedroom Pop",1,205000,3.4166666666666665
2026-03-29,Alternative Rock,"Garage Rock Revival, Southern Rock",1,203347,3.3891166666666668
2026-03-29,Nuevo Flamenco,"Latin Alternative, Bolero Fusion, Experimental Pop",1,195547,3.259116666666667
2026-03-29,Latin Fusion,"Indie Pop, Funk, Ska, Candombe Rock",2,194123,3.2353833333333335
2026-03-29,Urbano Latino,"Reggaeton, Trap Latino, Synth-Pop, Mambo",1,172514,2.8752333333333335
2026-03-29,Indie Rock,"Experimental, Dream Pop, Lo-Fi",1,49390,0.8231666666666667
2026-03-29,Indie Rock,"Lo-Fi, Noise Pop, Post-Punk",1,8266,0.13776666666666668
2026-03-29,Folktronica,"Experimental Electronic, Art Pop",1,8111,0.13518333333333332
2026-03-29,Rock Argentino,"Pop Rock, New Wave, Progressive Rock",1,7774,0.12956666666666666
2026-03-29,Urbano Latino,"Electro Funk, Alternative Trap, Hip-Hop",1,3020,0.050333333333333334
2026-03-30,Indie / Unmapped,Alternative / Various,3,320150,5.335833333333333
2026-03-30,Indie Tropical,"Cumbia Pop, Funk Latino, Indie Rock",1,223451,3.7241833333333334
2026-03-30,Indie Folk,"Canción Latinoamericana, Avant-Garde Pop",1,39886,0.6647666666666666
2026-03-30,Rock Argentino,"Pop Rock, Piano Rock",1,16680,0.278
2026-03-30,Urbano Latino,"Electro Funk, Alternative Trap, Hip-Hop",2,410,0.006833333333333334
2026-03-31,Indie / Unmapped,Alternative / Various,1,216773,3.6128833333333334
2026-03-31,Tango Canción,"Tango Fusion, Rock de Cámara",1,119578,1.9929666666666668
2026-03-31,Indie Rock,"Canción de Autor, Bedroom Pop",1,62287,1.0381166666666666
2026-03-31,Indie Tropical,"Cumbia Pop, Funk Latino, Indie Rock",1,18785,0.3130833333333333
2026-03-31,Canción de Autor,"Indie Folk, Canción Platense",1,0,0.0
2026-04-02,Indie / Unmapped,Alternative / Various,14,1118737,18.645616666666665
2026-04-02,Rock Argentino,"Hard Rock, Funk Rock, Folklore Rock",4,609041,10.150683333333333
2026-04-02,Nueva Trova Cubana,"Trova, Canción de Autor",1,336400,5.6066666666666665
2026-04-02,Rock Argentino,"Pop Rock, New Wave, Progressive Rock",1,281933,4.698883333333334
2026-04-02,Synth-Pop,"New Wave, Pop Rock",1,266987,4.449783333333333
2026-04-02,Rock Argentino,"Alternative Rock, Electro-Rock, Pop Rock",1,260787,4.34645
2026-04-02,Neo-Soul,"R&B, Funk Calmo",2,225977,3.766283333333333
2026-04-02,Tango Canción,"Tango Fusion, Rock de Cámara",1,224720,3.7453333333333334
2026-04-02,Rock and Roll,"Garage Rock, Blues Rock",1,197120,3.2853333333333334
2026-04-02,Indie Rock,"Garage Rock, Post-Punk",1,194087,3.234783333333333
2026-04-02,Urbano Latino,"Electro Funk, Alternative Trap, Hip-Hop",1,185896,3.0982666666666665
2026-04-02,Indie Rock,"Post-Punk, Space Rock, Noise Pop",1,181766,3.0294333333333334
2026-04-02,Canción de Autor,"Indie Folk, Canción Platense",2,170307,2.83845
2026-04-02,Indie Tropical,"Cumbia Pop, Funk Latino, Indie Rock",1,169413,2.82355
2026-04-02,Alternative Hip-Hop,"Rap Rock, Urbano Latino, Fusion",1,100888,1.6814666666666667
2026-04-02,World Music,"Folk Latinoamericano, Acoustic Indie",1,80878,1.3479666666666668
2026-04-02,Indie Rock,"Experimental, Dream Pop, Lo-Fi",1,76967,1.2827833333333334
2026-04-02,Indie Rock,"Art Rock, Alternative Rock",1,13888,0.23146666666666665
2026-04-02,Hip-Hop,"Latin Rap, Chicano Rap, East Coast Hip-Hop",1,8903,0.14838333333333334
2026-04-02,Rock Argentino,"Hard Rock, Blues Rock, Proto-Punk, Folk Progresivo",1,6279,0.10465
2026-04-02,Indie Rock,"Indie Folk, Alternative Rock",1,5865,0.09775
2026-04-02,Indie Pop,"Jangle Pop, Post-Punk",1,5456,0.09093333333333334
2026-04-02,Trova Rosarina,"Canción de Autor, Folk Rock",1,4992,0.0832
2026-04-02,Canción de Autor,"Candombe Beat, Folk Uruguayo",1,4928,0.08213333333333334
2026-04-02,Rock Alternativo,"Experimental Folk, Post-Punk",1,3869,0.06448333333333334
2026-04-02,Indie Folk,"Acoustic, Singer-Songwriter",1,3122,0.052033333333333334
2026-04-02,Indie Pop,"Canción de Autor, Art Pop",1,2556,0.0426
2026-04-03,Indie / Unmapped,Alternative / Various,13,1074126,17.9021
2026-04-03,Folktronica,"Experimental Electronic, Art Pop",1,162167,2.7027833333333335
2026-04-03,World Music,"Folk Latinoamericano, Acoustic Indie",3,103645,1.7274166666666666
2026-04-03,Nuevo Flamenco,"Latin Alternative, Bolero Fusion, Experimental Pop",2,26691,0.44485
2026-04-04,Indie / Unmapped,Alternative / Various,112,20008691,333.47818333333333
2026-04-04,Folk Latinoamericano,"Bolero, Son Jarocho, Canción de Autor",7,987997,16.466616666666667
2026-04-04,Folk,"Singer-Songwriter, Vocal Jazz",2,428480,7.141333333333334
2026-04-04,Rock Argentino,"Art Rock, Alternative Rock, Electronic Fusion",2,370040,6.167333333333334
2026-04-04,Nueva Trova Cubana,"Trova, Canción de Autor",3,348182,5.8030333333333335
2026-04-04,Freak Folk,"Indie Folk, Psych Folk",2,337467,5.62445
2026-04-04,Indie Rock,"Experimental, Dream Pop, Lo-Fi",1,294307,4.905116666666666
2026-04-04,Rock Argentino,"Pop Rock, New Wave, Progressive Rock",2,283228,4.720466666666667
2026-04-04,Urbano Latino,"Reggaeton, Trap Latino, Synth-Pop, Mambo",2,107500,1.7916666666666667
2026-04-04,Proto-Punk,"Art Rock, Garage Rock, Psychedelic Rock",1,80392,1.3398666666666668
2026-04-04,Folktronica,"Experimental Electronic, Art Pop",1,1099,0.018316666666666665
2026-04-04,Indie Rock,"Art Rock, Synth-Pop, Dance Rock",1,366,0.0061
2026-04-05,Indie / Unmapped,Alternative / Various,47,6792766,113.21276666666667
2026-04-05,Rock Argentino,"Pop Rock, New Wave, Progressive Rock",5,774007,12.900116666666667
2026-04-05,Rock Argentino,"Alternative Rock, Electro-Rock, Pop Rock",3,470921,7.848683333333334
2026-04-05,Folk,"Singer-Songwriter, Vocal Jazz",2,341875,5.697916666666667
2026-04-05,Rock Argentino,"Art Rock, Jazz Rock, Folk Rock",1,334227,5.57045
2026-04-05,Rock Stone,"Blues Rock, Rock and Roll",1,320640,5.344
2026-04-05,Grunge,"Heavy Metal, Alternative Rock",1,318587,5.309783333333334
2026-04-05,Indie Folk,"Acoustic, Singer-Songwriter",3,274219,4.570316666666667
2026-04-05,Indie Rock,"Art Rock, Synth-Pop, Dance Rock",2,273372,4.5562
2026-04-05,Rock Argentino,"Art Rock, Alternative Rock, Electronic Fusion",1,269040,4.484
2026-04-05,Canción de Autor,"Candombe Beat, Folk Uruguayo",1,264435,4.40725
2026-04-05,Pop Rock,"Funk Pop, Electro Funk",1,243186,4.0531
2026-04-05,Indie Rock,"Alternative Rock, Garage Rock",1,233947,3.8991166666666666
2026-04-05,Folk Latinoamericano,"Bolero, Son Jarocho, Canción de Autor",3,233790,3.8965
2026-04-05,Indie Pop / Synth-Pop,"Folk-Pop, Chamber Pop",1,228965,3.8160833333333333
2026-04-05,Indie Tropical,"Cumbia Pop, Funk Latino, Indie Rock",1,228060,3.801
2026-04-05,Urbano Latino,"Alternative Hip-Hop, Industrial Rap, Post-Punk",1,216837,3.61395
2026-04-05,Rock Argentino,"Murga Rock, Candombe Rock, Blues Rock",3,216402,3.6067
2026-04-05,Freak Folk,"Indie Folk, Psych Folk",1,214063,3.5677166666666666
2026-04-05,MPB,"Bossa Nova, Jazz Vocal",1,214004,3.5667333333333335
2026-04-05,Nueva Trova Cubana,"Trova, Canción de Autor",3,209749,3.495816666666667
2026-04-05,Indie Rock,"Canción de Autor, Bedroom Pop",1,205000,3.4166666666666665
2026-04-05,MPB Latino / Fusion,"Funk, Candombe Fusion, Pop Experimental",1,192493,3.2082166666666665
2026-04-05,Classic Rock,"Blues Rock, Roots Rock",1,189653,3.1608833333333335
2026-04-05,Neo-Soul,"Bedroom Pop, R&B, Reggaeton Pop",1,160191,2.66985
2026-04-05,Indie Pop,"Canción de Autor, Art Pop",2,155479,2.5913166666666667
2026-04-05,Indie Rock,"Jangle Pop, Bedroom Pop, Psychedelic Pop",1,126224,2.1037333333333335
2026-04-05,Folktronica,"Experimental Electronic, Art Pop",1,60000,1.0
2026-04-05,Reggae,Roots Reggae,2,36487,0.6081166666666666
2026-04-05,Rock Argentino,"Hard Rock, Blues Rock, Proto-Punk, Folk Progresivo",1,28730,0.47883333333333333
2026-04-05,Alternative Pop,"Hip-Hop, Synth-Pop, Reggaeton / Dub",1,9552,0.1592
2026-04-05,Rock Argentino,"Pop Rock, Piano Rock",2,8741,0.14568333333333333
2026-04-05,Indie Rock,"Experimental, Dream Pop, Lo-Fi",1,6618,0.1103
2026-04-05,Electro Cumbia,"Tropical Bass, Latin Alternative",1,3729,0.06215
2026-04-05,Garage Rock,"Acoustic Blues, Indie Rock",1,2684,0.04473333333333333
2026-04-06,Canción de Autor,"Indie Pop, Folk Latinoamericano",1,186277,3.104616666666667
2026-04-07,Indie / Unmapped,Alternative / Various,5,589536,9.8256
2026-04-07,Nuevo Flamenco,"Latin Alternative, Bolero Fusion, Experimental Pop",5,372837,6.2139500000000005
2026-04-07,Rock Argentino,"Art Rock, Jazz Rock, Folk Rock",1,288093,4.80155
2026-04-07,Alternative R&B,"Bedroom Pop, Funk, Indie Rock",2,110320,1.8386666666666667
2026-04-07,Indie Folk,"Canción Latinoamericana, Avant-Garde Pop",2,46946,0.7824333333333334
2026-04-07,Indie Rock,"Art Rock, Alternative Rock",2,33764,0.5627333333333333
2026-04-07,Urbano Latino,"Electro Funk, Alternative Trap, Hip-Hop",4,30882,0.5147
2026-04-07,Lo-Fi House,"Electronic, Chillwave",2,1978,0.032966666666666665
2026-04-08,Indie Rock,"Experimental, Dream Pop, Lo-Fi",1,51,0.00085
2026-04-09,Indie / Unmapped,Alternative / Various,11,2187164,36.452733333333335
2026-04-09,Rock Argentino,"Pop Rock, New Wave, Progressive Rock",2,543800,9.063333333333333
2026-04-09,Indie Rock,"Art Rock, Alternative Rock",1,401253,6.68755
2026-04-09,Rock Argentino,"Alternative Rock, Electro-Rock, Pop Rock",2,361600,6.026666666666666
2026-04-09,Rock Argentino,"Hard Rock, Blues Rock, Proto-Punk, Folk Progresivo",1,304827,5.08045
2026-04-09,Pop Rock,"Funk Pop, Electro Funk",1,243186,4.0531
2026-04-09,Indie Tropical,"Cumbia Pop, Funk Latino, Indie Rock",1,241083,4.01805
2026-04-09,Electro-Tropical,"French Touch, Downtempo, House",1,222373,3.7062166666666667
2026-04-09,Candombe Beat,"MPB Uruguay, Psych Folk",1,168840,2.814
2026-04-09,MPB Latino / Fusion,"Funk, Candombe Fusion, Pop Experimental",1,152692,2.5448666666666666
2026-04-09,Folklore Argentino,"Canción Latinoamericana, Fusion Folk",1,83876,1.3979333333333333
2026-04-09,Neo-Psychedelia,"Indie Rock, Space Rock, Experimental",1,78,0.0013
2026-04-10,Indie / Unmapped,Alternative / Various,21,5166837,86.11395
2026-04-10,Rock Argentino,"Pop Rock, New Wave, Progressive Rock",3,665814,11.0969
2026-04-10,Canción de Autor,"Indie Folk, Canción Platense",3,530772,8.8462
2026-04-10,Rock Argentino,"Pop Rock, Piano Rock",2,488307,8.138449999999999
2026-04-10,Rock Argentino,"Folk Rock, Progressive Rock",2,419160,6.986000000000001
2026-04-10,Reggae,Roots Reggae,2,403092,6.7181999999999995
2026-04-10,Canción de Autor,"Rock de Cámara, Experimental Folk",2,388733,6.478883333333334
2026-04-10,Rock Argentino,"Alternative Rock, Electro-Rock, Pop Rock",2,361371,6.02285
2026-04-10,Indie Pop,"Indie Folk, Canción Pop / Canción Urbana",2,341957,5.699283333333334
2026-04-10,Hard Rock,"Blues Rock, Folk Rock, Heavy Metal Primigenio",1,337110,5.6185
2026-04-10,Indie Rock,"Art Rock, Alternative Rock",1,325547,5.425783333333333
2026-04-10,Art Pop,"Experimental Electronic, House",1,316573,5.2762166666666666
2026-04-10,Hardcore Punk,"Melodic Hardcore, Alternative Rock",1,314803,5.246716666666667
2026-04-10,Rock Argentino,"Art Rock, Jazz Rock, Folk Rock",1,288093,4.80155
2026-04-10,Indie Pop,"Canción de Autor, Art Pop",2,285740,4.762333333333333
2026-04-10,Nuevo Flamenco,"Latin Alternative, Bolero Fusion, Experimental Pop",1,246298,4.104966666666667
2026-04-10,Urbano Latino,"Reggaeton, Trap Latino, Synth-Pop, Mambo",1,244444,4.074066666666667
2026-04-10,Latin Alternative,"Flamenco Pop, Urbano Latino, Rumba",1,242497,4.041616666666667
2026-04-10,Latin Fusion,"Indie Pop, Funk, Ska, Candombe Rock",1,240300,4.005
2026-04-10,Rock Argentino,"Post-Punk, Hard Rock",1,239907,3.99845
2026-04-10,Rock Argentino,"Hard Rock, Funk Rock, Folklore Rock",1,238733,3.9788833333333335
2026-04-10,Synth-Pop,"New Wave, Pop Rock",1,236813,3.9468833333333335
2026-04-10,Folklore Argentino,"Canción Latinoamericana, Fusion Folk",1,234151,3.9025166666666666
2026-04-10,Indie Rock,"Jangle Pop, Bedroom Pop, Psychedelic Pop",1,231724,3.8620666666666668
2026-04-10,Freak Folk,"Indie Folk, Psych Folk",1,214063,3.5677166666666666
2026-04-10,Canción de Autor,"Indie Pop, Folk Latinoamericano",1,212575,3.5429166666666667
2026-04-10,Indie Tropical,"Cumbia Pop, Funk Latino, Indie Rock",1,207610,3.460166666666667
2026-04-10,Rock Progresivo,"Symphonic Rock, Fusion",1,200693,3.344883333333333
2026-04-10,Indie Folk,"Acoustic, Singer-Songwriter",1,196893,3.28155
2026-04-10,Classic Rock,"Garage Rock, Folk Rock, Proto-Punk",1,194520,3.242
2026-04-10,Classic Rock,"Blues Rock, Roots Rock",1,189653,3.1608833333333335
2026-04-10,Indie Rock,"Art Rock, Synth-Pop, Dance Rock",1,186336,3.1056
2026-04-10,Alternative Rock,"Funk Rock, Hard Rock",1,186148,3.1024666666666665
2026-04-10,New Wave,"Post-Punk, Pop Rock",1,184093,3.068216666666667
2026-04-10,Indie Pop,"R&B Urbano, Bedroom Pop",1,180427,3.0071166666666667
2026-04-10,Reggae Fusion,"Dub, Ska",1,174656,2.9109333333333334
2026-04-10,Proto-Punk,"Art Rock, Garage Rock, Psychedelic Rock",1,159000,2.65
2026-04-10,Rock Argentino,"Progressive Rock, Art Pop, Symphonic Rock",1,140604,2.3434
2026-04-10,Rock Argentino,"Alternative Rock, Funk Rock, Hard Rock",1,60004,1.0000666666666667
2026-04-10,Rock Latino,"Folk Rock, Progressive Rock",1,362,0.006033333333333333
2026-04-11,Indie / Unmapped,Alternative / Various,67,10338530,172.30883333333333
2026-04-11,Rock Argentino,"Pop Rock, New Wave, Progressive Rock",4,918867,15.314449999999999
2026-04-11,Indie Rock,"Post-Punk, Space Rock, Noise Pop",5,680762,11.346033333333333
2026-04-11,Nueva Trova Cubana,"Trova, Canción de Autor",2,499483,8.324716666666667
2026-04-11,Rock Argentino,"Art Rock, Jazz Rock, Folk Rock",2,485840,8.097333333333333
2026-04-11,Rock Argentino,"Post-Punk, Hard Rock",1,429400,7.156666666666666
2026-04-11,Indie Rock,"Canción de Autor, Bedroom Pop",2,414400,6.906666666666666
2026-04-11,Rock Argentino,"Hard Rock, Blues Rock, Proto-Punk, Folk Progresivo",1,311560,5.192666666666667
2026-04-11,Rock Argentino,"Progressive Rock, Art Pop, Symphonic Rock",2,284182,4.736366666666666
2026-04-11,Synth-Pop,"New Wave, Pop Rock",1,236813,3.9468833333333335
2026-04-11,Canción de Autor,"Candombe Beat, Folk Uruguayo",1,233462,3.891033333333333
2026-04-11,Rock Argentino,"Hard Rock, Heavy Blues",2,232459,3.8743166666666666
2026-04-11,Indie Pop,"Dream Pop, R&B Soul",1,208240,3.470666666666667
2026-04-11,Folk,"Singer-Songwriter, Vocal Jazz",1,207507,3.45845
2026-04-11,Rock Uruguayo,"Ska Rock, Punk Rock",1,205533,3.42555
2026-04-11,Indie Rock,"Art Rock, Synth-Pop, Dance Rock",1,205366,3.4227666666666665
2026-04-11,Nuevo Flamenco,"Latin Alternative, Bolero Fusion, Experimental Pop",1,195547,3.259116666666667
2026-04-11,Rock Argentino,"Reggae Rock, Post-Punk",1,191800,3.1966666666666668
2026-04-11,Indie Rock,"Lo-Fi, Noise Pop, Post-Punk",1,50521,0.8420166666666666
2026-04-11,Neo-Soul,"R&B, Funk Calmo",1,48269,0.8044833333333333
2026-04-11,Urbano Latino,"Alternative Hip-Hop, Industrial Rap, Post-Punk",1,37272,0.6212
2026-04-11,Rock Argentino,"Pop Rock, Piano Rock",1,36600,0.61
2026-04-11,Rock Argentino,"Latin Rock, Ska Rock, Cumbia Rock",1,33304,0.5550666666666667
2026-04-11,World Music,"Folk Latinoamericano, Acoustic Indie",1,29057,0.48428333333333334
2026-04-11,Alternative Rock,"Singer-Songwriter, Folk Rock",1,14368,0.23946666666666666
2026-04-11,Urbano Latino,"Hip-Hop, Funk Carioca, Boom Bap, Trap",2,11150,0.18583333333333332
2026-04-11,Rock Argentino,"Murga Rock, Candombe Rock, Blues Rock",1,4314,0.0719
2026-04-11,Rock Argentino,"Hard Rock, Funk Rock, Folklore Rock",1,3967,0.06611666666666667
2026-04-11,Alternative Hip-Hop,"Rap Rock, Urbano Latino, Fusion",1,2310,0.0385
2026-04-11,Indie Pop,"R&B Urbano, Bedroom Pop",1,1275,0.02125
2026-04-11,Alternative Rock,"Dream Pop, Grunge",1,1132,0.018866666666666667
2026-04-12,Indie / Unmapped,Alternative / Various,64,8738289,145.63815
2026-04-12,Rock Argentino,"Pop Rock, New Wave, Progressive Rock",4,568480,9.474666666666668
2026-04-12,Indie Rock,"Post-Punk, Space Rock, Noise Pop",3,545760,9.096
2026-04-12,Nueva Trova Cubana,"Trova, Canción de Autor",4,457209,7.620150000000001
2026-04-12,Indie Rock,"Experimental, Dream Pop, Lo-Fi",1,294307,4.905116666666666
2026-04-12,Folk Latinoamericano,"Bolero, Son Jarocho, Canción de Autor",2,217065,3.61775
2026-04-12,Folk,"Singer-Songwriter, Vocal Jazz",2,127927,2.1321166666666667
2026-04-12,Indie Folk,Canción Latinoamericana,1,21153,0.35255
2026-04-12,Freak Folk,"Indie Folk, Psych Folk",1,13770,0.2295
2026-04-12,Rock Argentino,"Pop Rock, Piano Rock",1,4805,0.08008333333333334
2026-04-12,Urbano Latino,"Reggaeton, Trap Latino, Synth-Pop, Mambo",1,2279,0.037983333333333334
2026-04-12,Folktronica,"Experimental Electronic, Art Pop",1,1983,0.03305
2026-04-13,Rock Argentino,"Post-Punk, Hard Rock",1,247,0.004116666666666667
2026-04-14,Indie / Unmapped,Alternative / Various,7,1077120,17.951999999999998
2026-04-14,Indie Rock,"Post-Punk, Space Rock, Noise Pop",2,363840,6.064
2026-04-14,Indie Pop / Synth-Pop,"Folk-Pop, Chamber Pop",1,228965,3.8160833333333333
2026-04-14,Folk Latinoamericano,"Bolero, Son Jarocho, Canción de Autor",2,198110,3.3018333333333336
2026-04-14,Indie Folk,"Acoustic, Singer-Songwriter",1,67700,1.1283333333333334
2026-04-14,Urbano Latino,"Electro Funk, Alternative Trap, Hip-Hop",1,2289,0.03815
2026-04-15,Indie Rock,"Art Rock, Alternative Rock",1,160,0.0026666666666666666
2026-04-15,Urbano Latino,"Electro Funk, Alternative Trap, Hip-Hop",1,0,0.0
2026-04-16,Indie / Unmapped,Alternative / Various,1,33940,0.5656666666666667
2026-04-16,Rock Argentino,"Alternative Rock, Electro-Rock, Pop Rock",1,671,0.011183333333333333
2026-04-16,Urbano Latino,"Hip-Hop, Funk Carioca, Boom Bap, Trap",1,0,0.0
2026-04-17,Indie / Unmapped,Alternative / Various,21,2389869,39.83115
2026-04-17,Nuevo Flamenco,"Latin Alternative, Bolero Fusion, Experimental Pop",2,28991,0.48318333333333335
2026-04-17,Nueva Trova Cubana,"Trova, Canción de Autor",1,4415,0.07358333333333333
2026-04-17,Urbano Latino,"Hip-Hop, Funk Carioca, Boom Bap, Trap",1,0,0.0
2026-04-18,Indie / Unmapped,Alternative / Various,74,12187041,203.11735
2026-04-18,Neo-Soul,"Bedroom Pop, R&B, Reggaeton Pop",5,965208,16.0868
2026-04-18,Rock Argentino,"Alternative Rock, Electro-Rock, Pop Rock",4,672232,11.203866666666666
2026-04-18,Indie Rock,"Jangle Pop, Bedroom Pop, Psychedelic Pop",3,625171,10.419516666666667
2026-04-18,Rock Argentino,"Pop Rock, New Wave, Progressive Rock",3,566677,9.444616666666667
2026-04-18,Rock Alternativo,"Experimental Folk, Post-Punk",5,496292,8.271533333333334
2026-04-18,Indie Rock,"Alternative Rock, Garage Rock",2,289273,4.8212166666666665
2026-04-18,Rock Argentino,"Art Rock, Alternative Rock, Electronic Fusion",1,271373,4.522883333333334
2026-04-18,Rock Argentino,"Art Rock, Jazz Rock, Folk Rock",2,247903,4.131716666666667
2026-04-18,Pop / R&B,"Dancehall, Trap R&B, Hip-Hop",1,224000,3.7333333333333334
2026-04-18,Rock Stone,"Blues Rock, Rock and Roll",1,200107,3.3351166666666665
2026-04-18,Pop Rock,"Funk Pop, Electro Funk",1,197000,3.283333333333333
2026-04-18,Indie Rock,"Post-Punk, Space Rock, Noise Pop",1,181920,3.032
2026-04-18,Rock Argentino,"Folk Rock, Progressive Rock",1,90973,1.5162166666666668
2026-04-19,Rock Alternativo,"Experimental Folk, Post-Punk",42,6673654,111.22756666666666
2026-04-19,Indie / Unmapped,Alternative / Various,26,4220224,70.33706666666667
2026-04-19,Neo-Soul,"Bedroom Pop, R&B, Reggaeton Pop",3,523453,8.724216666666667
2026-04-19,Indie Rock,"Alternative Rock, Garage Rock",1,243132,4.0522
2026-04-19,Neo-Soul,"Soul, Ska / Reggae, R&B",1,240440,4.007333333333333
2026-04-19,Indie Rock,"Jangle Pop, Bedroom Pop, Psychedelic Pop",1,190846,3.1807666666666665
2026-04-19,Indie Rock,"Post-Punk, Space Rock, Noise Pop",1,181920,3.032
2026-04-19,Rock Argentino,"Art Rock, Alternative Rock, Electronic Fusion",2,35916,0.5986
2026-04-19,Synth-Pop,"New Wave, Pop Rock",8,9875,0.16458333333333333
2026-04-20,Rock Alternativo,"Experimental Folk, Post-Punk",17,2856765,47.61275
2026-04-20,Indie / Unmapped,Alternative / Various,1,3798,0.0633
2026-04-20,Urbano Latino,"Electro Funk, Alternative Trap, Hip-Hop",3,1588,0.026466666666666666
2026-04-20,Indie Rock,"Post-Punk, Space Rock, Noise Pop",1,109,0.0018166666666666667
2026-04-20,Synth-Pop,"New Wave, Pop Rock",1,0,0.0
2026-04-21,Indie / Unmapped,Alternative / Various,6,995370,16.5895
2026-04-21,Indie Rock,"Art Rock, Alternative Rock",1,36896,0.6149333333333333
2026-04-21,Pop Rock,"Funk Pop, Electro Funk",1,14740,0.24566666666666667
2026-04-21,Reggae,Roots Reggae,1,13285,0.22141666666666668
2026-04-21,Urbano Latino,"Electro Funk, Alternative Trap, Hip-Hop",1,0,0.0
2026-04-22,Nueva Trova Cubana,"Trova, Canción de Autor",1,127101,2.11835
2026-04-22,Urbano Latino,"Reggaeton, Trap Latino, Synth-Pop, Mambo",1,0,0.0
2026-04-23,Indie Rock,"Jangle Pop, Bedroom Pop, Psychedelic Pop",13,2551989,42.53315
2026-04-23,Indie / Unmapped,Alternative / Various,11,1940529,32.34215
2026-04-23,Grunge,"Alternative Rock, Classic Rock Revival",1,214992,3.5832
2026-04-23,Folk Latinoamericano,"Bolero, Son Jarocho, Canción de Autor",1,197987,3.2997833333333335
2026-04-23,Indie Rock,"Alternative Rock, Garage Rock",1,183956,3.065933333333333
2026-04-23,Indie Rock,"Post-Punk, Space Rock, Noise Pop",1,181920,3.032
2026-04-23,Urbano Latino,"Hip-Hop, Funk Carioca, Boom Bap, Trap",1,1405,0.023416666666666665
2026-04-23,Indie Pop,"Synth-Pop, Bedroom Pop",1,105,0.00175
2026-04-23,Urbano Latino,"Reggaeton, Trap Latino, Synth-Pop, Mambo",2,0,0.0
2026-04-24,Indie Rock,"Jangle Pop, Bedroom Pop, Psychedelic Pop",141,27619629,460.32715
2026-04-24,Indie / Unmapped,Alternative / Various,14,2505384,41.7564
2026-04-24,Urbano Latino,"Hip-Hop, Funk Carioca, Boom Bap, Trap",7,12151,0.20251666666666668
2026-04-24,Grunge,"Alternative Rock, Classic Rock Revival",1,4156,0.06926666666666667
2026-04-25,Indie / Unmapped,Alternative / Various,106,18014955,300.24925
2026-04-25,Neo-Soul,"Bedroom Pop, R&B, Reggaeton Pop",18,2244686,37.411433333333335
2026-04-25,Indie Rock,"Jangle Pop, Bedroom Pop, Psychedelic Pop",13,312822,5.213699999999999
2026-04-25,Rock Argentino,"Post-Punk, Hard Rock",2,275660,4.594333333333333
2026-04-25,Grunge,"Alternative Rock, Classic Rock Revival",1,68106,1.1351
2026-04-26,Indie / Unmapped,Alternative / Various,69,11536191,192.26985
2026-04-26,Rock Argentino,"Post-Punk, Hard Rock",5,533081,8.884683333333333
2026-04-26,Indie Rock,"Jangle Pop, Bedroom Pop, Psychedelic Pop",3,388873,6.481216666666667
2026-04-26,Neo-Soul,"Bedroom Pop, R&B, Reggaeton Pop",1,222384,3.7064
2026-04-26,Nuevo Flamenco,"Latin Alternative, Bolero Fusion, Experimental Pop",1,195547,3.259116666666667
2026-04-26,Indie Rock,"Post-Punk, Space Rock, Noise Pop",1,181920,3.032
2026-04-26,Rock Argentino,"Alternative Rock, Electro-Rock, Pop Rock",2,88141,1.4690166666666666
2026-04-27,Indie / Unmapped,Alternative / Various,5,856088,14.268133333333333
2026-04-27,Neo-Soul,"Bedroom Pop, R&B, Reggaeton Pop",1,176133,2.93555
2026-04-28,Indie Rock,"Jangle Pop, Bedroom Pop, Psychedelic Pop",1,201,0.00335
2026-04-28,Urbano Latino,"Electro Funk, Alternative Trap, Hip-Hop",1,0,0.0
2026-04-29,Indie / Unmapped,Alternative / Various,18,2735924,45.598733333333335
2026-04-29,Indie Rock,"Jangle Pop, Bedroom Pop, Psychedelic Pop",1,207160,3.4526666666666666
2026-04-29,MPB Latino / Fusion,"Funk, Candombe Fusion, Pop Experimental",1,289,0.004816666666666667
2026-04-29,Urbano Latino,"Electro Funk, Alternative Trap, Hip-Hop",1,240,0.004
2026-04-30,Indie / Unmapped,Alternative / Various,24,4752611,79.21018333333333
2026-04-30,Rock Alternativo,"Experimental Folk, Post-Punk",13,2443923,40.73205
2026-04-30,Indie Rock,"Experimental, Dream Pop, Lo-Fi",9,1800568,30.00946666666667
2026-04-30,Rock Argentino,"Alternative Rock, Funk Rock, Hard Rock",4,816720,13.612
2026-04-30,Indie Rock,"Garage Rock, Post-Punk",4,796897,13.281616666666666
2026-04-30,Indie Rock,"Canción de Autor, Bedroom Pop",2,485986,8.099766666666667
2026-04-30,Canción de Autor,"Rock de Cámara, Experimental Folk",2,357706,5.961766666666667
2026-04-30,Folktronica,"Experimental Electronic, Art Pop",1,245560,4.092666666666666
2026-04-30,Folklore Argentino,"Canción Latinoamericana, Fusion Folk",1,234151,3.9025166666666666
2026-04-30,Indie Rock,"Art Rock, Synth-Pop, Dance Rock",1,199,0.0033166666666666665
2026-05-01,Indie / Unmapped,Alternative / Various,34,5342142,89.0357
2026-05-01,Rock Alternativo,"Experimental Folk, Post-Punk",1,257701,4.295016666666666
2026-05-01,Indie Tropical,"Cumbia Pop, Funk Latino, Indie Rock",1,1085,0.018083333333333333
2026-05-01,Indie Rock,"Art Rock, Synth-Pop, Dance Rock",1,148,0.0024666666666666665
2026-05-02,Indie / Unmapped,Alternative / Various,42,8189226,136.4871
2026-05-02,Indie Rock,"Jangle Pop, Bedroom Pop, Psychedelic Pop",15,2962342,49.372366666666665
2026-05-02,Nuevo Flamenco,"Latin Alternative, Bolero Fusion, Experimental Pop",9,1878311,31.305183333333332
2026-05-02,Funk / Hip-Hop,"Latin Funk, Rap Rock, R&B",12,1160996,19.349933333333333
2026-05-02,Rock Argentino,"Pop Rock, New Wave, Progressive Rock",2,282545,4.709083333333334
2026-05-02,Art Pop,"Experimental Electronic, House",1,222737,3.712283333333333
2026-05-02,Folk Latinoamericano,"Bolero, Son Jarocho, Canción de Autor",1,221800,3.6966666666666668
2026-05-02,Rock Argentino,"Alternative Rock, Funk Rock, Hard Rock",1,216857,3.6142833333333333
2026-05-02,Rock Argentino,"Alternative Rock, Electro-Rock, Pop Rock",1,205493,3.4248833333333333
2026-05-02,Indie Rock,"Experimental, Dream Pop, Lo-Fi",1,188639,3.1439833333333334
2026-05-02,Indie Rock,"Post-Punk, Space Rock, Noise Pop",1,156545,2.6090833333333334
2026-05-02,Folklore Argentino,"Canción Latinoamericana, Fusion Folk",1,127428,2.1238
2026-05-02,Neo-Soul,"Bedroom Pop, R&B, Reggaeton Pop",1,110527,1.8421166666666666
2026-05-02,Indie Pop,"Indie Folk, Canción Pop / Canción Urbana",2,21275,0.35458333333333336
2026-05-02,Rock Argentino,"Hard Rock, Blues Rock, Proto-Punk, Folk Progresivo",1,5202,0.0867
2026-05-02,Rock Argentino,"Art Rock, Jazz Rock, Folk Rock",1,3503,0.058383333333333336
2026-05-02,Indie Pop,"Canción de Autor, Art Pop",1,1375,0.022916666666666665
2026-05-02,Urbano Latino,"Hip-Hop, Funk Carioca, Boom Bap, Trap",3,56,0.0009333333333333333
2026-05-03,Indie / Unmapped,Alternative / Various,99,10577918,176.29863333333333
2026-05-03,Indie Rock,"Alternative Rock, Garage Rock",23,3907664,65.12773333333334
2026-05-03,Indie Rock,"Jangle Pop, Bedroom Pop, Psychedelic Pop",6,837450,13.957500000000001
2026-05-03,Indie Folk,"Americana, Acoustic",7,829084,13.818066666666667
2026-05-03,Rock Alternativo,"Experimental Folk, Post-Punk",2,515402,8.590033333333333
2026-05-03,Rock Uruguayo,"Ska Rock, Punk Rock",2,277894,4.631566666666667
2026-05-03,Folk,"Singer-Songwriter, Vocal Jazz",1,141787,2.3631166666666665
2026-05-03,Rock Argentino,"Alternative Rock, Electro-Rock, Pop Rock",3,127826,2.1304333333333334
2026-05-03,Indie Rock,"Post-Punk, Space Rock, Noise Pop",1,88880,1.4813333333333334
2026-05-03,Indie Pop,"Jangle Pop, Post-Punk",1,41520,0.692
2026-05-03,Rock Argentino,"Folk Rock, Progressive Rock",1,20207,0.3367833333333333
2026-05-03,Urbano Latino,"Alternative Hip-Hop, Industrial Rap, Post-Punk",1,7500,0.125
2026-05-03,Indie Pop,"Indie Folk, Canción Pop / Canción Urbana",2,93,0.00155
2026-05-04,Indie / Unmapped,Alternative / Various,9,1969559,32.82598333333333
2026-05-04,Latin Fusion,"Indie Pop, Funk, Ska, Candombe Rock",5,1174757,19.579283333333333
2026-05-04,Indie Tropical,"Cumbia Pop, Funk Latino, Indie Rock",3,649429,10.823816666666668
2026-05-04,Rock Argentino,"Murga Rock, Candombe Rock, Blues Rock",2,534147,8.90245
2026-05-04,Rock Latino,"Folk Rock, Progressive Rock",2,429372,7.1562
2026-05-04,Rock Stone,"Blues Rock, Rock and Roll",2,414707,6.911783333333333
2026-05-04,MPB Latino / Fusion,"Funk, Candombe Fusion, Pop Experimental",1,154733,2.578883333333333
2026-05-05,Indie / Unmapped,Alternative / Various,9,1406795,23.446583333333333
2026-05-05,Rock Latino,"Folk Rock, Progressive Rock",5,1172836,19.547266666666665
2026-05-05,Latin Fusion,"Indie Pop, Funk, Ska, Candombe Rock",3,645077,10.751283333333333
2026-05-05,Rock Argentino,"Hard Rock, Funk Rock, Folklore Rock",2,484947,8.082450000000001
2026-05-05,Rock Argentino,"Murga Rock, Candombe Rock, Blues Rock",1,261133,4.352216666666667
2026-05-05,Indie Tropical,"Cumbia Pop, Funk Latino, Indie Rock",1,259915,4.331916666666666
2026-05-05,Rock Uruguayo,"Ska Rock, Punk Rock",1,205533,3.42555
2026-05-05,Rock Argentino,"Pop Rock, New Wave, Progressive Rock",1,184667,3.0777833333333335
2026-05-06,Indie / Unmapped,Alternative / Various,8,952691,15.878183333333334
2026-05-06,Rock Argentino,"Art Rock, Jazz Rock, Folk Rock",1,843,0.01405
2026-05-08,Pop / R&B,"Dancehall, Trap R&B, Hip-Hop",1,106,0.0017666666666666666
2026-05-09,Indie / Unmapped,Alternative / Various,52,8155547,135.92578333333333
2026-05-09,Classic Rock,"Blues Rock, Roots Rock",3,561116,9.351933333333333
2026-05-09,Neo-Psychedelia,"Indie Rock, Space Rock, Experimental",2,469893,7.83155
2026-05-09,Neo-Soul,"Soul, Ska / Reggae, R&B",2,447373,7.456216666666667
2026-05-09,Indie Tropical,"Cumbia Pop, Funk Latino, Indie Rock",3,357719,5.961983333333333
2026-05-09,Rock Argentino,"Murga Rock, Candombe Rock, Blues Rock",2,343320,5.722
2026-05-09,French House,"Electronic, Synth-Pop, Nu-Disco",1,301373,5.022883333333334
2026-05-09,Reggae,Roots Reggae,1,271000,4.516666666666667
2026-05-09,Rock Latino,"Folk Rock, Progressive Rock",1,258427,4.3071166666666665
2026-05-09,Rock Alternativo,"Experimental Folk, Post-Punk",2,257709,4.29515
2026-05-09,Rock Argentino,"Alternative Rock, Electro-Rock, Pop Rock",2,254343,4.23905
2026-05-09,Folktronica,"Experimental Electronic, Art Pop",1,246839,4.1139833333333335
2026-05-09,Latin Fusion,"Indie Pop, Funk, Ska, Candombe Rock",3,240479,4.007983333333333
2026-05-09,Alternative R&B,"Bedroom Pop, Funk, Indie Rock",1,232115,3.8685833333333335
2026-05-09,Neo-Soul,"Bedroom Pop, R&B, Reggaeton Pop",1,222384,3.7064
2026-05-09,Indie Rock,"Art Rock, Synth-Pop, Dance Rock",1,205366,3.4227666666666665
2026-05-09,Electro-Pop,"Synth-Pop, Dance-Pop",1,203355,3.38925
2026-05-09,Nueva Trova Cubana,"Trova, Canción de Autor",1,202240,3.3706666666666667
2026-05-09,Indie Rock,"Jangle Pop, Bedroom Pop, Psychedelic Pop",2,197660,3.2943333333333333
2026-05-09,Low Rock,"Alternative Rock, Jazz Rock, Blues Rock",1,194093,3.2348833333333333
2026-05-09,Dream Pop,"Shoegaze, Post-Punk, Etherial Wave",1,192467,3.2077833333333334
2026-05-09,Alternative Hip-Hop,"Rap Rock, Urbano Latino, Fusion",1,181454,3.0242333333333336
2026-05-09,Tango Canción,"Tango Fusion, Rock de Cámara",1,147117,2.45195
2026-05-09,Rock Argentino,"Psych Rock, Folk Rock, Canción de Autor",1,119187,1.98645
2026-05-09,Folklore Argentino,"Canción Latinoamericana, Fusion Folk",1,46547,0.7757833333333334
2026-05-09,Hyperpop,"Dance-Pop, Synth-Pop, Electronic",1,15784,0.26306666666666667
2026-05-09,Pop / R&B,"Dancehall, Trap R&B, Hip-Hop",1,13913,0.23188333333333333
2026-05-09,Alternative Rock,"Art Rock, Experimental / Electronic Rock",1,361,0.006016666666666667
2026-05-10,Indie / Unmapped,Alternative / Various,24,4714541,78.57568333333333
2026-05-10,Indie Rock,"Jangle Pop, Bedroom Pop, Psychedelic Pop",31,4646620,77.44366666666667
2026-05-10,Rock Argentino,"Pop Rock, New Wave, Progressive Rock",3,694040,11.567333333333334
2026-05-10,Rock Argentino,"Art Rock, Jazz Rock, Folk Rock",2,462427,7.707116666666667
2026-05-10,Rock Argentino,"Post-Punk, Hard Rock",1,429400,7.156666666666666
2026-05-10,Rock Progresivo,"Symphonic Rock, Fusion",3,393629,6.560483333333334
2026-05-10,MPB Latino / Fusion,"Funk, Candombe Fusion, Pop Experimental",3,389600,6.493333333333333
2026-05-10,Indie Pop,"Psicodelia, Bedroom Pop",1,360533,6.008883333333333
2026-05-10,Canción de Autor,"Candombe Beat, Folk Uruguayo",3,318854,5.314233333333333
2026-05-10,Contemporary R&B,"Neo-Soul, Alternative R&B",1,279204,4.6534
2026-05-10,Rock en Español,"Latin Alternative, Experimental Rock",1,278573,4.642883333333334
2026-05-10,Funk / Hip-Hop,"Latin Funk, Rap Rock, R&B",1,277707,4.62845
2026-05-10,Folk,"Singer-Songwriter, Vocal Jazz",1,273573,4.55955
2026-05-10,Lo-Fi House,"Electronic, Chillwave",1,273059,4.550983333333333
2026-05-10,Folktronica,"Experimental Electronic, Art Pop",1,270571,4.509516666666666
2026-05-10,Indie Pop,"Canción de Autor, Art Pop",1,248918,4.148633333333334
2026-05-10,Indie Rock,"Art Rock, Synth-Pop, Dance Rock",1,246600,4.11
2026-05-10,Alternative Rock,"Grunge, Psychedelic Rock",1,246307,4.1051166666666665
2026-05-10,Rock Argentino,"Alternative Rock, Electro-Rock, Pop Rock",4,240927,4.0154499999999995
2026-05-10,Indie Rock,"Post-Punk, Space Rock, Noise Pop",1,233587,3.893116666666667
2026-05-10,Rock Argentino,"Alternative Rock, Funk Rock, Hard Rock",1,225880,3.764666666666667
2026-05-10,Alternative Rock,"Funk Rock, Hard Rock",1,186148,3.1024666666666665
2026-05-10,Minimal Wave,"Post-Punk, Synth-Pop",1,183437,3.0572833333333334
2026-05-10,Rock Argentino,"Folk Rock, Progressive Rock",1,163667,2.7277833333333334
2026-05-10,Indie Pop,"R&B Urbano, Bedroom Pop",1,134426,2.2404333333333333
2026-05-10,Nueva Trova Cubana,"Trova, Canción de Autor",1,110558,1.8426333333333333
2026-05-10,Indie Folk,"Canción Latinoamericana, Avant-Garde Pop",1,49766,0.8294333333333334
2026-05-10,Indie Pop,"Indie Folk, Canción Pop / Canción Urbana",2,29936,0.49893333333333334
2026-05-10,Indie Folk,"Acoustic, Singer-Songwriter",1,27752,0.46253333333333335
2026-05-10,Techno,"Progressive House, Trance, Electronic",1,20179,0.33631666666666665
2026-05-10,Krautrock / Garage Rock,"Post-Punk, Psychedelic Rock",1,17920,0.2986666666666667
2026-05-10,Canción de Autor,"Rock de Cámara, Experimental Folk",1,14996,0.24993333333333334
2026-05-10,Reggae Fusion,"Dub, Ska",1,11992,0.19986666666666666
2026-05-10,Electro Cumbia,"Tropical Bass, Latin Alternative",1,10603,0.17671666666666666
2026-05-10,Canción de Autor,"Jazz Fusion, Folklore Fusion, Pop Rock",1,8484,0.1414
2026-05-10,MPB,"Bossa Nova, Jazz Vocal",1,7630,0.12716666666666668
2026-05-10,Rock Argentino,"Art Rock, Alternative Rock, Electronic Fusion",1,6052,0.10086666666666666
2026-05-10,Alternative Hip-Hop,"Rap Rock, Urbano Latino, Fusion",1,5590,0.09316666666666666
2026-05-10,Progressive Rock,"Psychedelic Rock, Art Rock",1,4352,0.07253333333333334
2026-05-10,Synth-Pop,"New Wave, Pop Rock",1,1559,0.025983333333333334
2026-05-11,Indie / Unmapped,Alternative / Various,1,1194,0.0199
2026-05-12,Indie / Unmapped,Alternative / Various,1,6377,0.10628333333333333
2026-05-13,Indie / Unmapped,Alternative / Various,3,213320,3.5553333333333335
2026-05-13,Rock Argentino,"Art Rock, Jazz Rock, Folk Rock",1,96,0.0016
2026-05-14,Latin Alternative,"Flamenco Pop, Urbano Latino, Rumba",1,442,0.007366666666666666
2026-05-15,Indie / Unmapped,Alternative / Various,3,452556,7.542599999999999
2026-05-15,Indie Rock,"Jangle Pop, Bedroom Pop, Psychedelic Pop",1,110173,1.8362166666666666
2026-05-16,Indie / Unmapped,Alternative / Various,2,365603,6.093383333333334
2026-05-16,Indie Rock,"Jangle Pop, Bedroom Pop, Psychedelic Pop",3,141578,2.3596333333333335
2026-05-17,Indie / Unmapped,Alternative / Various,19,1360271,22.67118333333333
2026-05-17,Rock Argentino,"Pop Rock, New Wave, Progressive Rock",1,281933,4.698883333333334
2026-05-17,Folk,"Singer-Songwriter, Vocal Jazz",1,214240,3.570666666666667
2026-05-17,Indie Rock,"Post-Punk, Space Rock, Noise Pop",1,181920,3.032
2026-05-17,Nueva Trova Cubana,"Trova, Canción de Autor",1,18547,0.30911666666666665
2026-05-17,Folk Latinoamericano,"Bolero, Son Jarocho, Canción de Autor",1,2148,0.0358
2026-05-18,Indie / Unmapped,Alternative / Various,1,795,0.01325
2026-05-18,Rock Argentino,"Pop Rock, Piano Rock",1,49,0.0008166666666666667
2026-05-19,Indie / Unmapped,Alternative / Various,1,72,0.0012
2026-05-20,Rock Argentino,"Pop Rock, New Wave, Progressive Rock",1,62329,1.0388166666666667
2026-05-21,Indie / Unmapped,Alternative / Various,2,2345,0.03908333333333333
2026-05-22,Indie / Unmapped,Alternative / Various,18,3181664,53.02773333333333
2026-05-22,Rock Argentino,"Pop Rock, Piano Rock",8,1959302,32.655033333333336
2026-05-22,Indie Rock,"Art Rock, Synth-Pop, Dance Rock",2,305817,5.0969500000000005
2026-05-22,Pop Rock,"Funk Pop, Electro Funk",1,280,0.004666666666666667
2026-05-22,Hyperpop,"Dance-Pop, Synth-Pop, Electronic",1,0,0.0
2026-05-23,Indie Rock,"Art Rock, Synth-Pop, Dance Rock",42,7419943,123.66571666666667
2026-05-23,Indie / Unmapped,Alternative / Various,7,1324472,22.07453333333333
2026-05-23,Latin Alternative,"Flamenco Pop, Urbano Latino, Rumba",1,198493,3.3082166666666666
2026-05-23,Alternative Rock,"Funk Rock, Hard Rock",1,40109,0.6684833333333333
2026-05-23,Electro-Tropical,"French Touch, Downtempo, House",1,31898,0.5316333333333333
2026-05-23,Canción de Autor,"Folktronica, Indie Folk",1,13208,0.22013333333333332
2026-05-23,Hyperpop,"Dance-Pop, Synth-Pop, Electronic",3,2380,0.03966666666666667
2026-05-24,Indie / Unmapped,Alternative / Various,7,1019664,16.994400000000002
2026-05-24,Indie Rock,"Post-Punk, Space Rock, Noise Pop",2,667939,11.132316666666666
2026-05-24,Techno,"Progressive House, Trance, Electronic",1,456480,7.608
2026-05-24,Rock Argentino,"Murga Rock, Candombe Rock, Blues Rock",1,343293,5.72155
2026-05-24,Hard Rock,"Blues Rock, Folk Rock, Heavy Metal Primigenio",1,337110,5.6185
2026-05-24,Rock en Español,"Latin Alternative, Experimental Rock",2,308070,5.1345
2026-05-24,Rock Argentino,"Pop Rock, New Wave, Progressive Rock",1,301200,5.02
2026-05-24,Rock Argentino,"Alternative Rock, Electro-Rock, Pop Rock",2,248550,4.1425
2026-05-24,Latin Fusion,"Indie Pop, Funk, Ska, Candombe Rock",1,240300,4.005
2026-05-24,MPB,"Bossa Nova, Jazz Vocal",1,214004,3.5667333333333335
2026-05-24,Canción de Autor,"Indie Pop, Folk Latinoamericano",1,212575,3.5429166666666667
2026-05-24,Indie Pop,"Indie Folk, Canción Pop / Canción Urbana",1,210764,3.5127333333333333
2026-05-24,Rock Argentino,"Reggae Rock, Post-Punk",1,210027,3.50045
2026-05-24,Electro-Pop,"Synth-Pop, Dance-Pop",1,203355,3.38925
2026-05-24,Indie Tropical,"Cumbia Pop, Funk Latino, Indie Rock",1,169413,2.82355
2026-05-24,Neo-Soul,"Bedroom Pop, R&B, Reggaeton Pop",1,160191,2.66985
2026-05-24,Nuevo Flamenco,"Latin Alternative, Bolero Fusion, Experimental Pop",1,155436,2.5906
2026-05-24,Urbano Latino,"Hip-Hop, Funk Carioca, Boom Bap, Trap",1,154956,2.5826
2026-05-24,Reggae,Roots Reggae,1,145773,2.42955
2026-05-24,Rock Argentino,"Progressive Rock, Art Pop, Symphonic Rock",1,125733,2.09555
2026-05-24,Indie Rock,"Jangle Pop, Bedroom Pop, Psychedelic Pop",1,110173,1.8362166666666666
2026-05-24,Rock Argentino,"Art Rock, Alternative Rock, Electronic Fusion",2,28503,0.47505
2026-05-24,Candombe Beat,"MPB Uruguay, Psych Folk",1,13053,0.21755
2026-05-24,Urbano Latino,"Reggaeton, Trap Latino, Synth-Pop, Mambo",1,4190,0.06983333333333333
2026-05-24,Rock Argentino,"Pop Rock, Piano Rock",1,2990,0.049833333333333334
2026-05-24,Canción de Autor,"Rock de Cámara, Experimental Folk",1,1997,0.03328333333333333
2026-05-25,Indie / Unmapped,Alternative / Various,10,1446961,24.116016666666667
2026-05-25,Canción de Autor,"Indie Folk, Canción Platense",7,309030,5.1505
2026-05-25,Rock Alternativo,"Experimental Folk, Post-Punk",1,304536,5.0756
2026-05-25,Rock Uruguayo,"Ska Rock, Punk Rock",1,260524,4.342066666666667
2026-05-25,Folklore Argentino,"Canción Latinoamericana, Fusion Folk",1,206621,3.4436833333333334
2026-05-25,Rock Latino,"Folk Rock, Progressive Rock",1,182661,3.04435
2026-05-25,Urbano Latino,"Hip-Hop, Funk Carioca, Boom Bap, Trap",1,167443,2.7907166666666665
2026-05-25,Indie Rock,"Jangle Pop, Bedroom Pop, Psychedelic Pop",1,110173,1.8362166666666666
2026-05-25,Freak Folk,"Indie Folk, Psych Folk",1,38606,0.6434333333333333
2026-05-25,Rock Argentino,"Progressive Rock, Art Pop, Symphonic Rock",1,21774,0.3629
2026-05-25,MPB Latino / Fusion,"Funk, Candombe Fusion, Pop Experimental",1,8966,0.14943333333333333
2026-05-25,Folk,"Singer-Songwriter, Vocal Jazz",1,2039,0.03398333333333333
2026-05-25,Indie Rock,"Experimental, Dream Pop, Lo-Fi",1,1703,0.028383333333333333
2026-05-25,Rock Argentino,"Pop Rock, Piano Rock",1,1313,0.021883333333333334
2026-05-25,Urbano Latino,"Electro Funk, Alternative Trap, Hip-Hop",1,1143,0.01905
2026-05-25,French House,"Electronic, Synth-Pop, Nu-Disco",1,983,0.016383333333333333
2026-05-28,Indie Pop,"Canción de Autor, Art Pop",1,1438,0.023966666666666667
2026-05-29,Indie / Unmapped,Alternative / Various,8,1218970,20.316166666666668
2026-05-29,Rock Argentino,"Folk Rock, Progressive Rock",1,294733,4.912216666666667
2026-05-29,Urbano Latino,"Reggaeton, Trap Latino, Synth-Pop, Mambo",1,258299,4.304983333333333
2026-05-29,Rock Argentino,"Pop Rock, Piano Rock",1,257653,4.294216666666666
2026-05-29,Rock Argentino,"Hard Rock, Blues Rock, Proto-Punk, Folk Progresivo",1,251510,4.191833333333333
2026-05-29,World Music,"Folk Latinoamericano, Acoustic Indie",1,218859,3.64765
2026-05-29,Dream Pop,"Shoegaze, Post-Punk, Etherial Wave",1,192467,3.2077833333333334
2026-05-29,Proto-Punk,"Art Rock, Garage Rock, Psychedelic Rock",1,175893,2.93155
2026-05-29,Indie Pop,"Synth-Pop, Bedroom Pop",1,166950,2.7825
2026-05-29,Indie Pop,"Dream Pop, Slowcore",1,165095,2.7515833333333335
2026-05-29,Candombe Beat,"MPB Uruguay, Psych Folk",1,144827,2.4137833333333334
2026-05-29,Rock Argentino,"Pop Rock, New Wave, Progressive Rock",1,4628,0.07713333333333333
2026-05-29,Indie Pop,"R&B Urbano, Bedroom Pop",1,1513,0.025216666666666665
2026-05-30,Indie / Unmapped,Alternative / Various,15,3170627,52.843783333333334
2026-05-30,Rock Alternativo,"Experimental Folk, Post-Punk",21,2908428,48.4738
2026-05-30,Rock Argentino,"Art Rock, Jazz Rock, Folk Rock",2,442040,7.367333333333334
2026-05-30,Canción de Autor,"Folktronica, Indie Folk",1,264919,4.415316666666667
2026-05-30,Indie Rock,"Post-Punk, Space Rock, Noise Pop",1,233587,3.893116666666667
2026-05-30,Electro Pop,"Synth-Pop, House",1,209246,3.487433333333333
2026-05-30,Rock Uruguayo,"Ska Rock, Punk Rock",1,205533,3.42555
2026-05-30,Nueva Trova Cubana,"Trova, Canción de Autor",1,201238,3.3539666666666665
2026-05-30,Rock Argentino,"Alternative Rock, Electro-Rock, Pop Rock",1,200624,3.3437333333333332
2026-05-30,Indie Rock,"Punk Folk, Experimental Rock",1,193012,3.2168666666666668
2026-05-30,Rock Argentino,"Reggae Rock, Post-Punk",1,188000,3.1333333333333333
2026-05-30,Indie Rock,"Art Rock, Synth-Pop, Dance Rock",1,186202,3.1033666666666666
2026-05-30,Urbano Latino,"Reggaeton, Trap Latino, Synth-Pop, Mambo",1,170972,2.8495333333333335
2026-05-30,Indie Pop,"Dream Pop, Slowcore",1,170326,2.838766666666667
2026-05-30,Proto-Punk,"Art Rock, Garage Rock, Psychedelic Rock",1,159000,2.65
2026-05-30,Indie Folk,"Acoustic, Singer-Songwriter",1,153413,2.5568833333333334
2026-05-30,Alternative Rock,"Funk Rock, Hard Rock",2,81008,1.3501333333333334
2026-05-30,Indie Rock,"Canción de Autor, Bedroom Pop",2,60333,1.00555
2026-05-30,Canción de Autor,"Jazz Fusion, Folklore Fusion, Pop Rock",1,8278,0.13796666666666665
2026-05-30,Rock Stone,"Blues Rock, Rock and Roll",1,7163,0.11938333333333333
2026-05-30,MPB,"Pop Brasileño, Acoustic Fusion",1,6076,0.10126666666666667
2026-05-30,Tropicalismo,"Psychedelic Rock, Garage Rock",1,1831,0.030516666666666668
2026-05-30,Folktronica,"Experimental Electronic, Art Pop",1,960,0.016
2026-05-31,Indie / Unmapped,Alternative / Various,39,5992517,99.87528333333333
2026-05-31,Indie Pop,"Indie Folk, Canción Pop / Canción Urbana",3,317997,5.29995
2026-05-31,MPB Latino / Fusion,"Funk, Candombe Fusion, Pop Experimental",1,284739,4.74565
2026-05-31,Folktronica,"Experimental Electronic, Art Pop",1,270571,4.509516666666666
2026-05-31,Nuevo Flamenco,"Latin Alternative, Bolero Fusion, Experimental Pop",1,246298,4.104966666666667
2026-05-31,Classic Rock,"Garage Rock, Folk Rock, Proto-Punk",1,201022,3.3503666666666665
2026-05-31,Canción de Autor,"Indie Folk, Canción Platense",1,198140,3.3023333333333333
2026-05-31,Canción de Autor,"Rock de Cámara, Experimental Folk",1,196653,3.27755
2026-05-31,Rock Argentino,"Pop Rock, New Wave, Progressive Rock",1,188507,3.141783333333333
2026-05-31,Synth-Pop,"New Wave, Pop Rock",1,187915,3.1319166666666667
2026-05-31,Indie Rock,"Jangle Pop, Bedroom Pop, Psychedelic Pop",3,187797,3.12995
2026-05-31,Canción de Autor,"Jazz Fusion, Folklore Fusion, Pop Rock",3,136476,2.2746
2026-05-31,Pop Rock,"Funk Pop, Electro Funk",1,93076,1.5512666666666666
2026-05-31,Indie Rock,"Art Rock, Alternative Rock",2,27817,0.4636166666666667
2026-05-31,Indie Pop,"Canción de Autor, Art Pop",1,25618,0.42696666666666666
2026-05-31,Reggae,Roots Reggae,1,21799,0.3633166666666667
2026-05-31,Electro Cumbia,"Tropical Bass, Latin Alternative",1,6653,0.11088333333333333
2026-05-31,Power Trio / Rock,"Hard Rock, Funk Rock, Fusion",1,3255,0.05425
2026-05-31,Indie Folk,"Americana, Acoustic",1,3129,0.05215
2026-05-31,Alternative Hip-Hop,"Rap Rock, Urbano Latino, Fusion",1,2780,0.04633333333333333
2026-05-31,Rock Argentino,"Folk Rock, Progressive Rock",1,2771,0.04618333333333333
2026-05-31,Indie Folk,"Canción Latinoamericana, Avant-Garde Pop",1,1672,0.027866666666666668
2026-06-02,Latin Fusion,"Indie Pop, Funk, Ska, Candombe Rock",1,28991,0.48318333333333335
2026-06-02,Canción de Autor,"Candombe Beat, Folk Uruguayo",1,748,0.012466666666666666
2026-06-02,Hyperpop,"Dance-Pop, Synth-Pop, Electronic",1,0,0.0
2026-06-03,Proto-Punk,"Art Rock, Garage Rock, Psychedelic Rock",1,90,0.0015
2026-06-04,Canción de Autor,"Rock de Cámara, Experimental Folk",3,329025,5.48375
2026-06-04,Indie / Unmapped,Alternative / Various,1,33367,0.5561166666666667
2026-06-04,Latin Fusion,"Indie Pop, Funk, Ska, Candombe Rock",2,2114,0.03523333333333333
2026-06-04,Rock Argentino,"Pop Rock, New Wave, Progressive Rock",1,872,0.014533333333333334
2026-06-05,Indie / Unmapped,Alternative / Various,19,3858903,64.31505
2026-06-05,Rock Argentino,"Hard Rock, Art Rock",11,2784019,46.40031666666667
2026-06-05,Rock Argentino,"Post-Punk, Hard Rock",10,2144174,35.73623333333333
2026-06-05,Rock Argentino,"Murga Rock, Candombe Rock, Blues Rock",3,934320,15.572000000000001
2026-06-05,Rock Argentino,"Latin Rock, Ska Rock, Cumbia Rock",2,521560,8.692666666666668
2026-06-05,Rock Latino,"Folk Rock, Progressive Rock",2,489986,8.166433333333334
2026-06-05,Rock Argentino,"Pop Rock, New Wave, Progressive Rock",1,223173,3.71955
2026-06-05,Rock Stone,"Blues Rock, Rock and Roll",2,208955,3.4825833333333334
2026-06-05,Rock Argentino,"Art Rock, Jazz Rock, Folk Rock",1,202507,3.3751166666666665
2026-06-05,Nueva Trova Cubana,"Trova, Canción de Autor",1,15520,0.25866666666666666
2026-06-06,Indie / Unmapped,Alternative / Various,23,3594892,59.91486666666667
2026-06-06,Rock Argentino,"Post-Punk, Hard Rock",18,2804639,46.74398333333333
2026-06-06,Rock Argentino,"Hard Rock, Art Rock",15,2656208,44.270133333333334
2026-06-06,Indie Tropical,"Cumbia Pop, Funk Latino, Indie Rock",3,611000,10.183333333333334
2026-06-06,Latin Fusion,"Indie Pop, Funk, Ska, Candombe Rock",2,453540,7.558999999999999
2026-06-06,Indie Rock,"Jangle Pop, Bedroom Pop, Psychedelic Pop",2,372433,6.207216666666667
2026-06-06,Indie Pop / Synth-Pop,"Folk-Pop, Chamber Pop",2,282125,4.7020833333333325
2026-06-06,Alternative Rock,"Funk Rock, Hard Rock",1,280933,4.682216666666666
2026-06-06,Rock Argentino,"Murga Rock, Candombe Rock, Blues Rock",2,263467,4.391116666666667
2026-06-06,Rock Alternativo,"Experimental Folk, Post-Punk",1,257701,4.295016666666666
2026-06-06,Pop Rock,"Synth-Pop, Electro Pop",1,236120,3.9353333333333333
2026-06-06,Pop Rock,"Britpop Argentino, New Wave",1,224293,3.7382166666666667
2026-06-06,Urbano Latino,"Alternative Hip-Hop, Industrial Rap, Post-Punk",1,221670,3.6945
2026-06-06,Rock Latino,"Folk Rock, Progressive Rock",1,214952,3.582533333333333
2026-06-06,Indie Rock,"Post-Punk, Space Rock, Noise Pop",1,181920,3.032
2026-06-06,Neo-Soul,"R&B, Funk Calmo",1,85350,1.4225
2026-06-06,Rock Stone,"Blues Rock, Rock and Roll",1,72734,1.2122333333333333
2026-06-06,Rock Argentino,"Alternative Rock, Electro-Rock, Pop Rock",1,45789,0.76315
2026-06-06,Nuevo Flamenco,"Latin Alternative, Bolero Fusion, Experimental Pop",1,27501,0.45835
2026-06-06,Rock Argentino,"Art Rock, Jazz Rock, Folk Rock",1,20774,0.34623333333333334
2026-06-06,World Music,"Folk Latinoamericano, Acoustic Indie",1,17311,0.28851666666666664
2026-06-06,Rock Argentino,"Pop Rock, Piano Rock",3,4682,0.07803333333333333
2026-06-06,Rock Argentino,"Hard Rock, Blues Rock, Proto-Punk, Folk Progresivo",1,600,0.01
2026-06-07,Indie Rock,"Art Rock, Alternative Rock",1,8402,0.14003333333333334
2026-06-07,Rock Argentino,"Post-Punk, Hard Rock",1,4200,0.07
2026-06-07,Rock Argentino,"Reggae Rock, Post-Punk",1,3915,0.06525
2026-06-07,Rock Argentino,"Pop Rock, Piano Rock",1,9,0.00015
2026-06-08,Indie / Unmapped,Alternative / Various,13,2049858,34.1643
2026-06-08,Rock Argentino,"Post-Punk, Hard Rock",8,1661667,27.69445
2026-06-08,Rock Argentino,"Hard Rock, Art Rock",6,1100995,18.349916666666665
2026-06-08,Rock Stone,"Blues Rock, Rock and Roll",3,774254,12.904233333333334
2026-06-08,Rock Argentino,"Latin Rock, Ska Rock, Cumbia Rock",1,321640,5.360666666666667
2026-06-08,Rock Argentino,"Murga Rock, Candombe Rock, Blues Rock",1,316773,5.27955
2026-06-08,Indie Rock,"Experimental, Dream Pop, Lo-Fi",1,294307,4.905116666666666
2026-06-08,Rock Argentino,"Alternative Rock, Electro-Rock, Pop Rock",1,251760,4.196
2026-06-08,MPB Latino / Fusion,"Funk, Candombe Fusion, Pop Experimental",1,183840,3.064
2026-06-08,Canción de Autor,"Indie Pop, Folk Latinoamericano",1,30402,0.5067
2026-06-08,Urbano Latino,"Alternative Hip-Hop, Industrial Rap, Post-Punk",1,12427,0.20711666666666667
2026-06-08,Indie Rock,"Art Rock, Synth-Pop, Dance Rock",1,76,0.0012666666666666666
2026-06-09,Rock Argentino,"Post-Punk, Hard Rock",16,4084776,68.0796
2026-06-09,Indie / Unmapped,Alternative / Various,11,2892901,48.21501666666666
2026-06-09,Rock Argentino,"Hard Rock, Art Rock",10,2599758,43.3293
2026-06-09,Rock Stone,"Blues Rock, Rock and Roll",9,1969639,32.82731666666667
2026-06-09,Rock Argentino,"Latin Rock, Ska Rock, Cumbia Rock",7,1952733,32.54555
2026-06-09,Rock Argentino,"Pop Rock, Piano Rock",7,1924293,32.07155
2026-06-09,Rock Argentino,"Hard Rock, Heavy Blues",5,1445879,24.09798333333333
2026-06-09,Rock Argentino,"Hard Rock, Funk Rock, Folklore Rock",4,924628,15.410466666666666
2026-06-09,Nuevo Flamenco,"Latin Alternative, Bolero Fusion, Experimental Pop",1,177,0.00295
2026-06-10,Indie / Unmapped,Alternative / Various,35,6409153,106.81921666666666
2026-06-10,Rock Argentino,"Post-Punk, Hard Rock",6,937970,15.632833333333334
2026-06-10,Synth-Pop,"New Wave, Pop Rock",3,623660,10.394333333333332
2026-06-10,Indie Rock,"Jangle Pop, Bedroom Pop, Psychedelic Pop",2,613459,10.224316666666667
2026-06-10,Indie Rock,"Post-Punk, Space Rock, Noise Pop",3,545452,9.090866666666667
2026-06-10,Rock Argentino,"Hard Rock, Art Rock",3,520807,8.680116666666667
2026-06-10,Indie Pop,"Canción de Autor, Art Pop",2,438536,7.308933333333333
2026-06-10,Alternative Rock,"Funk Rock, Hard Rock",2,434788,7.246466666666667
2026-06-10,Canción de Autor,"Rock de Cámara, Experimental Folk",2,410626,6.843766666666667
2026-06-10,Rock Argentino,"Hard Rock, Blues Rock, Proto-Punk, Folk Progresivo",1,311560,5.192666666666667
2026-06-10,Tropicalismo,"Psychedelic Rock, Garage Rock",1,284987,4.749783333333333
2026-06-10,Indie Rock,"Lo-Fi, Alternative Rock",1,280313,4.671883333333334
2026-06-10,Rock en Español,"Latin Alternative, Experimental Rock",1,278573,4.642883333333334
2026-06-10,World Music,"Folk Latinoamericano, Acoustic Indie",1,269271,4.48785
2026-06-10,Freak Folk,"Indie Folk, Psych Folk",2,243090,4.0515
2026-06-10,Indie Tropical,"Cumbia Pop, Funk Latino, Indie Rock",1,241083,4.01805
2026-06-10,Canción de Autor,"Folktronica, Indie Folk",2,236877,3.94795
2026-06-10,Indie Pop,"Jangle Pop, Post-Punk",1,236667,3.94445
2026-06-10,Folk Latinoamericano,"Bolero, Son Jarocho, Canción de Autor",1,233800,3.8966666666666665
2026-06-10,Alternative R&B,"Bedroom Pop, Funk, Indie Rock",1,232115,3.8685833333333335
2026-06-10,Rock Latino,"Folk Rock, Progressive Rock",1,231923,3.8653833333333334
2026-06-10,Canción de Autor,"Indie Pop, Folk Latinoamericano",1,212575,3.5429166666666667
2026-06-10,Rock Argentino,"Alternative Rock, Electro-Rock, Pop Rock",1,148810,2.480166666666667
2026-06-10,Rock Argentino,"Pop Rock, Piano Rock",1,71520,1.192
2026-06-10,Hip-Hop,"Latin Rap, Chicano Rap, East Coast Hip-Hop",1,38350,0.6391666666666667
2026-06-10,Proto-Punk,"Art Rock, Garage Rock, Psychedelic Rock",1,18870,0.3145
2026-06-10,Grunge,"Alternative Rock, Classic Rock Revival",1,16650,0.2775
2026-06-10,Lo-Fi House,"Electronic, Chillwave",1,16150,0.26916666666666667
2026-06-10,Alternative Rock,"Grunge, Psychedelic Rock",1,15260,0.25433333333333336
2026-06-10,Latin Fusion,"Indie Pop, Funk, Ska, Candombe Rock",3,4593,0.07654999999999999
2026-06-10,Tango Canción,"Tango Fusion, Rock de Cámara",1,82,0.0013666666666666666
2026-06-11,Indie / Unmapped,Alternative / Various,3,439116,7.3186
2026-06-11,Indie Pop,"Dream Pop, Slowcore",1,52960,0.8826666666666667
2026-06-11,Indie Pop,"R&B Urbano, Bedroom Pop",1,21631,0.36051666666666665
2026-06-11,Latin Fusion,"Indie Pop, Funk, Ska, Candombe Rock",2,0,0.0
2026-06-12,Indie / Unmapped,Alternative / Various,6,803468,13.391133333333334
2026-06-12,Rock Argentino,"Post-Punk, Hard Rock",2,496133,8.268883333333333
2026-06-12,Indie Pop,"Indie Folk, Canción Pop / Canción Urbana",1,46950,0.7825
2026-06-13,Indie / Unmapped,Alternative / Various,24,3879271,64.65451666666667
2026-06-13,Indie Rock,"Art Rock, Synth-Pop, Dance Rock",9,1530961,25.516016666666665
2026-06-13,Rock Argentino,"Post-Punk, Hard Rock",3,584400,9.74
2026-06-13,Power Trio / Rock,"Hard Rock, Funk Rock, Fusion",1,395067,6.58445
2026-06-13,Indie Tropical,"Cumbia Pop, Funk Latino, Indie Rock",1,259915,4.331916666666666
2026-06-13,Rock Argentino,"Hard Rock, Art Rock",1,259000,4.316666666666666
2026-06-13,Nuevo Flamenco,"Latin Alternative, Bolero Fusion, Experimental Pop",1,246298,4.104966666666667
2026-06-13,Nueva Trova Cubana,"Trova, Canción de Autor",1,225984,3.7664
2026-06-13,Classic Rock,"Singer-Songwriter, Pop Rock",1,190565,3.176083333333333
2026-06-13,Rock Argentino,"Hard Rock, Heavy Blues",1,179583,2.99305
2026-06-13,Alternative Hip-Hop,"Rap Rock, Urbano Latino, Fusion",1,157750,2.629166666666667
2026-06-13,Latin Fusion,"Indie Pop, Funk, Ska, Candombe Rock",1,89992,1.4998666666666667
2026-06-13,Rock Stone,"Blues Rock, Rock and Roll",1,78870,1.3145
2026-06-13,Folk Latinoamericano,"Bolero, Son Jarocho, Canción de Autor",1,40824,0.6804
2026-06-13,Urbano Latino,"Hip-Hop, Funk Carioca, Boom Bap, Trap",5,24275,0.40458333333333335
2026-06-14,Indie / Unmapped,Alternative / Various,46,7004671,116.74451666666667
2026-06-14,Indie Rock,"Post-Punk, Space Rock, Noise Pop",2,363840,6.064
2026-06-14,Rock Argentino,"Post-Punk, Hard Rock",2,302594,5.043233333333333
2026-06-14,Rock Argentino,"Pop Rock, New Wave, Progressive Rock",2,283311,4.721850000000001
2026-06-14,Folktronica,"Experimental Electronic, Art Pop",1,246839,4.1139833333333335
2026-06-14,Nueva Trova Cubana,"Trova, Canción de Autor",2,227795,3.7965833333333334
2026-06-14,Grunge,"Alternative Rock, Classic Rock Revival",1,214992,3.5832
2026-06-14,Folk,"Singer-Songwriter, Vocal Jazz",1,214240,3.570666666666667
2026-06-14,Folk Latinoamericano,"Bolero, Son Jarocho, Canción de Autor",2,202658,3.3776333333333337
2026-06-14,Indie Rock,"Jangle Pop, Bedroom Pop, Psychedelic Pop",1,190846,3.1807666666666665
2026-06-14,Indie Rock,"Alternative Rock, Garage Rock",1,183956,3.065933333333333
2026-06-14,Urbano Latino,"Reggaeton, Trap Latino, Synth-Pop, Mambo",1,156365,2.6060833333333333
2026-06-14,Latin Fusion,"Indie Pop, Funk, Ska, Candombe Rock",3,1551,0.025849999999999998
2026-06-14,Urbano Latino,"Hip-Hop, Funk Carioca, Boom Bap, Trap",1,419,0.006983333333333334
2026-06-16,Indie Rock,"Post-Punk, Space Rock, Noise Pop",1,788,0.013133333333333334
2026-06-17,Indie / Unmapped,Alternative / Various,13,1988256,33.1376
2026-06-17,Rock Argentino,"Hard Rock, Art Rock",8,1137517,18.958616666666664
2026-06-17,Grunge,"Alternative Rock, Classic Rock Revival",2,478460,7.974333333333334
2026-06-17,Alternative Rock,"Funk Rock, Hard Rock",1,280933,4.682216666666666
2026-06-17,Rock Argentino,"Pop Rock, New Wave, Progressive Rock",1,267653,4.460883333333333
2026-06-17,Canción de Autor,"Folktronica, Indie Folk",2,237052,3.9508666666666667
2026-06-17,Rock Argentino,"Hard Rock, Funk Rock, Folklore Rock",1,221513,3.691883333333333
2026-06-17,Canción de Autor,"Indie Folk, Canción Platense",1,180853,3.0142166666666665
2026-06-18,Latin Fusion,"Indie Pop, Funk, Ska, Candombe Rock",1,897,0.01495
2026-06-19,Indie / Unmapped,Alternative / Various,6,756908,12.615133333333334
2026-06-19,Rock Argentino,"Hard Rock, Art Rock",4,635889,10.59815
2026-06-19,Grunge,"Alternative Rock, Classic Rock Revival",1,240907,4.015116666666667
2026-06-19,Latin Fusion,"Indie Pop, Funk, Ska, Candombe Rock",1,262,0.004366666666666666
2026-06-20,Indie / Unmapped,Alternative / Various,31,5895434,98.25723333333333
2026-06-20,Indie Pop,"Canción de Autor, Art Pop",14,2417350,40.28916666666667
2026-06-20,Rock Argentino,"Post-Punk, Hard Rock",5,761779,12.696316666666666
2026-06-20,Rock Argentino,"Hard Rock, Art Rock",2,492106,8.201766666666666
2026-06-20,Rock Stone,"Blues Rock, Rock and Roll",1,337720,5.628666666666667
2026-06-20,Grunge,"Alternative Rock, Classic Rock Revival",1,240907,4.015116666666667
2026-06-20,Indie Rock,"Post-Punk, Space Rock, Noise Pop",1,181920,3.032
2026-06-20,Folk Latinoamericano,"Bolero, Son Jarocho, Canción de Autor",2,154131,2.56885
2026-06-21,Latin Fusion,"Indie Pop, Funk, Ska, Candombe Rock",61,9018588,150.3098
2026-06-21,Indie / Unmapped,Alternative / Various,27,5735333,95.58888333333333
2026-06-21,Rock Argentino,"Hard Rock, Art Rock",8,1242558,20.7093
2026-06-21,Indie Tropical,"Cumbia Pop, Funk Latino, Indie Rock",4,972792,16.2132
2026-06-21,Indie Rock,"Canción de Autor, Bedroom Pop",4,907900,15.131666666666668
2026-06-21,Rock Stone,"Blues Rock, Rock and Roll",3,681968,11.366133333333334
2026-06-21,Canción de Autor,"Indie Folk, Canción Platense",3,665177,11.086283333333334
2026-06-21,Rock Argentino,"Reggae Rock, Post-Punk",1,221463,3.69105
2026-06-21,Indie Pop,"Dream Pop, R&B Soul",1,209457,3.49095
2026-06-21,Indie Pop,"R&B Urbano, Bedroom Pop",1,205824,3.4304
2026-06-21,Indie Rock,"Art Rock, Synth-Pop, Dance Rock",2,162512,2.708533333333333
2026-06-21,Urbano Latino,"Hip-Hop, Funk Carioca, Boom Bap, Trap",1,0,0.0
2026-06-22,Latin Fusion,"Indie Pop, Funk, Ska, Candombe Rock",22,3973110,66.2185
2026-06-22,Rock Argentino,"Hard Rock, Art Rock",1,246053,4.100883333333333
2026-06-22,Grunge,"Alternative Rock, Classic Rock Revival",1,240906,4.0151
2026-06-22,Indie / Unmapped,Alternative / Various,1,52659,0.87765
2026-06-22,Electro-Tropical,"French Touch, Downtempo, House",1,28965,0.48275
2026-06-22,Indie Folk,"Americana, Acoustic",1,17993,0.29988333333333334
2026-06-22,Urbano Latino,"Hip-Hop, Funk Carioca, Boom Bap, Trap",2,0,0.0
2026-06-23,Folk Latinoamericano,"Bolero, Son Jarocho, Canción de Autor",1,220,0.0036666666666666666
2026-06-24,Rock Argentino,"Progressive Rock, Art Pop, Symphonic Rock",2,446603,7.443383333333333
2026-06-24,Indie / Unmapped,Alternative / Various,4,246601,4.110016666666667
2026-06-24,Folk,"Singer-Songwriter, Vocal Jazz",1,8800,0.14666666666666667
2026-06-25,Indie / Unmapped,Alternative / Various,1,4470,0.0745
2026-06-26,Rock Argentino,"Hard Rock, Art Rock",5,1280252,21.337533333333333
2026-06-26,Indie / Unmapped,Alternative / Various,8,634611,10.57685
2026-06-26,Rock Argentino,"Post-Punk, Hard Rock",3,622440,10.373999999999999
2026-06-26,Classic Rock,"Blues Rock, Roots Rock",1,278727,4.64545
2026-06-26,Rock Argentino,"Progressive Rock, Art Pop, Symphonic Rock",1,252918,4.2153
2026-06-26,Grunge,"Alternative Rock, Classic Rock Revival",1,240907,4.015116666666667
2026-06-26,Canción de Autor,"Indie Folk, Canción Platense",1,83982,1.3997
2026-06-26,Rock Stone,"Blues Rock, Rock and Roll",1,989,0.016483333333333332
2026-06-27,Indie / Unmapped,Alternative / Various,10,1704673,28.411216666666668
2026-06-27,Rock Argentino,"Hard Rock, Art Rock",7,1161744,19.3624
2026-06-27,Rock Argentino,"Progressive Rock, Art Pop, Symphonic Rock",6,903494,15.058233333333334
2026-06-27,Rock Stone,"Blues Rock, Rock and Roll",2,675440,11.257333333333333
2026-06-27,Classic Rock,"Blues Rock, Roots Rock",2,257624,4.293733333333333
2026-06-27,Grunge,"Alternative Rock, Classic Rock Revival",1,240907,4.015116666666667
2026-06-28,Indie / Unmapped,Alternative / Various,18,2443606,40.72676666666667
2026-06-28,Rock Argentino,"Hard Rock, Art Rock",12,2033019,33.88365
2026-06-28,Rock Argentino,"Progressive Rock, Art Pop, Symphonic Rock",8,1119855,18.66425
2026-06-28,Rock Argentino,"Post-Punk, Hard Rock",3,716600,11.943333333333333
2026-06-28,Grunge,"Alternative Rock, Classic Rock Revival",2,481814,8.030233333333333
2026-06-28,Indie Rock,"Lo-Fi, Noise Pop, Post-Punk",1,229843,3.8307166666666665
2026-06-28,Proto-Punk,"Art Rock, Garage Rock, Psychedelic Rock",1,159000,2.65
2026-06-28,Rock Argentino,"Alternative Rock, Electro-Rock, Pop Rock",1,25841,0.4306833333333333
2026-06-28,Rock Stone,"Blues Rock, Rock and Roll",1,10608,0.1768
2026-06-28,Rock Argentino,"Pop Rock, New Wave, Progressive Rock",1,1039,0.017316666666666668
2026-06-28,Latin Fusion,"Indie Pop, Funk, Ska, Candombe Rock",1,9,0.00015
2026-06-29,Rock Argentino,"Progressive Rock, Art Pop, Symphonic Rock",1,81292,1.3548666666666667
2026-06-29,Latin Fusion,"Indie Pop, Funk, Ska, Candombe Rock",1,0,0.0
2026-06-29,Urbano Latino,"Hip-Hop, Funk Carioca, Boom Bap, Trap",1,0,0.0
2026-06-30,Indie Tropical,"Cumbia Pop, Funk Latino, Indie Rock",1,14333,0.23888333333333334
2026-07-01,Rock Uruguayo,"Ska Rock, Punk Rock",1,148672,2.477866666666667
2026-07-01,Urbano Latino,"Hip-Hop, Funk Carioca, Boom Bap, Trap",2,13202,0.22003333333333333
2026-07-02,Indie / Unmapped,Alternative / Various,3,74378,1.2396333333333334
2026-07-02,Urbano Latino,"Hip-Hop, Funk Carioca, Boom Bap, Trap",2,0,0.0
2026-07-03,Indie / Unmapped,Alternative / Various,4,618821,10.313683333333334
2026-07-03,Rock Argentino,"Pop Rock, New Wave, Progressive Rock",1,267240,4.454
2026-07-03,Rock Argentino,"Alternative Rock, Electro-Rock, Pop Rock",1,216347,3.605783333333333
2026-07-03,Reggae,Roots Reggae,1,65,0.0010833333333333333
2026-07-04,Indie / Unmapped,Alternative / Various,71,11173088,186.21813333333333
2026-07-04,Rock Argentino,"Post-Punk, Hard Rock",12,2142872,35.714533333333335
2026-07-04,Rock Argentino,"Hard Rock, Art Rock",10,1905288,31.7548
2026-07-04,Grunge,"Alternative Rock, Classic Rock Revival",4,875331,14.58885
2026-07-04,Indie Rock,"Jangle Pop, Bedroom Pop, Psychedelic Pop",3,588852,9.8142
2026-07-04,Rock Argentino,"Progressive Rock, Art Pop, Symphonic Rock",2,517706,8.628433333333334
2026-07-04,Indie Rock,"Alternative Rock, Garage Rock",3,388842,6.4807
2026-07-04,Indie Rock,"Post-Punk, Space Rock, Noise Pop",2,363840,6.064
2026-07-04,Rock Argentino,"Murga Rock, Candombe Rock, Blues Rock",1,343293,5.72155
2026-07-04,Folktronica,"Experimental Electronic, Art Pop",1,270571,4.509516666666666
2026-07-04,Rock Alternativo,"Experimental Folk, Post-Punk",1,257701,4.295016666666666
2026-07-04,Neo-Soul,"Bedroom Pop, R&B, Reggaeton Pop",2,223784,3.7297333333333333
2026-07-04,Folk Latinoamericano,"Bolero, Son Jarocho, Canción de Autor",1,197987,3.2997833333333335
2026-07-04,Rock Argentino,"Reggae Rock, Post-Punk",1,191800,3.1966666666666668
2026-07-04,Rock Stone,"Blues Rock, Rock and Roll",1,30557,0.5092833333333333
2026-07-04,Indie Pop,"Indie Folk, Canción Pop / Canción Urbana",1,30003,0.50005
2026-07-04,Rock Latino,"Folk Rock, Progressive Rock",4,1730,0.028833333333333332
2026-07-05,Rock Argentino,"Progressive Rock, Art Pop, Symphonic Rock",4,961171,16.019516666666668
2026-07-05,Indie / Unmapped,Alternative / Various,7,886663,14.777716666666667
2026-07-05,Indie Rock,"Jangle Pop, Bedroom Pop, Psychedelic Pop",2,434506,7.241766666666667
2026-07-05,Rock Stone,"Blues Rock, Rock and Roll",1,337720,5.628666666666667
2026-07-05,Classic Rock,"Blues Rock, Roots Rock",1,336893,5.614883333333333
2026-07-05,Folk,"Singer-Songwriter, Vocal Jazz",2,243267,4.05445
2026-07-05,Rock Argentino,"Post-Punk, Hard Rock",2,228361,3.8060166666666664
2026-07-05,Rock Argentino,"Hard Rock, Art Rock",2,220166,3.6694333333333335
2026-07-05,Rock Latino,"Folk Rock, Progressive Rock",2,0,0.0
2026-07-06,Nuevo Flamenco,"Latin Alternative, Bolero Fusion, Experimental Pop",14,2074084,34.56806666666667
2026-07-06,Indie / Unmapped,Alternative / Various,2,4580,0.07633333333333334
2026-07-06,Rock Latino,"Folk Rock, Progressive Rock",3,355,0.005916666666666666
2026-07-06,Folk,"Singer-Songwriter, Vocal Jazz",1,124,0.0020666666666666667
2026-07-07,Nuevo Flamenco,"Latin Alternative, Bolero Fusion, Experimental Pop",1,95048,1.5841333333333334
2026-07-07,Indie / Unmapped,Alternative / Various,1,96,0.0016
2026-07-08,Rock Argentino,"Alternative Rock, Electro-Rock, Pop Rock",1,15308,0.2551333333333333
2026-07-09,Rock Argentino,"Post-Punk, Hard Rock",25,5356365,89.27275
2026-07-09,Indie / Unmapped,Alternative / Various,17,1271275,21.187916666666666
2026-07-09,Nuevo Flamenco,"Latin Alternative, Bolero Fusion, Experimental Pop",2,729314,12.155233333333333
2026-07-09,Indie Rock,"Jangle Pop, Bedroom Pop, Psychedelic Pop",1,190846,3.1807666666666665
2026-07-09,Neo-Psychedelia,"Indie Rock, Space Rock, Experimental",7,156801,2.6133499999999996
2026-07-09,Grunge,"Alternative Rock, Classic Rock Revival",1,42200,0.7033333333333334
2026-07-09,Folk,"Singer-Songwriter, Vocal Jazz",1,13580,0.22633333333333333
2026-07-09,Nueva Trova Cubana,"Trova, Canción de Autor",1,1497,0.02495
2026-07-10,Indie / Unmapped,Alternative / Various,3,649604,10.826733333333333
2026-07-10,Neo-Psychedelia,"Indie Rock, Space Rock, Experimental",2,265142,4.419033333333333
2026-07-10,Rock Argentino,"Art Rock, Jazz Rock, Folk Rock",1,22646,0.37743333333333334
2026-07-11,Rock Argentino,"Post-Punk, Hard Rock",54,11079783,184.66305
2026-07-11,Rock Argentino,"Hard Rock, Art Rock",5,1133902,18.898366666666668
2026-07-11,Indie / Unmapped,Alternative / Various,6,550114,9.168566666666667
2026-07-11,Neo-Psychedelia,"Indie Rock, Space Rock, Experimental",2,275194,4.586566666666666
2026-07-11,Latin Fusion,"Indie Pop, Funk, Ska, Candombe Rock",1,209604,3.4934
2026-07-11,Rock Stone,"Blues Rock, Rock and Roll",1,37084,0.6180666666666667
2026-07-11,Folklore Argentino,"Canción Latinoamericana, Fusion Folk",1,22795,0.3799166666666667
2026-07-11,Rock Argentino,"Progressive Rock, Art Pop, Symphonic Rock",1,21511,0.35851666666666665
2026-07-12,Indie / Unmapped,Alternative / Various,12,2691700,44.861666666666665
2026-07-12,Rock Argentino,"Post-Punk, Hard Rock",10,1570725,26.17875
2026-07-12,Rock Argentino,"Hard Rock, Art Rock",5,831662,13.861033333333333
2026-07-12,Nuevo Flamenco,"Latin Alternative, Bolero Fusion, Experimental Pop",1,364646,6.0774333333333335
2026-07-12,Grunge,"Alternative Rock, Classic Rock Revival",1,55671,0.92785
2026-07-12,Folk,"Singer-Songwriter, Vocal Jazz",1,29740,0.49566666666666664
2026-07-13,Indie Rock,"Jangle Pop, Bedroom Pop, Psychedelic Pop",1,48400,0.8066666666666666
2026-07-13,Indie / Unmapped,Alternative / Various,1,1600,0.02666666666666667
2026-07-13,Funk / Hip-Hop,"Latin Funk, Rap Rock, R&B",1,953,0.015883333333333333
2026-07-15,Rock Argentino,"Post-Punk, Hard Rock",7,1753080,29.218
2026-07-15,Rock Argentino,"Hard Rock, Art Rock",2,2598,0.043300000000000005
2026-07-18,Indie / Unmapped,Alternative / Various,3,481669,8.027816666666666
2026-07-18,Rock Argentino,"Post-Punk, Hard Rock",3,429141,7.15235
2026-07-18,Nuevo Flamenco,"Latin Alternative, Bolero Fusion, Experimental Pop",1,356299,5.938316666666666
2026-07-18,Rock Argentino,"Hard Rock, Art Rock",1,288531,4.80885
2026-07-19,Rock Argentino,"Post-Punk, Hard Rock",19,3141919,52.365316666666665
2026-07-19,Indie / Unmapped,Alternative / Various,15,2971607,49.526783333333334
2026-07-19,Rock Argentino,"Hard Rock, Art Rock",6,1607065,26.784416666666665
2026-07-19,Rock Argentino,"Murga Rock, Candombe Rock, Blues Rock",2,428681,7.144683333333333
2026-07-19,Folktronica,"Experimental Electronic, Art Pop",2,389522,6.4920333333333335
2026-07-19,Rock Argentino,"Reggae Rock, Post-Punk",2,369816,6.163600000000001
2026-07-19,Rock Argentino,"Latin Rock, Ska Rock, Cumbia Rock",2,319043,5.317383333333333
2026-07-19,Funk / Hip-Hop,"Latin Funk, Rap Rock, R&B",2,277922,4.632033333333333
2026-07-19,Rock Argentino,"Pop Rock, New Wave, Progressive Rock",1,251296,4.188266666666666
2026-07-19,Rock Argentino,"Art Rock, Alternative Rock, Electronic Fusion",1,248573,4.142883333333334
2026-07-19,Indie Rock,"Canción de Autor, Bedroom Pop",1,238512,3.9752
2026-07-19,Rock Latino,"Folk Rock, Progressive Rock",1,231923,3.8653833333333334
2026-07-19,Indie Folk,Canción Latinoamericana,1,191321,3.1886833333333335
2026-07-19,Rock Argentino,"Alternative Rock, Electro-Rock, Pop Rock",1,185173,3.0862166666666666
2026-07-19,Rock Argentino,"Pop Rock, Piano Rock",1,178230,2.9705
2026-07-19,Nueva Trova Cubana,"Trova, Canción de Autor",1,178132,2.9688666666666665
2026-07-19,Indie Rock,"Post-Punk, Space Rock, Noise Pop",1,131180,2.1863333333333332
2026-07-19,Grunge,"Alternative Rock, Classic Rock Revival",1,34422,0.5737
2026-07-19,Nuevo Flamenco,"Latin Alternative, Bolero Fusion, Experimental Pop",1,3214,0.053566666666666665
2026-07-19,Rock Argentino,"Hard Rock, Funk Rock, Folklore Rock",1,0,0.0
2026-07-21,Nuevo Flamenco,"Latin Alternative, Bolero Fusion, Experimental Pop",1,96040,1.6006666666666667
2026-07-21,Indie / Unmapped,Alternative / Various,1,10,0.00016666666666666666
2026-07-21,Rock Argentino,"Hard Rock, Funk Rock, Folklore Rock",1,0,0.0
2026-07-22,Nuevo Flamenco,"Latin Alternative, Bolero Fusion, Experimental Pop",6,1104817,18.413616666666666
2026-07-22,Indie / Unmapped,Alternative / Various,6,816444,13.6074
2026-07-22,Rock Argentino,"Post-Punk, Hard Rock",2,418133,6.968883333333333
2026-07-22,Neo-Soul,"Bedroom Pop, R&B, Reggaeton Pop",1,129343,2.1557166666666667
2026-07-22,Folk,"Singer-Songwriter, Vocal Jazz",1,1910,0.03183333333333333
2026-07-22,Rock Argentino,"Hard Rock, Funk Rock, Folklore Rock",2,32,0.0005333333333333334
2026-07-22,Rock Argentino,"Hard Rock, Art Rock",1,0,0.0
2026-07-23,Indie / Unmapped,Alternative / Various,8,955434,15.9239
2026-07-23,Indie Rock,"Experimental, Dream Pop, Lo-Fi",1,294307,4.905116666666666
2026-07-23,Indie Rock,"Jangle Pop, Bedroom Pop, Psychedelic Pop",1,190846,3.1807666666666665
2026-07-23,Grunge,"Alternative Rock, Classic Rock Revival",1,80907,1.34845
2026-07-23,Rock Argentino,"Hard Rock, Art Rock",1,7420,0.12366666666666666
2026-07-24,Neo-Psychedelia,"Indie Rock, Space Rock, Experimental",2,481191,8.01985
2026-07-24,Rock Argentino,"Post-Punk, Hard Rock",2,418133,6.968883333333333
2026-07-24,Indie / Unmapped,Alternative / Various,3,379777,6.3296166666666664
2026-07-24,Rock Argentino,"Hard Rock, Art Rock",2,9724,0.16206666666666666
2026-07-25,Indie / Unmapped,Alternative / Various,11,1805012,30.083533333333335
2026-07-25,Rock Argentino,"Hard Rock, Art Rock",3,534693,8.91155
2026-07-25,Grunge,"Alternative Rock, Classic Rock Revival",2,453989,7.566483333333333
2026-07-25,Nuevo Flamenco,"Latin Alternative, Bolero Fusion, Experimental Pop",1,326746,5.445766666666667
2026-07-25,Rock Argentino,"Post-Punk, Hard Rock",2,326533,5.442216666666667
2026-07-25,Folktronica,"Experimental Electronic, Art Pop",1,270571,4.509516666666666
2026-07-25,Rock Argentino,"Reggae Rock, Post-Punk",1,191800,3.1966666666666668
2026-07-25,Indie Rock,"Jangle Pop, Bedroom Pop, Psychedelic Pop",1,190846,3.1807666666666665
2026-07-26,Rock Argentino,"Pop Rock, New Wave, Progressive Rock",21,3208970,53.48283333333333
2026-07-26,Rock Argentino,"Post-Punk, Hard Rock",6,935773,15.596216666666667
2026-07-26,Indie / Unmapped,Alternative / Various,12,725340,12.089
2026-07-26,Neo-Psychedelia,"Indie Rock, Space Rock, Experimental",4,694430,11.573833333333333
2026-07-26,Nuevo Flamenco,"Latin Alternative, Bolero Fusion, Experimental Pop",1,290076,4.8346
2026-07-26,Rock Argentino,"Hard Rock, Art Rock",1,259000,4.316666666666666
2026-07-26,Folk,"Singer-Songwriter, Vocal Jazz",1,15451,0.25751666666666667
2026-07-26,Rock Argentino,"Progressive Rock, Art Pop, Symphonic Rock",1,6801,0.11335
2026-07-26,Classic Rock,"Blues Rock, Roots Rock",1,3177,0.05295
2026-07-26,Hyperpop,"Dance-Pop, Synth-Pop, Electronic",1,1240,0.020666666666666667
2026-07-27,Rock Argentino,"Post-Punk, Hard Rock",4,843253,14.054216666666667
2026-07-27,Indie / Unmapped,Alternative / Various,4,505918,8.431966666666668
2026-07-27,Neo-Psychedelia,"Indie Rock, Space Rock, Experimental",2,481191,8.01985
2026-07-27,Nuevo Flamenco,"Latin Alternative, Bolero Fusion, Experimental Pop",1,364657,6.077616666666667
2026-07-27,Folk,"Singer-Songwriter, Vocal Jazz",1,202307,3.371783333333333
2026-07-27,Hyperpop,"Dance-Pop, Synth-Pop, Electronic",1,122686,2.044766666666667
2026-07-27,Rock Argentino,"Hard Rock, Art Rock",1,0,0.0
2026-07-28,Indie / Unmapped,Alternative / Various,13,2150402,35.84003333333333
2026-07-28,Rock Argentino,"Hard Rock, Art Rock",5,1280252,21.337533333333333
2026-07-28,Rock Argentino,"Progressive Rock, Art Pop, Symphonic Rock",3,866714,14.445233333333334
2026-07-28,Rock Argentino,"Post-Punk, Hard Rock",5,758760,12.646
2026-07-28,Rock Stone,"Blues Rock, Rock and Roll",1,337720,5.628666666666667
2026-07-28,Classic Rock,"Blues Rock, Roots Rock",1,336893,5.614883333333333
2026-07-28,Grunge,"Alternative Rock, Classic Rock Revival",1,240907,4.015116666666667
2026-07-28,Hyperpop,"Dance-Pop, Synth-Pop, Electronic",1,131820,2.197
2026-07-29,Indie / Unmapped,Alternative / Various,20,5451010,90.85016666666667
2026-07-30,Indie / Unmapped,Alternative / Various,41,6533473,108.89121666666666
2026-07-30,Nuevo Flamenco,"Latin Alternative, Bolero Fusion, Experimental Pop",13,1505843,25.097383333333333
2026-07-30,Neo-Psychedelia,"Indie Rock, Space Rock, Experimental",2,419933,6.998883333333334
2026-07-30,Indie Rock,"Post-Punk, Space Rock, Noise Pop",2,415466,6.924433333333333
2026-07-30,Rock Argentino,"Post-Punk, Hard Rock",4,364994,6.083233333333333
2026-07-30,Rock Argentino,"Hard Rock, Art Rock",1,288640,4.810666666666667
2026-07-30,Rock Argentino,"Latin Rock, Ska Rock, Cumbia Rock",1,249933,4.16555
2026-07-30,Rock Argentino,"Murga Rock, Candombe Rock, Blues Rock",1,236612,3.9435333333333333
2026-07-30,Hyperpop,"Dance-Pop, Synth-Pop, Electronic",1,122686,2.044766666666667
2026-07-30,Pop Rock,"Funk Pop, Electro Funk",11,29492,0.4915333333333333
2026-07-30,Rock Argentino,"Pop Rock, New Wave, Progressive Rock",3,6577,0.10961666666666667
2026-07-30,Indie Rock,"Jangle Pop, Bedroom Pop, Psychedelic Pop",1,2289,0.03815
2026-07-30,Canción de Autor,"Rock de Cámara, Experimental Folk",1,908,0.015133333333333334
2026-07-30,Indie Rock,"Experimental, Dream Pop, Lo-Fi",1,452,0.007533333333333334
2026-07-31,Indie / Unmapped,Alternative / Various,16,2350410,39.173500000000004
2026-07-31,Indie Pop / Synth-Pop,"Folk-Pop, Chamber Pop",2,268930,4.482166666666667
2026-07-31,Hyperpop,"Dance-Pop, Synth-Pop, Electronic",1,54088,0.9014666666666666
2026-07-31,Pop Rock,"Funk Pop, Electro Funk",1,0,0.0
2026-08-01,Indie / Unmapped,Alternative / Various,6,816508,13.608466666666667
2026-08-01,Rock Argentino,"Hard Rock, Art Rock",1,17389,0.28981666666666667
2026-08-03,Indie / Unmapped,Alternative / Various,31,4000605,66.67675
2026-08-03,Rock Argentino,"Post-Punk, Hard Rock",8,1370988,22.849800000000002
2026-08-03,Nuevo Flamenco,"Latin Alternative, Bolero Fusion, Experimental Pop",11,839021,13.983683333333333
2026-08-03,Rock Argentino,"Hard Rock, Art Rock",3,709898,11.831633333333333
2026-08-03,Neo-Psychedelia,"Indie Rock, Space Rock, Experimental",2,481191,8.01985
2026-08-03,Indie Rock,"Experimental, Dream Pop, Lo-Fi",1,294307,4.905116666666666
2026-08-03,Grunge,"Alternative Rock, Classic Rock Revival",2,267638,4.460633333333333
2026-08-03,Rock Argentino,"Progressive Rock, Art Pop, Symphonic Rock",4,261276,4.3546000000000005
2026-08-03,Hyperpop,"Dance-Pop, Synth-Pop, Electronic",2,245372,4.089533333333334
2026-08-03,Folk,"Singer-Songwriter, Vocal Jazz",1,1623,0.02705
2026-08-03,Classic Rock,"Blues Rock, Roots Rock",1,1535,0.025583333333333333
2026-08-05,Indie / Unmapped,Alternative / Various,19,2603730,43.3955
2026-08-05,Neo-Psychedelia,"Indie Rock, Space Rock, Experimental",2,481191,8.01985
2026-08-05,Hyperpop,"Dance-Pop, Synth-Pop, Electronic",2,245372,4.089533333333334
2026-08-05,Rock Argentino,"Post-Punk, Hard Rock",2,216955,3.6159166666666662
2026-08-05,Nuevo Flamenco,"Latin Alternative, Bolero Fusion, Experimental Pop",1,113991,1.89985
2026-08-05,Rock Argentino,"Hard Rock, Art Rock",2,1777,0.029616666666666666
2026-08-06,Hyperpop,"Dance-Pop, Synth-Pop, Electronic",14,2176861,36.281016666666666
2026-08-06,Indie / Unmapped,Alternative / Various,18,1776400,29.606666666666666
2026-08-06,Rock Argentino,"Post-Punk, Hard Rock",3,627893,10.464883333333333
2026-08-06,Alternative Rock,"Shoegaze, Grunge, Indie Rock",1,340173,5.66955
2026-08-07,Hyperpop,"Dance-Pop, Synth-Pop, Electronic",34,3382988,56.38313333333333
2026-08-07,Indie / Unmapped,Alternative / Various,8,1207900,20.131666666666668
2026-08-07,Alternative Rock,"Shoegaze, Grunge, Indie Rock",1,259915,4.331916666666666
2026-08-07,Nuevo Flamenco,"Latin Alternative, Bolero Fusion, Experimental Pop",5,74433,1.24055
2026-08-08,Rock Argentino,"Pop Rock, New Wave, Progressive Rock",20,3428401,57.14001666666667
2026-08-08,Indie / Unmapped,Alternative / Various,18,3060122,51.00203333333333
2026-08-08,Rock Argentino,"Post-Punk, Hard Rock",5,1130040,18.834
2026-08-08,Rock Argentino,"Hard Rock, Art Rock",7,1085271,18.08785
2026-08-08,Rock Argentino,"Progressive Rock, Art Pop, Symphonic Rock",3,849739,14.162316666666666
2026-08-08,Rock Argentino,"Folk Rock, Progressive Rock",3,681227,11.353783333333332
2026-08-08,Rock Argentino,"Reggae Rock, Post-Punk",2,481747,8.029116666666667
2026-08-08,Rock Progresivo,"Symphonic Rock, Fusion",1,391013,6.516883333333333
2026-08-08,Indie Rock,"Post-Punk, Space Rock, Noise Pop",1,344000,5.733333333333333
2026-08-08,Indie Rock,"Punk Folk, Experimental Rock",1,248007,4.13345
2026-08-08,Rock Argentino,"Murga Rock, Candombe Rock, Blues Rock",1,241747,4.029116666666667
2026-08-08,Neo-Psychedelia,"Indie Rock, Space Rock, Experimental",2,225578,3.7596333333333334
2026-08-08,Rock Argentino,"Art Rock, Jazz Rock, Folk Rock",1,209893,3.4982166666666665
2026-08-08,Synth-Pop,"New Wave, Pop Rock",1,156307,2.6051166666666665
2026-08-08,Indie Pop,"Canción de Autor, Art Pop",1,140650,2.3441666666666667
2026-08-08,Rock Stone,"Blues Rock, Rock and Roll",1,76830,1.2805
2026-08-08,Art Pop,"Indie Folk, Bedroom Pop",1,62230,1.0371666666666666
2026-08-08,Canción de Autor,"Indie Folk, Canción Platense",1,41714,0.6952333333333334
2026-08-08,Indie Folk,"Acoustic, Singer-Songwriter",1,28088,0.46813333333333335
2026-08-08,Pop Rock,"Funk Pop, Electro Funk",2,18307,0.30511666666666665
2026-08-08,Rock Alternativo,"Experimental Folk, Post-Punk",1,499,0.008316666666666667
2026-08-09,Hyperpop,"Dance-Pop, Synth-Pop, Electronic",8,979225,16.320416666666667
2026-08-09,Indie / Unmapped,Alternative / Various,1,298556,4.975933333333334
2026-08-09,Rock Argentino,"Reggae Rock, Post-Punk",1,253467,4.22445
2026-08-09,Rock Latino,"Folk Rock, Progressive Rock",1,47642,0.7940333333333334
2026-08-09,Rock Argentino,"Hard Rock, Art Rock",1,0,0.0
2026-08-10,Hyperpop,"Dance-Pop, Synth-Pop, Electronic",4,400263,6.671049999999999
2026-08-11,Hyperpop,"Dance-Pop, Synth-Pop, Electronic",7,839423,13.990383333333334
2026-08-11,Indie / Unmapped,Alternative / Various,2,331767,5.529450000000001
2026-08-11,Neo-Psychedelia,"Indie Rock, Space Rock, Experimental",1,105276,1.7546
2026-08-11,Proto-Punk,"Art Rock, Garage Rock, Psychedelic Rock",1,9834,0.1639
2026-08-13,Hyperpop,"Dance-Pop, Synth-Pop, Electronic",13,2248174,37.469566666666665
2026-08-13,Indie / Unmapped,Alternative / Various,13,984404,16.40673333333333
2026-08-13,Art Pop,"Indie Folk, Bedroom Pop",1,209286,3.4881
2026-08-13,Rock Argentino,"Hard Rock, Art Rock",1,0,0.0
2026-08-14,Hyperpop,"Dance-Pop, Synth-Pop, Electronic",13,1431702,23.8617
2026-08-14,Indie / Unmapped,Alternative / Various,12,921131,15.352183333333334
2026-08-15,Indie / Unmapped,Alternative / Various,66,8970047,149.50078333333335
2026-08-15,Hyperpop,"Dance-Pop, Synth-Pop, Electronic",11,1936379,32.272983333333336
2026-08-15,Folktronica,"Experimental Electronic, Art Pop",4,948606,15.8101
2026-08-15,Indie Rock,"Jangle Pop, Bedroom Pop, Psychedelic Pop",4,583517,9.725283333333334
2026-08-15,Rock Argentino,"Folk Rock, Progressive Rock",2,541974,9.0329
2026-08-15,Nuevo Flamenco,"Latin Alternative, Bolero Fusion, Experimental Pop",2,373369,6.222816666666667
2026-08-15,Rock Stone,"Blues Rock, Rock and Roll",2,345640,5.760666666666666
2026-08-15,Indie Rock,"Art Rock, Alternative Rock",1,259000,4.316666666666666
2026-08-15,Rock Argentino,"Reggae Rock, Post-Punk",1,253467,4.22445
2026-08-15,Neo-Soul,"Bedroom Pop, R&B, Reggaeton Pop",1,222384,3.7064
2026-08-15,Grunge,"Alternative Rock, Classic Rock Revival",1,214992,3.5832
2026-08-15,Classic Rock,"Blues Rock, Roots Rock",1,189653,3.1608833333333335
2026-08-15,Indie Rock,"Alternative Rock, Garage Rock",1,183956,3.065933333333333
2026-08-15,Urbano Latino,"Alternative Hip-Hop, Industrial Rap, Post-Punk",1,30403,0.5067166666666667
2026-08-15,Tango Canción,"Tango Fusion, Rock de Cámara",1,14995,0.24991666666666668
2026-08-15,Candombe Beat,"MPB Uruguay, Psych Folk",1,12911,0.21518333333333334
2026-08-15,Rock Argentino,"Hard Rock, Art Rock",1,8327,0.13878333333333334
2026-08-15,Rock Argentino,"Hard Rock, Funk Rock, Folklore Rock",1,7070,0.11783333333333333
2026-08-16,Indie / Unmapped,Alternative / Various,27,4151629,69.19381666666666
2026-08-16,Indie Folk,"Canción Latinoamericana, Avant-Garde Pop",18,1800998,30.016633333333335
2026-08-16,Rock Argentino,"Post-Punk, Hard Rock",1,215360,3.5893333333333333
2026-08-16,Rock Argentino,"Progressive Rock, Art Pop, Symphonic Rock",1,39383,0.6563833333333333
2026-08-16,Progressive Rock,"Psychedelic Rock, Art Rock",1,39143,0.6523833333333333
2026-08-17,Indie Pop / Synth-Pop,"Folk-Pop, Chamber Pop",2,426107,7.101783333333334
2026-08-17,Indie / Unmapped,Alternative / Various,3,21540,0.359
2026-08-17,Indie Folk,"Canción Latinoamericana, Avant-Garde Pop",2,483,0.00805
2026-08-18,Indie / Unmapped,Alternative / Various,14,2920216,48.67026666666667
2026-08-18,Indie Pop / Synth-Pop,"Folk-Pop, Chamber Pop",5,861186,14.3531
2026-08-18,Art Pop,"Indie Folk, Bedroom Pop",1,120750,2.0125
2026-08-18,Indie Folk,"Canción Latinoamericana, Avant-Garde Pop",4,6719,0.11198333333333332
